"S-8cec59","A-3c1a3f","Enterprise","14","2786.00","33432.00","FALSE","FALSE","FALSE","TRUE","monthly","TRUE","2023-08","2023-12","2023-12-23","2024-04-12"
"S-0f6f44","A-9b9fe9","Pro","17","833.00","9996.00","FALSE","FALSE","FALSE","FALSE","monthly","TRUE","2023-10","2024-06","2024-06-11",\N
"S-51c0d1","A-659280","Enterprise","62","0.00","0.00","TRUE","TRUE","FALSE","FALSE","annual","FALSE","2023-11","2024-11","2024-11-25",\N
"S-f81687","A-e7a1e2","Enterprise","5","995.00","11940.00","FALSE","FALSE","FALSE","TRUE","monthly","TRUE","2024-07","2024-11","2024-11-23","2024-12-13"
"S-cff5a2","A-ba6516","Enterprise","27","5373.00","64476.00","FALSE","FALSE","FALSE","FALSE","monthly","TRUE","2024-01","2024-01","2024-01-10",\N
"S-4b9b13","A-fa2041","Pro","15","735.00","8820.00","FALSE","FALSE","FALSE","FALSE","monthly","TRUE","2024-06","2024-08","2024-08-13",\N
"S-dceac6","A-417d2f","Enterprise","4","796.00","9552.00","FALSE","FALSE","FALSE","FALSE","annual","TRUE","2023-07","2023-12","2023-12-30",\N
"S-8cad7b","A-5f2961","Basic","16","304.00","3648.00","FALSE","FALSE","FALSE","FALSE","annual","TRUE","2024-11","2024-12","2024-12-23",\N
"S-24796e","A-cc8c8f","Enterprise","23","4577.00","54924.00","FALSE","FALSE","FALSE","FALSE","annual","FALSE","2024-06","2024-11","2024-11-27",\N
"S-d0c344","A-80eeb6","Pro","22","1078.00","12936.00","FALSE","FALSE","FALSE","FALSE","annual","FALSE","2023-07","2024-10","2024-10-27",\N
"S-477506","A-f03140","Pro","27","1323.00","15876.00","FALSE","FALSE","FALSE","FALSE","annual","TRUE","2023-12","2024-02","2024-02-06",\N
"S-79a9e1","A-3a5ad8","Enterprise","22","0.00","0.00","TRUE","FALSE","FALSE","FALSE","annual","TRUE","2023-12","2024-12","2024-12-25",\N
"S-59dc4b","A-f17767","Pro","26","1274.00","15288.00","FALSE","TRUE","TRUE","FALSE","monthly","TRUE","2023-02","2023-09","2023-09-17",\N
"S-7acd8b","A-7920cc","Basic","39","741.00","8892.00","FALSE","FALSE","FALSE","FALSE","annual","TRUE","2023-11","2024-07","2024-07-17",\N
"S-428e9a","A-8ae3fc","Enterprise","88","0.00","0.00","TRUE","FALSE","FALSE","FALSE","monthly","TRUE","2024-07","2024-10","2024-10-12",\N
"S-486088","A-0cc442","Pro","45","2205.00","26460.00","FALSE","FALSE","FALSE","FALSE","monthly","TRUE","2024-07","2024-09","2024-09-18",\N
"S-13939b","A-86902e","Pro","34","0.00","0.00","TRUE","FALSE","FALSE","TRUE","monthly","TRUE","2023-07","2023-07","2023-07-21","2024-08-03"
"S-9333c5","A-ef84cf","Basic","8","152.00","1824.00","FALSE","FALSE","FALSE","TRUE","annual","FALSE","2024-03","2024-06","2024-06-06","2024-08-13"
"S-37e3ad","A-b30291","Basic","5","95.00","1140.00","FALSE","FALSE","FALSE","FALSE","monthly","TRUE","2024-04","2024-04","2024-04-25",\N
"S-b17d04","A-e19ff6","Pro","8","392.00","4704.00","FALSE","FALSE","FALSE","FALSE","monthly","TRUE","2023-08","2024-03","2024-03-06",\N
"S-c27134","A-dec005","Pro","21","0.00","0.00","TRUE","FALSE","FALSE","FALSE","monthly","TRUE","2023-10","2024-03","2024-03-31",\N
"S-3bd427","A-2e3bad","Basic","61","1159.00","13908.00","FALSE","FALSE","FALSE","TRUE","monthly","TRUE","2023-08","2024-12","2024-12-04","2024-12-27"
"S-82989b","A-f5641b","Basic","31","589.00","7068.00","FALSE","FALSE","FALSE","FALSE","monthly","TRUE","2024-04","2024-11","2024-11-30",\N
"S-082b15","A-aa9511","Enterprise","97","19303.00","231636.00","FALSE","FALSE","FALSE","FALSE","annual","TRUE","2023-10","2024-02","2024-02-09",\N
"S-434140","A-075038","Pro","17","833.00","9996.00","FALSE","FALSE","FALSE","FALSE","annual","TRUE","2023-07","2024-02","2024-02-25",\N
"S-c07ede","A-cea1f0","Pro","8","392.00","4704.00","FALSE","FALSE","FALSE","FALSE","annual","FALSE","2024-06","2024-10","2024-10-07",\N
"S-287914","A-a1b80b","Pro","16","784.00","9408.00","FALSE","FALSE","FALSE","FALSE","annual","TRUE","2024-03","2024-08","2024-08-15",\N
"S-b3bd43","A-b2225d","Pro","50","2450.00","29400.00","FALSE","FALSE","FALSE","FALSE","monthly","FALSE","2024-04","2024-11","2024-11-03",\N
"S-4c82da","A-b9eed8","Pro","11","539.00","6468.00","FALSE","FALSE","FALSE","FALSE","monthly","FALSE","2024-03","2024-08","2024-08-01",\N
"S-c75159","A-bcf87c","Enterprise","31","6169.00","74028.00","FALSE","FALSE","FALSE","TRUE","monthly","TRUE","2024-07","2024-08","2024-08-22","2024-09-28"
"S-b5643b","A-9f9299","Enterprise","28","5572.00","66864.00","FALSE","FALSE","FALSE","FALSE","annual","FALSE","2023-11","2024-06","2024-06-11",\N
"S-49a9aa","A-10b8f2","Basic","51","969.00","11628.00","FALSE","FALSE","FALSE","FALSE","annual","TRUE","2023-02","2023-06","2023-06-16",\N
"S-2877e6","A-95b24a","Enterprise","38","0.00","0.00","TRUE","TRUE","TRUE","FALSE","monthly","TRUE","2023-07","2024-06","2024-06-28",\N
"S-8c10c1","A-0651a4","Enterprise","65","12935.00","155220.00","FALSE","FALSE","FALSE","FALSE","annual","TRUE","2024-10","2024-12","2024-12-25",\N
"S-d7d398","A-fb186e","Enterprise","29","0.00","0.00","TRUE","FALSE","FALSE","FALSE","annual","TRUE","2024-11","2024-12","2024-12-28",\N
"S-ddad91","A-40906c","Enterprise","92","0.00","0.00","TRUE","FALSE","FALSE","FALSE","annual","FALSE","2024-05","2024-06","2024-06-21",\N
"S-6762fa","A-40a557","Enterprise","16","3184.00","38208.00","FALSE","FALSE","FALSE","FALSE","annual","TRUE","2024-01","2024-02","2024-02-12",\N
"S-bb1cf1","A-3a5ad8","Enterprise","9","0.00","0.00","TRUE","TRUE","FALSE","FALSE","monthly","FALSE","2023-12","2024-09","2024-09-07",\N
"S-a805a5","A-2789e3","Basic","33","627.00","7524.00","FALSE","FALSE","FALSE","FALSE","monthly","TRUE","2024-09","2024-09","2024-09-18",\N
"S-da0a69","A-49b828","Pro","6","294.00","3528.00","FALSE","FALSE","FALSE","FALSE","monthly","TRUE","2023-05","2023-05","2023-05-11",\N
"S-59c5d7","A-c16b88","Basic","35","665.00","7980.00","FALSE","TRUE","FALSE","FALSE","monthly","TRUE","2024-03","2024-10","2024-10-19",\N
"S-d3faae","A-5c9849","Basic","19","361.00","4332.00","FALSE","FALSE","FALSE","FALSE","monthly","TRUE","2024-11","2024-11","2024-11-12",\N
"S-73a4e4","A-993085","Pro","31","1519.00","18228.00","FALSE","FALSE","FALSE","FALSE","monthly","TRUE","2023-08","2024-09","2024-09-09",\N
"S-35c8a3","A-e4144b","Enterprise","41","8159.00","97908.00","FALSE","FALSE","FALSE","FALSE","annual","TRUE","2024-11","2024-12","2024-12-22",\N
"S-99fbf7","A-7dacce","Enterprise","12","2388.00","28656.00","FALSE","FALSE","FALSE","FALSE","annual","TRUE","2024-09","2024-09","2024-09-10",\N
"S-e97b9f","A-a0ca4e","Enterprise","12","2388.00","28656.00","FALSE","FALSE","FALSE","FALSE","annual","TRUE","2024-03","2024-03","2024-03-16",\N
"S-763d33","A-ef84cf","Basic","23","437.00","5244.00","FALSE","FALSE","TRUE","FALSE","annual","FALSE","2024-03","2024-07","2024-07-25",\N
"S-323782","A-7920cc","Basic","39","741.00","8892.00","FALSE","FALSE","FALSE","FALSE","monthly","TRUE","2023-11","2024-02","2024-02-22",\N
"S-1cff18","A-2789e3","Basic","11","209.00","2508.00","FALSE","FALSE","FALSE","FALSE","monthly","TRUE","2024-09","2024-10","2024-10-03",\N
"S-ad39ef","A-e40f45","Pro","21","0.00","0.00","TRUE","TRUE","FALSE","FALSE","annual","TRUE","2024-05","2024-08","2024-08-25",\N
"S-bf806d","A-7c5768","Basic","62","1178.00","14136.00","FALSE","FALSE","FALSE","FALSE","annual","TRUE","2024-03","2024-09","2024-09-21",\N
"S-36f6ec","A-ccb686","Pro","21","1029.00","12348.00","FALSE","TRUE","FALSE","FALSE","monthly","TRUE","2024-02","2024-08","2024-08-16",\N
"S-aff55c","A-bb2f49","Pro","8","0.00","0.00","TRUE","FALSE","FALSE","TRUE","monthly","TRUE","2023-06","2024-01","2024-01-14","2024-12-29"
"S-b9fc6c","A-2ebb4b","Basic","41","779.00","9348.00","FALSE","FALSE","FALSE","FALSE","annual","TRUE","2023-06","2023-06","2023-06-16",\N
"S-7f8cd8","A-53f4e3","Enterprise","20","3980.00","47760.00","FALSE","FALSE","FALSE","TRUE","monthly","TRUE","2024-06","2024-09","2024-09-18","2024-11-17"
"S-e912e6","A-a8d89d","Enterprise","78","15522.00","186264.00","FALSE","FALSE","FALSE","FALSE","monthly","TRUE","2023-12","2023-12","2023-12-12",\N
"S-fef85a","A-7f8241","Pro","34","1666.00","19992.00","FALSE","FALSE","FALSE","FALSE","annual","TRUE","2023-03","2024-08","2024-08-06",\N
"S-36d5c9","A-54ecc2","Enterprise","11","2189.00","26268.00","FALSE","FALSE","FALSE","FALSE","monthly","TRUE","2023-08","2023-09","2023-09-16",\N
"S-b9ff15","A-95b24a","Enterprise","43","8557.00","102684.00","FALSE","FALSE","FALSE","FALSE","annual","FALSE","2023-07","2024-01","2024-01-08",\N
"S-10bd09","A-bbc346","Basic","50","950.00","11400.00","FALSE","FALSE","FALSE","FALSE","annual","TRUE","2024-08","2024-09","2024-09-03",\N
"S-12bfc8","A-31ab9a","Enterprise","29","5771.00","69252.00","FALSE","FALSE","FALSE","FALSE","monthly","FALSE","2024-03","2024-12","2024-12-06",\N
"S-f5c472","A-faa28c","Basic","48","912.00","10944.00","FALSE","FALSE","FALSE","FALSE","monthly","TRUE","2024-02","2024-07","2024-07-09",\N
"S-dbc1ca","A-8adedc","Enterprise","14","2786.00","33432.00","FALSE","FALSE","FALSE","FALSE","annual","TRUE","2024-02","2024-04","2024-04-24",\N
"S-dc6dfd","A-e08cd3","Pro","67","3283.00","39396.00","FALSE","FALSE","FALSE","FALSE","monthly","TRUE","2024-09","2024-09","2024-09-30",\N
"S-b2d472","A-bcf87c","Enterprise","10","1990.00","23880.00","FALSE","FALSE","FALSE","TRUE","annual","FALSE","2024-07","2024-08","2024-08-27","2024-12-11"
"S-9dfce0","A-e6afc1","Pro","2","98.00","1176.00","FALSE","FALSE","FALSE","FALSE","annual","TRUE","2023-05","2024-08","2024-08-30",\N
"S-9cb6a7","A-7f29a7","Basic","41","779.00","9348.00","FALSE","FALSE","FALSE","FALSE","monthly","TRUE","2024-09","2024-12","2024-12-21",\N
"S-dabcd2","A-3ce5b8","Pro","28","0.00","0.00","TRUE","FALSE","FALSE","FALSE","monthly","TRUE","2023-12","2024-09","2024-09-22",\N
"S-8c3cc8","A-b2225d","Basic","47","0.00","0.00","TRUE","FALSE","FALSE","FALSE","monthly","TRUE","2024-04","2024-10","2024-10-17",\N
"S-2923fc","A-fa3095","Enterprise","70","13930.00","167160.00","FALSE","FALSE","FALSE","FALSE","annual","TRUE","2023-09","2024-07","2024-07-08",\N
"S-f0a2e5","A-55f257","Basic","23","0.00","0.00","TRUE","FALSE","FALSE","FALSE","annual","TRUE","2024-01","2024-06","2024-06-05",\N
"S-025bea","A-9affe6","Pro","17","833.00","9996.00","FALSE","TRUE","FALSE","FALSE","monthly","TRUE","2023-04","2024-06","2024-06-25",\N
"S-0e499f","A-296d7c","Pro","16","784.00","9408.00","FALSE","FALSE","FALSE","FALSE","annual","FALSE","2024-01","2024-08","2024-08-17",\N
"S-0267b7","A-65a46c","Enterprise","13","0.00","0.00","TRUE","FALSE","FALSE","TRUE","monthly","TRUE","2024-03","2024-10","2024-10-17","2024-12-04"
"S-b5b9a5","A-812c5b","Basic","55","1045.00","12540.00","FALSE","FALSE","FALSE","FALSE","monthly","TRUE","2024-04","2024-07","2024-07-25",\N
"S-8e45ba","A-7f8241","Basic","34","646.00","7752.00","FALSE","FALSE","FALSE","FALSE","annual","FALSE","2023-03","2023-12","2023-12-13",\N
"S-37ed34","A-d4ac0e","Enterprise","20","3980.00","47760.00","FALSE","FALSE","FALSE","FALSE","annual","TRUE","2024-05","2024-07","2024-07-07",\N
"S-65dbf3","A-17939a","Basic","36","684.00","8208.00","FALSE","FALSE","FALSE","FALSE","monthly","TRUE","2024-12","2024-12","2024-12-28",\N
"S-ce5450","A-0a282f","Pro","8","0.00","0.00","TRUE","FALSE","FALSE","TRUE","annual","TRUE","2024-08","2024-12","2024-12-25","2024-12-28"
"S-6c969d","A-855a48","Basic","14","266.00","3192.00","FALSE","FALSE","FALSE","FALSE","monthly","FALSE","2024-01","2024-05","2024-05-08",\N
"S-522aef","A-f3ff05","Pro","4","196.00","2352.00","FALSE","FALSE","FALSE","FALSE","annual","TRUE","2024-08","2024-08","2024-08-22",\N
"S-82db05","A-417d2f","Pro","26","1274.00","15288.00","FALSE","FALSE","FALSE","FALSE","monthly","TRUE","2023-07","2024-12","2024-12-09",\N
"S-162596","A-462d45","Pro","18","0.00","0.00","TRUE","FALSE","FALSE","FALSE","monthly","TRUE","2024-01","2024-02","2024-02-29",\N
"S-f703bd","A-202b67","Pro","11","539.00","6468.00","FALSE","FALSE","FALSE","FALSE","monthly","TRUE","2024-03","2024-09","2024-09-04",\N
"S-a1d6ad","A-eafc6e","Pro","27","1323.00","15876.00","FALSE","FALSE","FALSE","FALSE","monthly","TRUE","2023-08","2024-09","2024-09-01",\N
"S-8b1fc1","A-309e54","Basic","15","0.00","0.00","TRUE","FALSE","FALSE","FALSE","monthly","TRUE","2024-12","2024-12","2024-12-26",\N
"S-09cdac","A-82861f","Basic","41","779.00","9348.00","FALSE","FALSE","FALSE","TRUE","annual","TRUE","2024-05","2024-07","2024-07-31","2024-09-04"
"S-fa5301","A-ba6516","Pro","55","0.00","0.00","TRUE","FALSE","FALSE","FALSE","monthly","FALSE","2024-01","2024-03","2024-03-14",\N
"S-69937b","A-08e34e","Pro","14","686.00","8232.00","FALSE","FALSE","FALSE","FALSE","annual","FALSE","2024-07","2024-08","2024-08-08",\N
"S-f2537d","A-e43bf7","Pro","44","2156.00","25872.00","FALSE","FALSE","FALSE","FALSE","monthly","TRUE","2023-05","2024-01","2024-01-24",\N
"S-27f7b2","A-a1b80b","Basic","38","722.00","8664.00","FALSE","FALSE","FALSE","FALSE","annual","TRUE","2024-03","2024-04","2024-04-03",\N
"S-9c2b8e","A-443f6f","Basic","19","361.00","4332.00","FALSE","TRUE","FALSE","FALSE","annual","TRUE","2024-12","2024-12","2024-12-26",\N
"S-a4f26d","A-32728c","Pro","20","980.00","11760.00","FALSE","FALSE","FALSE","FALSE","monthly","TRUE","2023-04","2023-05","2023-05-21",\N
"S-0cb6ed","A-ac85cd","Pro","53","2597.00","31164.00","FALSE","FALSE","FALSE","TRUE","annual","TRUE","2024-08","2024-11","2024-11-09","2024-12-18"
"S-367dee","A-e19ff6","Pro","1","49.00","588.00","FALSE","FALSE","FALSE","FALSE","annual","TRUE","2023-08","2024-06","2024-06-29",\N
"S-3b9ad8","A-6e08f3","Enterprise","28","5572.00","66864.00","FALSE","FALSE","FALSE","FALSE","monthly","FALSE","2023-07","2024-12","2024-12-24",\N
"S-c9f8c1","A-544d0a","Enterprise","5","995.00","11940.00","FALSE","FALSE","TRUE","FALSE","monthly","TRUE","2024-05","2024-07","2024-07-23",\N
"S-57cd05","A-8b0451","Basic","41","779.00","9348.00","FALSE","FALSE","FALSE","FALSE","annual","TRUE","2024-09","2024-10","2024-10-26",\N
"S-e505c1","A-8ae3fc","Pro","34","1666.00","19992.00","FALSE","FALSE","FALSE","FALSE","annual","TRUE","2024-07","2024-09","2024-09-17",\N
"S-121b4d","A-8ae3fc","Basic","9","171.00","2052.00","FALSE","FALSE","FALSE","FALSE","annual","TRUE","2024-07","2024-11","2024-11-22",\N
"S-72b4f2","A-4437e4","Pro","49","2401.00","28812.00","FALSE","FALSE","FALSE","FALSE","annual","TRUE","2023-11","2024-02","2024-02-06",\N
"S-c9b0cc","A-4d1e75","Enterprise","38","7562.00","90744.00","FALSE","FALSE","FALSE","FALSE","monthly","TRUE","2024-09","2024-10","2024-10-11",\N
"S-27c993","A-098560","Enterprise","4","796.00","9552.00","FALSE","FALSE","FALSE","FALSE","monthly","TRUE","2023-12","2024-11","2024-11-17",\N
"S-8b9889","A-ac9111","Pro","21","1029.00","12348.00","FALSE","FALSE","FALSE","FALSE","monthly","TRUE","2023-09","2024-08","2024-08-18",\N
"S-2214c6","A-3c1a3f","Pro","82","4018.00","48216.00","FALSE","FALSE","FALSE","FALSE","monthly","TRUE","2023-08","2024-10","2024-10-07",\N
"S-ce695e","A-cb6cc6","Enterprise","13","0.00","0.00","TRUE","FALSE","FALSE","FALSE","annual","FALSE","2023-04","2024-05","2024-05-25",\N
"S-066d80","A-9b9fe9","Pro","5","245.00","2940.00","FALSE","FALSE","FALSE","FALSE","monthly","TRUE","2023-10","2024-08","2024-08-17",\N
"S-228457","A-029f69","Enterprise","24","4776.00","57312.00","FALSE","FALSE","FALSE","FALSE","annual","TRUE","2024-05","2024-05","2024-05-24",\N
"S-e50612","A-c7e58b","Basic","13","247.00","2964.00","FALSE","FALSE","FALSE","FALSE","annual","FALSE","2023-08","2024-07","2024-07-15",\N
"S-64fba3","A-00bed1","Enterprise","28","5572.00","66864.00","FALSE","FALSE","FALSE","FALSE","annual","TRUE","2023-11","2024-07","2024-07-16",\N
"S-2372d2","A-cea1f0","Enterprise","21","4179.00","50148.00","FALSE","FALSE","FALSE","FALSE","annual","FALSE","2024-06","2024-12","2024-12-22",\N
"S-2661dc","A-c37cab","Pro","20","0.00","0.00","TRUE","FALSE","FALSE","FALSE","monthly","TRUE","2024-07","2024-08","2024-08-07",\N
"S-427275","A-4c38bc","Enterprise","36","7164.00","85968.00","FALSE","FALSE","FALSE","FALSE","annual","TRUE","2024-03","2024-07","2024-07-14",\N
"S-628729","A-157070","Enterprise","23","4577.00","54924.00","FALSE","FALSE","TRUE","FALSE","monthly","TRUE","2023-12","2024-10","2024-10-05",\N
"S-e260ff","A-bcf87c","Enterprise","21","4179.00","50148.00","FALSE","FALSE","FALSE","FALSE","annual","TRUE","2024-07","2024-12","2024-12-09",\N
"S-89c03a","A-8ae3fc","Pro","9","441.00","5292.00","FALSE","FALSE","FALSE","FALSE","monthly","TRUE","2024-07","2024-09","2024-09-20",\N
"S-86455a","A-1b9609","Pro","12","588.00","7056.00","FALSE","FALSE","FALSE","FALSE","monthly","TRUE","2023-12","2023-12","2023-12-01",\N
"S-3660bb","A-474ad4","Enterprise","10","0.00","0.00","TRUE","FALSE","FALSE","FALSE","monthly","FALSE","2023-12","2024-12","2024-12-14",\N
"S-6bf7d7","A-9bfc9f","Pro","53","2597.00","31164.00","FALSE","FALSE","TRUE","FALSE","annual","FALSE","2023-09","2024-03","2024-03-23",\N
"S-feccd8","A-812c5b","Enterprise","55","10945.00","131340.00","FALSE","FALSE","FALSE","FALSE","monthly","TRUE","2024-04","2024-12","2024-12-22",\N
"S-0e4b0c","A-39b19f","Pro","24","1176.00","14112.00","FALSE","FALSE","TRUE","TRUE","annual","TRUE","2023-02","2023-02","2023-02-28","2023-06-15"
"S-0e0578","A-de58ca","Basic","15","285.00","3420.00","FALSE","FALSE","FALSE","FALSE","monthly","TRUE","2023-04","2023-07","2023-07-09",\N
"S-74538d","A-e60f9d","Pro","46","2254.00","27048.00","FALSE","FALSE","FALSE","FALSE","annual","TRUE","2024-09","2024-11","2024-11-13",\N
"S-c2a6cb","A-9affe6","Enterprise","7","1393.00","16716.00","FALSE","TRUE","FALSE","FALSE","annual","FALSE","2023-04","2023-10","2023-10-19",\N
"S-1bd2ec","A-e60f9d","Basic","38","722.00","8664.00","FALSE","FALSE","FALSE","TRUE","annual","TRUE","2024-09","2024-12","2024-12-25","2024-12-28"
"S-3cc352","A-d27f50","Pro","44","2156.00","25872.00","FALSE","FALSE","FALSE","FALSE","monthly","TRUE","2024-07","2024-08","2024-08-06",\N
"S-124207","A-fdfc91","Basic","29","551.00","6612.00","FALSE","FALSE","FALSE","FALSE","annual","TRUE","2023-07","2023-08","2023-08-31",\N
"S-76e7d9","A-712f1c","Enterprise","44","8756.00","105072.00","FALSE","FALSE","FALSE","FALSE","monthly","TRUE","2024-01","2024-02","2024-02-09",\N
"S-44f453","A-19b2c8","Enterprise","20","3980.00","47760.00","FALSE","FALSE","FALSE","FALSE","monthly","TRUE","2023-06","2024-02","2024-02-10",\N
"S-03a97f","A-f51f16","Pro","60","2940.00","35280.00","FALSE","FALSE","FALSE","FALSE","annual","TRUE","2024-02","2024-03","2024-03-15",\N
"S-80c01c","A-d3c88e","Basic","16","304.00","3648.00","FALSE","TRUE","FALSE","FALSE","annual","TRUE","2024-10","2024-12","2024-12-16",\N
"S-666181","A-eb1312","Basic","71","1349.00","16188.00","FALSE","FALSE","FALSE","FALSE","annual","TRUE","2024-09","2024-10","2024-10-09",\N
"S-401496","A-68f37c","Enterprise","4","796.00","9552.00","FALSE","TRUE","FALSE","TRUE","monthly","TRUE","2023-07","2023-08","2023-08-13","2024-06-22"
"S-ca0c98","A-fda07f","Pro","7","343.00","4116.00","FALSE","FALSE","FALSE","FALSE","monthly","TRUE","2024-08","2024-11","2024-11-28",\N
"S-017e33","A-f9cc74","Basic","53","1007.00","12084.00","FALSE","FALSE","FALSE","TRUE","monthly","TRUE","2024-10","2024-11","2024-11-08","2024-11-25"
"S-183073","A-e7a1e2","Enterprise","14","2786.00","33432.00","FALSE","FALSE","FALSE","FALSE","monthly","TRUE","2024-07","2024-07","2024-07-19",\N
"S-22f503","A-7a0d69","Basic","6","114.00","1368.00","FALSE","FALSE","FALSE","FALSE","annual","TRUE","2024-07","2024-09","2024-09-06",\N
"S-7de1b7","A-4d1e75","Enterprise","20","3980.00","47760.00","FALSE","FALSE","FALSE","FALSE","annual","TRUE","2024-09","2024-10","2024-10-27",\N
"S-c7f564","A-902ef7","Pro","83","0.00","0.00","TRUE","TRUE","FALSE","FALSE","annual","TRUE","2024-09","2024-11","2024-11-23",\N
"S-ceffe9","A-89ee83","Enterprise","2","398.00","4776.00","FALSE","FALSE","FALSE","FALSE","monthly","TRUE","2024-10","2024-11","2024-11-23",\N
"S-9b2c95","A-e60f9d","Pro","29","0.00","0.00","TRUE","FALSE","FALSE","TRUE","annual","TRUE","2024-09","2024-11","2024-11-24","2024-12-05"
"S-cf6ec1","A-d77f4c","Enterprise","22","4378.00","52536.00","FALSE","TRUE","FALSE","FALSE","monthly","FALSE","2023-10","2024-08","2024-08-04",\N
"S-a44d72","A-b30291","Pro","18","882.00","10584.00","FALSE","FALSE","FALSE","FALSE","monthly","TRUE","2024-04","2024-06","2024-06-12",\N
"S-0b0ffa","A-180abf","Basic","64","0.00","0.00","TRUE","FALSE","FALSE","TRUE","annual","TRUE","2023-09","2024-01","2024-01-17","2024-04-19"
"S-02af5d","A-d82ef9","Enterprise","26","0.00","0.00","TRUE","FALSE","FALSE","FALSE","annual","TRUE","2024-07","2024-08","2024-08-07",\N
"S-d07c53","A-249769","Basic","21","399.00","4788.00","FALSE","FALSE","FALSE","FALSE","annual","TRUE","2024-06","2024-09","2024-09-24",\N
"S-c67b80","A-eb2fdc","Pro","31","1519.00","18228.00","FALSE","FALSE","FALSE","FALSE","monthly","FALSE","2024-02","2024-02","2024-02-24",\N
"S-5d68fb","A-5f2961","Pro","49","2401.00","28812.00","FALSE","FALSE","FALSE","FALSE","annual","TRUE","2024-11","2024-12","2024-12-02",\N
"S-fc9cc3","A-9b9fe9","Pro","24","1176.00","14112.00","FALSE","FALSE","FALSE","FALSE","annual","TRUE","2023-10","2024-01","2024-01-01",\N
"S-17f71d","A-e40f45","Pro","44","2156.00","25872.00","FALSE","TRUE","FALSE","FALSE","monthly","TRUE","2024-05","2024-05","2024-05-15",\N
"S-5895f0","A-bcf664","Basic","8","0.00","0.00","TRUE","FALSE","FALSE","FALSE","annual","TRUE","2023-06","2023-10","2023-10-05",\N
"S-b042d9","A-0e966d","Enterprise","11","2189.00","26268.00","FALSE","FALSE","FALSE","FALSE","annual","TRUE","2024-06","2024-11","2024-11-15",\N
"S-ffd1ee","A-f03140","Pro","27","0.00","0.00","TRUE","FALSE","FALSE","FALSE","annual","TRUE","2023-12","2024-11","2024-11-06",\N
"S-9c4bcd","A-a7bd4b","Pro","5","245.00","2940.00","FALSE","TRUE","FALSE","FALSE","monthly","TRUE","2023-03","2024-05","2024-05-14",\N
"S-4f91d0","A-7f8241","Basic","34","646.00","7752.00","FALSE","FALSE","FALSE","FALSE","monthly","FALSE","2023-03","2024-10","2024-10-12",\N
"S-672f1b","A-eafc6e","Pro","27","1323.00","15876.00","FALSE","FALSE","FALSE","FALSE","monthly","TRUE","2023-08","2023-08","2023-08-08",\N
"S-101201","A-d49cc5","Basic","50","950.00","11400.00","FALSE","FALSE","FALSE","FALSE","annual","TRUE","2024-02","2024-02","2024-02-13",\N
"S-eea643","A-54ecc2","Enterprise","28","5572.00","66864.00","FALSE","FALSE","FALSE","FALSE","monthly","TRUE","2023-08","2024-10","2024-10-30",\N
"S-5f9a67","A-6da850","Pro","5","245.00","2940.00","FALSE","FALSE","FALSE","FALSE","annual","TRUE","2023-10","2023-12","2023-12-04",\N
"S-327e7c","A-4e960a","Enterprise","17","0.00","0.00","TRUE","FALSE","FALSE","FALSE","annual","TRUE","2024-02","2024-02","2024-02-07",\N
"S-d97c5f","A-533452","Pro","101","4949.00","59388.00","FALSE","FALSE","FALSE","FALSE","monthly","TRUE","2024-11","2024-11","2024-11-25",\N
"S-029c20","A-f44180","Basic","10","0.00","0.00","TRUE","FALSE","FALSE","FALSE","annual","FALSE","2023-03","2024-12","2024-12-13",\N
"S-a74462","A-7c83a1","Pro","48","2352.00","28224.00","FALSE","FALSE","FALSE","FALSE","annual","TRUE","2024-05","2024-05","2024-05-14",\N
"S-02ec76","A-e60f9d","Pro","29","1421.00","17052.00","FALSE","FALSE","FALSE","FALSE","monthly","TRUE","2024-09","2024-09","2024-09-17",\N
"S-d1c9e3","A-075038","Basic","17","323.00","3876.00","FALSE","FALSE","FALSE","FALSE","annual","TRUE","2023-07","2024-01","2024-01-09",\N
"S-51d8db","A-cc1d8d","Enterprise","6","1194.00","14328.00","FALSE","FALSE","FALSE","FALSE","annual","TRUE","2024-12","2024-12","2024-12-30",\N
"S-c3c85e","A-271f46","Basic","38","722.00","8664.00","FALSE","FALSE","FALSE","FALSE","monthly","TRUE","2023-03","2024-10","2024-10-31",\N
"S-44a646","A-1e1b80","Basic","50","950.00","11400.00","FALSE","FALSE","FALSE","FALSE","annual","TRUE","2023-10","2023-12","2023-12-26",\N
"S-431c03","A-e4bf56","Enterprise","37","7363.00","88356.00","FALSE","FALSE","FALSE","TRUE","monthly","TRUE","2024-11","2024-12","2024-12-02","2024-12-19"
"S-4f0027","A-ff79f2","Enterprise","19","3781.00","45372.00","FALSE","FALSE","FALSE","TRUE","annual","TRUE","2024-05","2024-12","2024-12-31","2024-12-31"
"S-6c9ee1","A-6da850","Enterprise","23","0.00","0.00","TRUE","FALSE","FALSE","FALSE","monthly","TRUE","2023-10","2024-02","2024-02-20",\N
"S-396a84","A-5b4ebb","Basic","21","399.00","4788.00","FALSE","FALSE","FALSE","TRUE","monthly","FALSE","2024-07","2024-10","2024-10-23","2024-11-27"
"S-6bea24","A-3f9cc0","Basic","22","0.00","0.00","TRUE","FALSE","FALSE","FALSE","monthly","TRUE","2024-06","2024-07","2024-07-06",\N
"S-259804","A-d4ac0e","Basic","28","532.00","6384.00","FALSE","FALSE","FALSE","FALSE","annual","TRUE","2024-05","2024-10","2024-10-01",\N
"S-33e40e","A-86cdb4","Enterprise","2","398.00","4776.00","FALSE","FALSE","FALSE","TRUE","annual","TRUE","2024-10","2024-10","2024-10-10","2024-12-29"
"S-fbd522","A-310452","Pro","9","0.00","0.00","TRUE","FALSE","FALSE","FALSE","annual","FALSE","2024-12","2024-12","2024-12-28",\N
"S-bbafad","A-854864","Basic","20","380.00","4560.00","FALSE","FALSE","FALSE","TRUE","annual","TRUE","2024-12","2024-12","2024-12-27","2024-12-30"
"S-3edc14","A-d82ef9","Pro","26","0.00","0.00","TRUE","FALSE","FALSE","FALSE","annual","TRUE","2024-07","2024-10","2024-10-04",\N
"S-11e29d","A-71615e","Basic","32","608.00","7296.00","FALSE","FALSE","FALSE","FALSE","monthly","TRUE","2024-06","2024-10","2024-10-13",\N
"S-1feff8","A-5fe118","Enterprise","39","7761.00","93132.00","FALSE","FALSE","FALSE","FALSE","annual","TRUE","2024-12","2024-12","2024-12-06",\N
"S-61e86c","A-39ddf4","Enterprise","40","7960.00","95520.00","FALSE","FALSE","FALSE","FALSE","annual","TRUE","2024-12","2024-12","2024-12-07",\N
"S-af41f0","A-e83938","Basic","2","38.00","456.00","FALSE","FALSE","FALSE","FALSE","annual","FALSE","2024-02","2024-06","2024-06-27",\N
"S-65ae02","A-671f31","Pro","59","2891.00","34692.00","FALSE","FALSE","FALSE","FALSE","annual","TRUE","2024-11","2024-12","2024-12-14",\N
"S-f7fccd","A-443b7c","Basic","6","0.00","0.00","TRUE","TRUE","FALSE","FALSE","annual","TRUE","2024-09","2024-11","2024-11-18",\N
"S-7904d3","A-d4e0d4","Enterprise","117","23283.00","279396.00","FALSE","FALSE","FALSE","TRUE","monthly","TRUE","2024-10","2024-11","2024-11-30","2024-12-03"
"S-48a54e","A-b2225d","Basic","47","0.00","0.00","TRUE","FALSE","FALSE","FALSE","monthly","TRUE","2024-04","2024-10","2024-10-29",\N
"S-4a08bd","A-e08cd3","Pro","67","3283.00","39396.00","FALSE","FALSE","FALSE","FALSE","annual","FALSE","2024-09","2024-10","2024-10-11",\N
"S-faa8ec","A-2e4581","Basic","11","209.00","2508.00","FALSE","FALSE","FALSE","FALSE","monthly","TRUE","2024-10","2024-12","2024-12-09",\N
"S-8db104","A-4a267b","Pro","25","1225.00","14700.00","FALSE","FALSE","TRUE","FALSE","monthly","TRUE","2024-05","2024-10","2024-10-18",\N
"S-3c0121","A-7c83a1","Pro","24","1176.00","14112.00","FALSE","FALSE","FALSE","FALSE","monthly","TRUE","2024-05","2024-12","2024-12-30",\N
"S-13ca37","A-6843f2","Pro","21","0.00","0.00","TRUE","FALSE","TRUE","FALSE","monthly","TRUE","2024-12","2024-12","2024-12-21",\N
"S-163e64","A-dfbd31","Enterprise","62","12338.00","148056.00","FALSE","FALSE","FALSE","FALSE","monthly","TRUE","2023-12","2024-11","2024-11-08",\N
"S-4d1ba6","A-00cac8","Enterprise","9","0.00","0.00","TRUE","FALSE","FALSE","FALSE","annual","FALSE","2023-09","2024-04","2024-04-04",\N
"S-e98d6b","A-309e54","Basic","15","285.00","3420.00","FALSE","FALSE","FALSE","FALSE","annual","TRUE","2024-12","2024-12","2024-12-31",\N
"S-041624","A-6843f2","Enterprise","21","4179.00","50148.00","FALSE","FALSE","FALSE","FALSE","monthly","TRUE","2024-12","2024-12","2024-12-12",\N
"S-b78829","A-2e4581","Pro","20","980.00","11760.00","FALSE","FALSE","FALSE","FALSE","monthly","TRUE","2024-10","2024-11","2024-11-12",\N
"S-ca1c21","A-f92792","Basic","9","0.00","0.00","TRUE","FALSE","FALSE","FALSE","annual","FALSE","2024-07","2024-12","2024-12-02",\N
"S-e1de58","A-ce550d","Enterprise","35","6965.00","83580.00","FALSE","TRUE","FALSE","FALSE","annual","TRUE","2024-10","2024-10","2024-10-28",\N
"S-721fea","A-f6b2fb","Pro","23","1127.00","13524.00","FALSE","FALSE","TRUE","FALSE","monthly","TRUE","2024-05","2024-05","2024-05-23",\N
"S-eaac58","A-ff3c73","Basic","66","1254.00","15048.00","FALSE","FALSE","FALSE","FALSE","annual","TRUE","2023-04","2023-04","2023-04-08",\N
"S-1218fd","A-2d4502","Basic","14","266.00","3192.00","FALSE","TRUE","FALSE","FALSE","monthly","FALSE","2024-04","2024-11","2024-11-02",\N
"S-936732","A-2f6a32","Pro","19","931.00","11172.00","FALSE","FALSE","FALSE","TRUE","annual","TRUE","2024-09","2024-11","2024-11-28","2024-12-06"
"S-c2f293","A-69b156","Basic","8","152.00","1824.00","FALSE","FALSE","FALSE","TRUE","monthly","FALSE","2023-12","2024-12","2024-12-10","2024-12-30"
"S-fe3b71","A-44dc83","Enterprise","37","0.00","0.00","TRUE","FALSE","FALSE","FALSE","monthly","TRUE","2024-06","2024-09","2024-09-24",\N
"S-f5f5b3","A-89ee83","Basic","10","190.00","2280.00","FALSE","FALSE","FALSE","TRUE","annual","TRUE","2024-10","2024-12","2024-12-26","2024-12-29"
"S-4afb53","A-40de06","Enterprise","28","5572.00","66864.00","FALSE","FALSE","FALSE","TRUE","monthly","TRUE","2023-06","2023-12","2023-12-12","2024-12-29"
"S-851bbe","A-d77f4c","Enterprise","94","18706.00","224472.00","FALSE","TRUE","FALSE","FALSE","annual","TRUE","2023-10","2024-04","2024-04-22",\N
"S-dab0d5","A-cc1d8d","Basic","5","0.00","0.00","TRUE","FALSE","FALSE","FALSE","monthly","TRUE","2024-12","2024-12","2024-12-14",\N
"S-9aa190","A-9b9fe9","Basic","33","627.00","7524.00","FALSE","FALSE","FALSE","FALSE","annual","TRUE","2023-10","2024-10","2024-10-17",\N
"S-f89d8c","A-88c6ca","Pro","49","2401.00","28812.00","FALSE","FALSE","FALSE","FALSE","monthly","TRUE","2024-11","2024-12","2024-12-18",\N
"S-766a62","A-1ac5e0","Enterprise","33","0.00","0.00","TRUE","FALSE","FALSE","FALSE","monthly","FALSE","2024-10","2024-11","2024-11-24",\N
"S-10134d","A-52dd88","Enterprise","23","4577.00","54924.00","FALSE","FALSE","FALSE","FALSE","annual","TRUE","2023-03","2024-09","2024-09-09",\N
"S-85de7a","A-940b8b","Enterprise","32","6368.00","76416.00","FALSE","FALSE","TRUE","FALSE","annual","TRUE","2024-04","2024-04","2024-04-01",\N
"S-85796b","A-f19409","Enterprise","23","4577.00","54924.00","FALSE","FALSE","FALSE","TRUE","monthly","TRUE","2023-04","2024-08","2024-08-27","2024-10-31"
"S-c97464","A-f5641b","Pro","38","1862.00","22344.00","FALSE","FALSE","FALSE","FALSE","monthly","FALSE","2024-04","2024-10","2024-10-16",\N
"S-6732ff","A-9affe6","Pro","24","1176.00","14112.00","FALSE","FALSE","FALSE","FALSE","annual","TRUE","2023-04","2023-11","2023-11-22",\N
"S-aa20eb","A-6f8ad2","Pro","1","49.00","588.00","FALSE","FALSE","FALSE","FALSE","monthly","FALSE","2024-07","2024-09","2024-09-08",\N
"S-b6aabe","A-902ef7","Basic","83","1577.00","18924.00","FALSE","FALSE","FALSE","FALSE","annual","TRUE","2024-09","2024-12","2024-12-25",\N
"S-0ff339","A-6dee43","Basic","12","228.00","2736.00","FALSE","FALSE","FALSE","FALSE","annual","TRUE","2023-10","2024-01","2024-01-21",\N
"S-4d664d","A-cc1d8d","Pro","16","784.00","9408.00","FALSE","TRUE","TRUE","FALSE","annual","TRUE","2024-12","2024-12","2024-12-26",\N
"S-8deb5f","A-533452","Basic","52","988.00","11856.00","FALSE","FALSE","FALSE","FALSE","annual","FALSE","2024-11","2024-12","2024-12-25",\N
"S-e2d4e9","A-18793f","Basic","148","0.00","0.00","TRUE","TRUE","FALSE","FALSE","monthly","TRUE","2024-12","2024-12","2024-12-30",\N
"S-d8441d","A-8adedc","Basic","4","76.00","912.00","FALSE","FALSE","FALSE","FALSE","annual","TRUE","2024-02","2024-03","2024-03-16",\N
"S-6d356a","A-425e76","Basic","28","532.00","6384.00","FALSE","FALSE","FALSE","FALSE","annual","FALSE","2023-06","2023-06","2023-06-26",\N
"S-c005ac","A-92a3af","Enterprise","25","4975.00","59700.00","FALSE","FALSE","FALSE","FALSE","annual","TRUE","2024-07","2024-09","2024-09-18",\N
"S-d0913e","A-eb2fdc","Pro","31","1519.00","18228.00","FALSE","FALSE","FALSE","FALSE","monthly","TRUE","2024-02","2024-11","2024-11-14",\N
"S-4bef15","A-600734","Enterprise","29","0.00","0.00","TRUE","FALSE","FALSE","TRUE","annual","TRUE","2024-01","2024-08","2024-08-14","2024-09-22"
"S-2573e4","A-7f8241","Basic","60","1140.00","13680.00","FALSE","FALSE","FALSE","FALSE","monthly","TRUE","2023-03","2024-01","2024-01-25",\N
"S-80c291","A-712533","Enterprise","18","3582.00","42984.00","FALSE","FALSE","FALSE","FALSE","annual","TRUE","2023-08","2024-01","2024-01-06",\N
"S-64acb8","A-3be56b","Enterprise","30","5970.00","71640.00","FALSE","FALSE","FALSE","FALSE","monthly","TRUE","2023-11","2024-08","2024-08-21",\N
"S-13a948","A-d5a319","Enterprise","15","2985.00","35820.00","FALSE","TRUE","FALSE","FALSE","monthly","FALSE","2023-06","2024-07","2024-07-24",\N
"S-081b81","A-b20d99","Basic","20","380.00","4560.00","FALSE","FALSE","FALSE","FALSE","annual","TRUE","2024-01","2024-01","2024-01-30",\N
"S-68c537","A-9ee962","Enterprise","29","5771.00","69252.00","FALSE","FALSE","FALSE","FALSE","monthly","TRUE","2023-06","2024-06","2024-06-06",\N
"S-3f82bc","A-d5a319","Basic","15","0.00","0.00","TRUE","FALSE","TRUE","FALSE","monthly","TRUE","2023-06","2023-10","2023-10-30",\N
"S-fe6311","A-5c9849","Enterprise","19","0.00","0.00","TRUE","FALSE","FALSE","FALSE","monthly","TRUE","2024-11","2024-11","2024-11-11",\N
"S-b3c4b8","A-c43359","Pro","38","0.00","0.00","TRUE","FALSE","FALSE","FALSE","annual","TRUE","2024-11","2024-12","2024-12-17",\N
"S-8923b3","A-157070","Basic","27","513.00","6156.00","FALSE","FALSE","FALSE","FALSE","annual","TRUE","2023-12","2024-05","2024-05-17",\N
"S-2410c6","A-5247b3","Basic","33","627.00","7524.00","FALSE","FALSE","FALSE","FALSE","annual","FALSE","2024-03","2024-05","2024-05-11",\N
"S-7a06fe","A-5a92e7","Pro","28","1372.00","16464.00","FALSE","FALSE","FALSE","FALSE","monthly","TRUE","2024-06","2024-09","2024-09-28",\N
"S-ceaca8","A-96e141","Enterprise","24","4776.00","57312.00","FALSE","FALSE","FALSE","FALSE","monthly","TRUE","2023-10","2024-08","2024-08-10",\N
"S-02c3e7","A-7c4956","Enterprise","6","1194.00","14328.00","FALSE","FALSE","FALSE","FALSE","annual","TRUE","2023-06","2024-08","2024-08-14",\N
"S-3a1a06","A-eb7fac","Enterprise","14","2786.00","33432.00","FALSE","FALSE","FALSE","FALSE","monthly","TRUE","2023-12","2024-07","2024-07-09",\N
"S-7f5d03","A-22d9d2","Pro","25","1225.00","14700.00","FALSE","FALSE","FALSE","FALSE","monthly","FALSE","2024-03","2024-06","2024-06-10",\N
"S-c10f0c","A-0f7d77","Basic","6","114.00","1368.00","FALSE","FALSE","FALSE","FALSE","monthly","FALSE","2024-11","2024-11","2024-11-11",\N
"S-cdd00a","A-4e44e8","Basic","38","722.00","8664.00","FALSE","FALSE","FALSE","FALSE","monthly","TRUE","2024-08","2024-08","2024-08-23",\N
"S-d57a67","A-2446e3","Pro","27","1323.00","15876.00","FALSE","FALSE","FALSE","FALSE","monthly","TRUE","2024-01","2024-07","2024-07-14",\N
"S-f75ac4","A-faa28c","Enterprise","48","0.00","0.00","TRUE","FALSE","FALSE","FALSE","annual","TRUE","2024-02","2024-02","2024-02-17",\N
"S-76c59f","A-0aaf6e","Basic","24","456.00","5472.00","FALSE","FALSE","FALSE","FALSE","annual","TRUE","2024-06","2024-08","2024-08-01",\N
"S-0a15fa","A-bb1eaa","Pro","25","1225.00","14700.00","FALSE","FALSE","FALSE","FALSE","annual","TRUE","2024-06","2024-12","2024-12-12",\N
"S-d0f5fb","A-39868b","Enterprise","9","1791.00","21492.00","FALSE","FALSE","FALSE","FALSE","annual","FALSE","2024-04","2024-04","2024-04-25",\N
"S-ffb6cc","A-94d3da","Enterprise","41","8159.00","97908.00","FALSE","FALSE","FALSE","FALSE","monthly","FALSE","2023-06","2024-09","2024-09-28",\N
"S-1b8300","A-faa28c","Enterprise","48","0.00","0.00","TRUE","TRUE","FALSE","FALSE","monthly","TRUE","2024-02","2024-05","2024-05-23",\N
"S-88de1c","A-18793f","Basic","148","2812.00","33744.00","FALSE","FALSE","FALSE","FALSE","annual","TRUE","2024-12","2024-12","2024-12-24",\N
"S-a88ffd","A-cc102e","Pro","13","637.00","7644.00","FALSE","FALSE","FALSE","FALSE","annual","TRUE","2024-05","2024-09","2024-09-06",\N
"S-f12a54","A-f3ff05","Pro","2","98.00","1176.00","FALSE","FALSE","FALSE","FALSE","monthly","TRUE","2024-08","2024-11","2024-11-24",\N
"S-f9b284","A-22d9d2","Pro","8","392.00","4704.00","FALSE","FALSE","FALSE","FALSE","annual","TRUE","2024-03","2024-07","2024-07-02",\N
"S-61e53d","A-d42431","Basic","22","418.00","5016.00","FALSE","FALSE","FALSE","TRUE","annual","FALSE","2024-06","2024-11","2024-11-15","2024-12-14"
"S-4c5456","A-149a69","Basic","34","646.00","7752.00","FALSE","FALSE","FALSE","FALSE","monthly","TRUE","2024-12","2024-12","2024-12-19",\N
"S-b15cde","A-ee42db","Pro","13","637.00","7644.00","FALSE","FALSE","FALSE","FALSE","monthly","TRUE","2023-05","2023-05","2023-05-01",\N
"S-9e6a18","A-7d514c","Pro","21","1029.00","12348.00","FALSE","TRUE","FALSE","FALSE","monthly","FALSE","2024-02","2024-11","2024-11-06",\N
"S-0b2ac3","A-d792a6","Basic","7","0.00","0.00","TRUE","FALSE","FALSE","FALSE","annual","TRUE","2023-02","2024-01","2024-01-01",\N
"S-cb8a5c","A-1e6fc3","Enterprise","1","199.00","2388.00","FALSE","FALSE","FALSE","FALSE","annual","TRUE","2024-01","2024-12","2024-12-17",\N
"S-8b52b5","A-c1dfe1","Enterprise","26","5174.00","62088.00","FALSE","FALSE","FALSE","FALSE","monthly","TRUE","2023-10","2024-03","2024-03-04",\N
"S-79b2bc","A-249769","Basic","4","76.00","912.00","FALSE","FALSE","FALSE","FALSE","monthly","TRUE","2024-06","2024-08","2024-08-28",\N
"S-4fd9ba","A-d4ac0e","Basic","24","456.00","5472.00","FALSE","TRUE","FALSE","FALSE","monthly","TRUE","2024-05","2024-09","2024-09-10",\N
"S-163e9d","A-ccabf0","Enterprise","11","2189.00","26268.00","FALSE","FALSE","FALSE","FALSE","annual","TRUE","2023-11","2024-03","2024-03-03",\N
"S-8324d4","A-5a215a","Pro","87","0.00","0.00","TRUE","FALSE","FALSE","TRUE","monthly","TRUE","2024-01","2024-07","2024-07-13","2024-08-03"
"S-22f848","A-993085","Enterprise","49","9751.00","117012.00","FALSE","FALSE","FALSE","FALSE","annual","TRUE","2023-08","2023-10","2023-10-15",\N
"S-b32512","A-854864","Enterprise","20","3980.00","47760.00","FALSE","FALSE","FALSE","FALSE","monthly","TRUE","2024-12","2024-12","2024-12-25",\N
"S-98ac99","A-8ed5dd","Basic","5","95.00","1140.00","FALSE","TRUE","FALSE","FALSE","annual","TRUE","2023-08","2023-11","2023-11-09",\N
"S-93fab3","A-9f9299","Pro","28","1372.00","16464.00","FALSE","FALSE","FALSE","TRUE","annual","TRUE","2023-11","2024-11","2024-11-10","2024-12-31"
"S-838330","A-5a215a","Pro","87","0.00","0.00","TRUE","FALSE","FALSE","FALSE","annual","FALSE","2024-01","2024-06","2024-06-20",\N
"S-720d62","A-c16101","Basic","53","1007.00","12084.00","FALSE","FALSE","FALSE","FALSE","monthly","TRUE","2024-09","2024-10","2024-10-05",\N
"S-e2500e","A-5b4ebb","Basic","21","0.00","0.00","TRUE","FALSE","FALSE","FALSE","monthly","TRUE","2024-07","2024-12","2024-12-06",\N
"S-2c091a","A-32728c","Pro","20","980.00","11760.00","FALSE","FALSE","FALSE","FALSE","annual","TRUE","2023-04","2023-06","2023-06-20",\N
"S-55d53c","A-2f6a32","Basic","19","361.00","4332.00","FALSE","FALSE","FALSE","FALSE","annual","TRUE","2024-09","2024-12","2024-12-08",\N
"S-df2fb8","A-0e966d","Pro","55","0.00","0.00","TRUE","FALSE","FALSE","FALSE","annual","TRUE","2024-06","2024-08","2024-08-17",\N
"S-24ae40","A-328bd0","Basic","18","342.00","4104.00","FALSE","FALSE","FALSE","TRUE","monthly","TRUE","2023-08","2024-02","2024-02-11","2024-03-28"
"S-bdd4c5","A-5a92e7","Pro","28","1372.00","16464.00","FALSE","FALSE","FALSE","FALSE","monthly","TRUE","2024-06","2024-12","2024-12-03",\N
"S-2196c4","A-425e76","Basic","8","152.00","1824.00","FALSE","FALSE","FALSE","FALSE","monthly","TRUE","2023-06","2024-04","2024-04-16",\N
"S-9626f8","A-d4ac0e","Pro","18","882.00","10584.00","FALSE","FALSE","FALSE","FALSE","annual","TRUE","2024-05","2024-08","2024-08-25",\N
"S-03340d","A-4ef964","Enterprise","17","3383.00","40596.00","FALSE","FALSE","FALSE","FALSE","annual","FALSE","2024-04","2024-04","2024-04-01",\N
"S-ae1882","A-9f9299","Basic","61","1159.00","13908.00","FALSE","FALSE","FALSE","FALSE","monthly","FALSE","2023-11","2024-10","2024-10-25",\N
"S-1cdd2c","A-ac9111","Pro","21","1029.00","12348.00","FALSE","FALSE","FALSE","FALSE","monthly","FALSE","2023-09","2024-03","2024-03-06",\N
"S-6b7aa4","A-c37601","Basic","22","418.00","5016.00","FALSE","FALSE","FALSE","FALSE","monthly","TRUE","2024-11","2024-11","2024-11-29",\N
"S-dfe952","A-e351e1","Basic","33","627.00","7524.00","FALSE","FALSE","FALSE","FALSE","monthly","TRUE","2024-09","2024-09","2024-09-27",\N
"S-763384","A-526d93","Pro","43","0.00","0.00","TRUE","FALSE","FALSE","FALSE","annual","TRUE","2024-04","2024-07","2024-07-24",\N
"S-3e6a40","A-94c3cd","Enterprise","32","0.00","0.00","TRUE","FALSE","FALSE","FALSE","monthly","TRUE","2024-01","2024-08","2024-08-07",\N
"S-5fffe8","A-4e631b","Basic","22","418.00","5016.00","FALSE","FALSE","FALSE","FALSE","monthly","TRUE","2024-03","2024-07","2024-07-26",\N
"S-e51242","A-8145a0","Enterprise","9","1791.00","21492.00","FALSE","FALSE","FALSE","FALSE","annual","TRUE","2023-08","2023-11","2023-11-13",\N
"S-ae3270","A-fdfc91","Basic","29","551.00","6612.00","FALSE","FALSE","FALSE","FALSE","annual","TRUE","2023-07","2023-09","2023-09-14",\N
"S-808668","A-e351e1","Pro","33","1617.00","19404.00","FALSE","FALSE","FALSE","FALSE","monthly","TRUE","2024-09","2024-10","2024-10-01",\N
"S-388f70","A-40a557","Pro","18","0.00","0.00","TRUE","FALSE","FALSE","FALSE","annual","TRUE","2024-01","2024-09","2024-09-21",\N
"S-b84a07","A-7c4956","Pro","9","441.00","5292.00","FALSE","FALSE","FALSE","FALSE","annual","TRUE","2023-06","2023-06","2023-06-05",\N
"S-a24476","A-91e948","Basic","41","0.00","0.00","TRUE","FALSE","FALSE","FALSE","monthly","TRUE","2023-08","2024-01","2024-01-26",\N
"S-ff78bf","A-50f3f7","Pro","31","0.00","0.00","TRUE","FALSE","FALSE","FALSE","monthly","FALSE","2024-01","2024-05","2024-05-13",\N
"S-695c1e","A-ce66f8","Enterprise","37","7363.00","88356.00","FALSE","FALSE","FALSE","FALSE","monthly","TRUE","2023-08","2024-07","2024-07-02",\N
"S-f97609","A-712f1c","Pro","38","1862.00","22344.00","FALSE","TRUE","FALSE","FALSE","annual","FALSE","2024-01","2024-05","2024-05-15",\N
"S-fee60b","A-4a267b","Pro","46","2254.00","27048.00","FALSE","FALSE","FALSE","TRUE","monthly","TRUE","2024-05","2024-09","2024-09-22","2024-09-29"
"S-3cc163","A-df10db","Basic","68","0.00","0.00","TRUE","TRUE","FALSE","FALSE","annual","FALSE","2023-08","2024-07","2024-07-02",\N
"S-534c28","A-e888d1","Basic","14","266.00","3192.00","FALSE","FALSE","FALSE","FALSE","monthly","TRUE","2023-05","2024-09","2024-09-16",\N
"S-e1d553","A-692f18","Pro","9","0.00","0.00","TRUE","FALSE","FALSE","FALSE","annual","TRUE","2024-03","2024-09","2024-09-27",\N
"S-358daa","A-39b19f","Enterprise","24","0.00","0.00","TRUE","FALSE","FALSE","FALSE","annual","TRUE","2023-02","2024-09","2024-09-04",\N
"S-ff2761","A-0cc442","Basic","45","855.00","10260.00","FALSE","TRUE","FALSE","FALSE","monthly","TRUE","2024-07","2024-09","2024-09-25",\N
"S-b6d200","A-d27f50","Basic","44","836.00","10032.00","FALSE","FALSE","FALSE","FALSE","monthly","TRUE","2024-07","2024-12","2024-12-19",\N
"S-518472","A-e7beab","Pro","19","931.00","11172.00","FALSE","FALSE","FALSE","FALSE","monthly","TRUE","2023-10","2024-12","2024-12-08",\N
"S-682d28","A-fdfc91","Enterprise","47","9353.00","112236.00","FALSE","FALSE","FALSE","FALSE","annual","TRUE","2023-07","2024-08","2024-08-31",\N
"S-0a2238","A-c7ffc2","Basic","30","570.00","6840.00","FALSE","FALSE","FALSE","FALSE","monthly","TRUE","2023-05","2024-09","2024-09-16",\N
"S-6e4c1a","A-94f8c9","Enterprise","13","2587.00","31044.00","FALSE","FALSE","FALSE","FALSE","monthly","TRUE","2024-04","2024-08","2024-08-02",\N
"S-7564e1","A-313be3","Enterprise","47","0.00","0.00","TRUE","FALSE","FALSE","FALSE","monthly","TRUE","2023-11","2024-08","2024-08-14",\N
"S-41023c","A-49b828","Enterprise","31","6169.00","74028.00","FALSE","FALSE","FALSE","FALSE","annual","TRUE","2023-05","2023-12","2023-12-15",\N
"S-6e0006","A-5b051a","Basic","22","418.00","5016.00","FALSE","FALSE","FALSE","FALSE","monthly","TRUE","2024-09","2024-09","2024-09-18",\N
"S-7e1791","A-a6d261","Enterprise","9","1791.00","21492.00","FALSE","FALSE","FALSE","FALSE","annual","TRUE","2023-12","2024-05","2024-05-09",\N
"S-1109d6","A-a2485e","Enterprise","3","597.00","7164.00","FALSE","FALSE","TRUE","FALSE","annual","TRUE","2024-08","2024-08","2024-08-11",\N
"S-b35203","A-ac85cd","Enterprise","53","10547.00","126564.00","FALSE","FALSE","TRUE","FALSE","monthly","TRUE","2024-08","2024-12","2024-12-23",\N
"S-ef4ad8","A-bcf87c","Pro","10","490.00","5880.00","FALSE","FALSE","FALSE","FALSE","annual","FALSE","2024-07","2024-08","2024-08-14",\N
"S-2dad6b","A-104f1a","Basic","34","646.00","7752.00","FALSE","FALSE","FALSE","FALSE","monthly","TRUE","2024-09","2024-12","2024-12-20",\N
"S-4c100f","A-eb7fac","Enterprise","136","27064.00","324768.00","FALSE","FALSE","FALSE","FALSE","monthly","FALSE","2023-12","2024-02","2024-02-24",\N
"S-17cfc4","A-592832","Pro","18","0.00","0.00","TRUE","FALSE","TRUE","FALSE","monthly","TRUE","2024-09","2024-12","2024-12-01",\N
"S-c317f9","A-86902e","Basic","34","646.00","7752.00","FALSE","FALSE","FALSE","FALSE","annual","TRUE","2023-07","2023-11","2023-11-24",\N
"S-3311b1","A-7cfe77","Pro","69","3381.00","40572.00","FALSE","TRUE","FALSE","FALSE","monthly","TRUE","2024-07","2024-08","2024-08-24",\N
"S-26e8f0","A-d40bf7","Enterprise","59","11741.00","140892.00","FALSE","FALSE","FALSE","FALSE","monthly","FALSE","2024-11","2024-11","2024-11-17",\N
"S-807d87","A-69b156","Enterprise","28","5572.00","66864.00","FALSE","FALSE","FALSE","FALSE","annual","TRUE","2023-12","2024-01","2024-01-16",\N
"S-c4aa5f","A-ccb686","Pro","52","2548.00","30576.00","FALSE","FALSE","FALSE","FALSE","annual","FALSE","2024-02","2024-02","2024-02-28",\N
"S-86c28f","A-8adedc","Pro","79","3871.00","46452.00","FALSE","FALSE","FALSE","FALSE","annual","TRUE","2024-02","2024-04","2024-04-02",\N
"S-d635a2","A-ff79f2","Basic","12","228.00","2736.00","FALSE","FALSE","FALSE","FALSE","annual","TRUE","2024-05","2024-05","2024-05-29",\N
"S-463525","A-016043","Enterprise","13","2587.00","31044.00","FALSE","FALSE","FALSE","FALSE","annual","TRUE","2024-08","2024-12","2024-12-02",\N
"S-b2238e","A-104f1a","Basic","24","456.00","5472.00","FALSE","FALSE","FALSE","FALSE","monthly","TRUE","2024-09","2024-11","2024-11-16",\N
"S-d01053","A-779e4e","Enterprise","36","7164.00","85968.00","FALSE","FALSE","FALSE","TRUE","annual","TRUE","2023-01","2023-11","2023-11-12","2024-10-29"
"S-b9bbfd","A-118d55","Enterprise","36","7164.00","85968.00","FALSE","FALSE","FALSE","FALSE","monthly","TRUE","2024-10","2024-11","2024-11-13",\N
"S-790762","A-ac85cd","Pro","53","2597.00","31164.00","FALSE","FALSE","FALSE","FALSE","monthly","TRUE","2024-08","2024-12","2024-12-24",\N
"S-321498","A-3a7284","Pro","31","0.00","0.00","TRUE","FALSE","FALSE","TRUE","monthly","TRUE","2024-11","2024-12","2024-12-25","2024-12-31"
"S-8cf2ef","A-600734","Basic","42","798.00","9576.00","FALSE","FALSE","FALSE","FALSE","annual","FALSE","2024-01","2024-08","2024-08-29",\N
"S-48aa95","A-a8b49c","Enterprise","7","1393.00","16716.00","FALSE","FALSE","FALSE","FALSE","monthly","TRUE","2023-10","2024-03","2024-03-23",\N
"S-42218c","A-e2cd1b","Pro","45","2205.00","26460.00","FALSE","FALSE","FALSE","FALSE","monthly","TRUE","2024-02","2024-07","2024-07-30",\N
"S-e6e96f","A-cbd1a3","Enterprise","8","0.00","0.00","TRUE","FALSE","FALSE","FALSE","annual","FALSE","2024-11","2024-11","2024-11-30",\N
"S-627cfa","A-9bfc9f","Pro","53","2597.00","31164.00","FALSE","FALSE","FALSE","TRUE","monthly","TRUE","2023-09","2023-09","2023-09-19","2024-01-04"
"S-47a04b","A-b54c01","Pro","29","0.00","0.00","TRUE","FALSE","FALSE","FALSE","annual","TRUE","2024-10","2024-10","2024-10-07",\N
"S-2a6eb3","A-80eeb6","Enterprise","68","13532.00","162384.00","FALSE","FALSE","FALSE","FALSE","monthly","TRUE","2023-07","2023-08","2023-08-27",\N
"S-c5f3d4","A-9f2731","Pro","5","0.00","0.00","TRUE","FALSE","FALSE","FALSE","annual","TRUE","2024-10","2024-11","2024-11-22",\N
"S-c3bf1d","A-55f257","Pro","9","441.00","5292.00","FALSE","FALSE","FALSE","FALSE","annual","TRUE","2024-01","2024-03","2024-03-15",\N
"S-a82441","A-4a267b","Pro","25","1225.00","14700.00","FALSE","FALSE","FALSE","FALSE","annual","TRUE","2024-05","2024-08","2024-08-09",\N
"S-ccdf41","A-94f8c9","Enterprise","17","3383.00","40596.00","FALSE","FALSE","FALSE","FALSE","monthly","TRUE","2024-04","2024-11","2024-11-29",\N
"S-3503cb","A-c43359","Basic","38","722.00","8664.00","FALSE","FALSE","FALSE","FALSE","monthly","TRUE","2024-11","2024-12","2024-12-14",\N
"S-ed32c7","A-37f969","Pro","30","1470.00","17640.00","FALSE","FALSE","FALSE","FALSE","annual","FALSE","2023-10","2023-10","2023-10-24",\N
"S-64bd69","A-ac9111","Basic","21","399.00","4788.00","FALSE","FALSE","FALSE","FALSE","annual","TRUE","2023-09","2023-10","2023-10-04",\N
"S-abd244","A-66224b","Basic","92","1748.00","20976.00","FALSE","FALSE","FALSE","FALSE","monthly","FALSE","2024-10","2024-12","2024-12-05",\N
"S-1e83a6","A-443b7c","Basic","8","152.00","1824.00","FALSE","FALSE","FALSE","FALSE","annual","TRUE","2024-09","2024-12","2024-12-29",\N
"S-e86a94","A-443f6f","Pro","19","931.00","11172.00","FALSE","FALSE","FALSE","FALSE","monthly","TRUE","2024-12","2024-12","2024-12-26",\N
"S-2480b0","A-6e08f3","Basic","13","247.00","2964.00","FALSE","FALSE","FALSE","FALSE","annual","TRUE","2023-07","2024-12","2024-12-27",\N
"S-095083","A-98a59a","Basic","56","1064.00","12768.00","FALSE","FALSE","FALSE","FALSE","annual","TRUE","2023-09","2023-09","2023-09-27",\N
"S-07abdd","A-f19409","Pro","34","1666.00","19992.00","FALSE","FALSE","FALSE","FALSE","annual","TRUE","2023-04","2023-09","2023-09-26",\N
"S-c29f3a","A-b7b7b7","Pro","24","1176.00","14112.00","FALSE","TRUE","FALSE","FALSE","monthly","FALSE","2024-07","2024-09","2024-09-10",\N
"S-b4ac47","A-3b5cd1","Pro","31","1519.00","18228.00","FALSE","FALSE","FALSE","FALSE","annual","FALSE","2023-09","2023-10","2023-10-07",\N
"S-2e017b","A-432483","Pro","5","245.00","2940.00","FALSE","FALSE","FALSE","TRUE","annual","TRUE","2023-04","2023-04","2023-04-02","2023-04-05"
"S-c64e87","A-f3ff05","Enterprise","27","5373.00","64476.00","FALSE","FALSE","FALSE","FALSE","annual","TRUE","2024-08","2024-09","2024-09-19",\N
"S-c24467","A-e888d1","Basic","50","0.00","0.00","TRUE","FALSE","FALSE","FALSE","monthly","FALSE","2023-05","2023-07","2023-07-05",\N
"S-f7b0e0","A-66224b","Basic","92","1748.00","20976.00","FALSE","FALSE","FALSE","FALSE","annual","TRUE","2024-10","2024-11","2024-11-24",\N
"S-edeacd","A-59f724","Pro","18","882.00","10584.00","FALSE","FALSE","FALSE","FALSE","annual","TRUE","2024-01","2024-01","2024-01-01",\N
"S-3d6b69","A-2446e3","Enterprise","27","5373.00","64476.00","FALSE","FALSE","FALSE","FALSE","annual","FALSE","2024-01","2024-09","2024-09-16",\N
"S-63e282","A-6a4e2d","Pro","14","686.00","8232.00","FALSE","TRUE","FALSE","TRUE","annual","TRUE","2023-05","2024-10","2024-10-15","2024-11-07"
"S-ef2a21","A-427b69","Pro","36","1764.00","21168.00","FALSE","FALSE","FALSE","TRUE","annual","TRUE","2024-09","2024-11","2024-11-28","2024-12-09"
"S-e052d8","A-4e44e8","Pro","25","0.00","0.00","TRUE","FALSE","FALSE","FALSE","annual","TRUE","2024-08","2024-10","2024-10-26",\N
"S-2d51ca","A-96e141","Pro","32","1568.00","18816.00","FALSE","FALSE","FALSE","FALSE","monthly","TRUE","2023-10","2023-12","2023-12-05",\N
"S-0921a1","A-ee42db","Basic","22","418.00","5016.00","FALSE","FALSE","FALSE","FALSE","annual","TRUE","2023-05","2023-08","2023-08-02",\N
"S-62c98f","A-5a92e7","Pro","35","1715.00","20580.00","FALSE","FALSE","FALSE","FALSE","monthly","TRUE","2024-06","2024-10","2024-10-27",\N
"S-1cff77","A-5a3eb9","Pro","65","3185.00","38220.00","FALSE","FALSE","FALSE","FALSE","annual","TRUE","2023-09","2023-09","2023-09-20",\N
"S-3a28a1","A-b9f5b1","Enterprise","15","2985.00","35820.00","FALSE","FALSE","FALSE","FALSE","annual","TRUE","2023-03","2024-07","2024-07-25",\N
"S-42aaf0","A-6da850","Basic","6","114.00","1368.00","FALSE","FALSE","FALSE","TRUE","annual","TRUE","2023-10","2024-12","2024-12-31","2024-12-31"
"S-d02277","A-05f0e5","Enterprise","92","18308.00","219696.00","FALSE","TRUE","FALSE","FALSE","monthly","TRUE","2023-06","2024-06","2024-06-11",\N
"S-72b92f","A-bd4708","Enterprise","37","7363.00","88356.00","FALSE","FALSE","FALSE","FALSE","monthly","FALSE","2024-07","2024-12","2024-12-14",\N
"S-15609d","A-94d3da","Basic","41","0.00","0.00","TRUE","FALSE","FALSE","FALSE","monthly","FALSE","2023-06","2024-08","2024-08-04",\N
"S-6d12c1","A-d26ab4","Basic","11","209.00","2508.00","FALSE","FALSE","FALSE","FALSE","monthly","TRUE","2024-11","2024-11","2024-11-20",\N
"S-1bf267","A-c42f1f","Basic","28","532.00","6384.00","FALSE","FALSE","FALSE","FALSE","annual","TRUE","2024-07","2024-11","2024-11-13",\N
"S-2d4edf","A-69fad4","Enterprise","6","1194.00","14328.00","FALSE","FALSE","FALSE","FALSE","annual","FALSE","2023-07","2023-09","2023-09-04",\N
"S-050a91","A-d27f50","Basic","45","855.00","10260.00","FALSE","FALSE","FALSE","FALSE","annual","TRUE","2024-07","2024-08","2024-08-06",\N
"S-e41457","A-5f2961","Enterprise","4","796.00","9552.00","FALSE","FALSE","FALSE","FALSE","annual","TRUE","2024-11","2024-12","2024-12-17",\N
"S-9f2386","A-558c72","Enterprise","15","2985.00","35820.00","FALSE","FALSE","FALSE","FALSE","annual","TRUE","2023-06","2024-03","2024-03-09",\N
"S-e23fd8","A-cc98bc","Enterprise","32","0.00","0.00","TRUE","FALSE","FALSE","FALSE","annual","TRUE","2023-05","2023-06","2023-06-05",\N
"S-c1056f","A-6f8ad2","Basic","21","399.00","4788.00","FALSE","FALSE","FALSE","FALSE","monthly","FALSE","2024-07","2024-10","2024-10-23",\N
"S-c4c9ce","A-625d0b","Enterprise","10","1990.00","23880.00","FALSE","FALSE","FALSE","TRUE","monthly","TRUE","2024-09","2024-11","2024-11-16","2024-11-22"
"S-dc90ef","A-bcf87c","Pro","17","833.00","9996.00","FALSE","FALSE","FALSE","FALSE","annual","TRUE","2024-07","2024-07","2024-07-22",\N
"S-fc1114","A-4c56c9","Pro","18","882.00","10584.00","FALSE","FALSE","FALSE","TRUE","annual","TRUE","2024-05","2024-07","2024-07-17","2024-10-23"
"S-b95110","A-b07b56","Pro","25","1225.00","14700.00","FALSE","FALSE","FALSE","FALSE","monthly","FALSE","2024-11","2024-12","2024-12-16",\N
"S-e2e052","A-91e948","Pro","41","2009.00","24108.00","FALSE","FALSE","FALSE","FALSE","monthly","TRUE","2023-08","2023-11","2023-11-07",\N
"S-0de78a","A-e4144b","Basic","41","779.00","9348.00","FALSE","FALSE","FALSE","FALSE","annual","TRUE","2024-11","2024-12","2024-12-12",\N
"S-8a37c8","A-054577","Pro","8","392.00","4704.00","FALSE","FALSE","FALSE","FALSE","monthly","TRUE","2024-05","2024-12","2024-12-09",\N
"S-8d6cec","A-32fb14","Pro","32","1568.00","18816.00","FALSE","TRUE","FALSE","FALSE","annual","TRUE","2023-07","2024-07","2024-07-05",\N
"S-65dd83","A-592832","Pro","36","1764.00","21168.00","FALSE","FALSE","FALSE","FALSE","annual","TRUE","2024-09","2024-11","2024-11-07",\N
"S-fa7c1a","A-df10db","Enterprise","12","2388.00","28656.00","FALSE","FALSE","FALSE","FALSE","monthly","TRUE","2023-08","2024-10","2024-10-21",\N
"S-cc964d","A-d26ab4","Basic","15","0.00","0.00","TRUE","FALSE","FALSE","FALSE","annual","TRUE","2024-11","2024-11","2024-11-21",\N
"S-e72beb","A-712533","Pro","70","3430.00","41160.00","FALSE","TRUE","FALSE","FALSE","annual","TRUE","2023-08","2024-10","2024-10-26",\N
"S-80199e","A-50bb9f","Enterprise","18","3582.00","42984.00","FALSE","TRUE","FALSE","FALSE","monthly","TRUE","2024-07","2024-10","2024-10-26",\N
"S-b6f87e","A-8b25f2","Basic","10","190.00","2280.00","FALSE","FALSE","FALSE","FALSE","annual","TRUE","2024-02","2024-09","2024-09-30",\N
"S-6129d4","A-6965e1","Enterprise","13","2587.00","31044.00","FALSE","FALSE","FALSE","FALSE","annual","TRUE","2024-12","2024-12","2024-12-26",\N
"S-7b647e","A-d62e02","Enterprise","10","1990.00","23880.00","FALSE","FALSE","TRUE","FALSE","monthly","TRUE","2024-09","2024-09","2024-09-03",\N
"S-426f2f","A-8145a0","Enterprise","3","597.00","7164.00","FALSE","FALSE","FALSE","FALSE","annual","TRUE","2023-08","2024-03","2024-03-08",\N
"S-02cde8","A-5b4ebb","Enterprise","63","12537.00","150444.00","FALSE","FALSE","FALSE","FALSE","monthly","TRUE","2024-07","2024-11","2024-11-21",\N
"S-61a87e","A-91e948","Basic","41","779.00","9348.00","FALSE","FALSE","FALSE","FALSE","monthly","TRUE","2023-08","2023-08","2023-08-14",\N
"S-5698bd","A-52dd88","Pro","26","1274.00","15288.00","FALSE","FALSE","FALSE","FALSE","monthly","FALSE","2023-03","2023-03","2023-03-26",\N
"S-702fe2","A-d77f4c","Enterprise","11","2189.00","26268.00","FALSE","FALSE","FALSE","FALSE","monthly","TRUE","2023-10","2024-03","2024-03-27",\N
"S-3e510d","A-50f3f7","Pro","31","1519.00","18228.00","FALSE","FALSE","TRUE","FALSE","annual","TRUE","2024-01","2024-06","2024-06-27",\N
"S-ec7c12","A-cbd1a3","Enterprise","6","1194.00","14328.00","FALSE","FALSE","FALSE","FALSE","monthly","TRUE","2024-11","2024-12","2024-12-02",\N
"S-d725da","A-f17767","Pro","22","1078.00","12936.00","FALSE","FALSE","FALSE","FALSE","annual","TRUE","2023-02","2024-02","2024-02-15",\N
"S-c84c8d","A-7988d1","Enterprise","92","0.00","0.00","TRUE","FALSE","FALSE","FALSE","annual","TRUE","2024-03","2024-08","2024-08-18",\N
"S-049328","A-39b19f","Pro","55","2695.00","32340.00","FALSE","FALSE","FALSE","FALSE","monthly","TRUE","2023-02","2023-07","2023-07-20",\N
"S-d9ad28","A-4f18f0","Pro","24","1176.00","14112.00","FALSE","FALSE","FALSE","FALSE","monthly","FALSE","2024-04","2024-04","2024-04-28",\N
"S-eec041","A-c43359","Basic","38","722.00","8664.00","FALSE","TRUE","FALSE","FALSE","monthly","TRUE","2024-11","2024-12","2024-12-22",\N
"S-a554da","A-712f1c","Enterprise","17","3383.00","40596.00","FALSE","FALSE","FALSE","TRUE","annual","TRUE","2024-01","2024-04","2024-04-09","2024-07-23"
"S-2ccc04","A-9a532a","Enterprise","11","2189.00","26268.00","FALSE","FALSE","FALSE","FALSE","monthly","TRUE","2024-08","2024-10","2024-10-18",\N
"S-984f8b","A-db5e9e","Enterprise","17","3383.00","40596.00","FALSE","FALSE","TRUE","TRUE","annual","TRUE","2024-11","2024-12","2024-12-28","2024-12-28"
"S-d3613b","A-6f50ae","Enterprise","19","0.00","0.00","TRUE","FALSE","FALSE","FALSE","monthly","TRUE","2023-11","2023-11","2023-11-27",\N
"S-e27a20","A-ffc04f","Basic","13","247.00","2964.00","FALSE","FALSE","FALSE","FALSE","monthly","TRUE","2024-06","2024-12","2024-12-28",\N
"S-41871d","A-029f69","Enterprise","3","597.00","7164.00","FALSE","FALSE","FALSE","FALSE","annual","TRUE","2024-05","2024-08","2024-08-10",\N
"S-9686c6","A-eb2fdc","Pro","33","1617.00","19404.00","FALSE","FALSE","FALSE","TRUE","annual","FALSE","2024-02","2024-05","2024-05-31","2024-09-25"
"S-9b1f0e","A-e83938","Pro","2","98.00","1176.00","FALSE","TRUE","FALSE","FALSE","annual","TRUE","2024-02","2024-07","2024-07-16",\N
"S-3445f5","A-7f6b86","Basic","45","855.00","10260.00","FALSE","FALSE","FALSE","FALSE","annual","FALSE","2023-08","2023-10","2023-10-15",\N
"S-f6e14c","A-8bde0c","Enterprise","28","5572.00","66864.00","FALSE","FALSE","FALSE","FALSE","annual","TRUE","2024-11","2024-12","2024-12-15",\N
"S-94cfff","A-439b2f","Pro","22","0.00","0.00","TRUE","FALSE","FALSE","TRUE","annual","TRUE","2024-03","2024-04","2024-04-16","2024-05-18"
"S-ceb9bd","A-7da956","Pro","20","980.00","11760.00","FALSE","FALSE","FALSE","FALSE","annual","TRUE","2024-06","2024-11","2024-11-12",\N
"S-2c270f","A-9f9299","Enterprise","28","5572.00","66864.00","FALSE","FALSE","FALSE","FALSE","annual","FALSE","2023-11","2024-08","2024-08-02",\N
"S-baba71","A-8b25f2","Enterprise","10","1990.00","23880.00","FALSE","FALSE","FALSE","FALSE","monthly","TRUE","2024-02","2024-05","2024-05-03",\N
"S-d33d84","A-31ab9a","Enterprise","3","597.00","7164.00","FALSE","FALSE","FALSE","FALSE","annual","TRUE","2024-03","2024-04","2024-04-01",\N
"S-c1012c","A-b7b7b7","Enterprise","24","4776.00","57312.00","FALSE","FALSE","FALSE","FALSE","monthly","TRUE","2024-07","2024-09","2024-09-19",\N
"S-42af3d","A-40de06","Enterprise","28","5572.00","66864.00","FALSE","FALSE","FALSE","FALSE","annual","TRUE","2023-06","2023-06","2023-06-03",\N
"S-d4cc9b","A-10b8f2","Pro","54","2646.00","31752.00","FALSE","FALSE","FALSE","FALSE","annual","TRUE","2023-02","2023-10","2023-10-03",\N
"S-1351ac","A-0cc442","Enterprise","45","0.00","0.00","TRUE","FALSE","FALSE","FALSE","monthly","TRUE","2024-07","2024-07","2024-07-27",\N
"S-753a0a","A-ad64c6","Enterprise","28","5572.00","66864.00","FALSE","FALSE","FALSE","FALSE","annual","FALSE","2024-03","2024-06","2024-06-15",\N
"S-62a710","A-42b791","Pro","22","1078.00","12936.00","FALSE","FALSE","FALSE","FALSE","annual","TRUE","2024-06","2024-11","2024-11-07",\N
"S-85eb8f","A-59f724","Enterprise","22","4378.00","52536.00","FALSE","FALSE","FALSE","FALSE","monthly","TRUE","2024-01","2024-01","2024-01-29",\N
"S-e6f639","A-37f969","Pro","30","1470.00","17640.00","FALSE","FALSE","FALSE","FALSE","monthly","TRUE","2023-10","2023-12","2023-12-02",\N
"S-85ba19","A-6965e1","Enterprise","13","2587.00","31044.00","FALSE","TRUE","FALSE","FALSE","monthly","TRUE","2024-12","2024-12","2024-12-11",\N
"S-a14f63","A-e1b9cd","Enterprise","40","7960.00","95520.00","FALSE","FALSE","TRUE","FALSE","monthly","TRUE","2023-03","2024-02","2024-02-04",\N
"S-f80ef5","A-e51ec7","Basic","5","0.00","0.00","TRUE","FALSE","FALSE","FALSE","annual","TRUE","2023-11","2024-03","2024-03-22",\N
"S-ed4e09","A-e43bf7","Pro","44","2156.00","25872.00","FALSE","TRUE","FALSE","FALSE","annual","TRUE","2023-05","2024-02","2024-02-26",\N
"S-f49e0b","A-7f6b86","Pro","45","2205.00","26460.00","FALSE","TRUE","FALSE","TRUE","annual","TRUE","2023-08","2024-01","2024-01-21","2024-03-21"
"S-22be2c","A-35083d","Enterprise","49","9751.00","117012.00","FALSE","FALSE","FALSE","FALSE","monthly","TRUE","2023-06","2024-12","2024-12-15",\N
"S-6587d8","A-2446e3","Enterprise","27","5373.00","64476.00","FALSE","FALSE","FALSE","FALSE","monthly","FALSE","2024-01","2024-04","2024-04-18",\N
"S-44fba6","A-82d8a6","Enterprise","7","0.00","0.00","TRUE","FALSE","FALSE","FALSE","annual","TRUE","2024-12","2024-12","2024-12-22",\N
"S-f14c84","A-fa2041","Basic","18","0.00","0.00","TRUE","FALSE","FALSE","FALSE","monthly","TRUE","2024-06","2024-06","2024-06-11",\N
"S-f243c1","A-e888d1","Pro","14","0.00","0.00","TRUE","FALSE","FALSE","TRUE","annual","TRUE","2023-05","2024-03","2024-03-12","2024-12-28"
"S-ca454e","A-9174e0","Enterprise","37","7363.00","88356.00","FALSE","FALSE","FALSE","FALSE","monthly","TRUE","2024-12","2024-12","2024-12-14",\N
"S-3e8283","A-940b8b","Pro","24","1176.00","14112.00","FALSE","TRUE","FALSE","FALSE","annual","FALSE","2024-04","2024-04","2024-04-29",\N
"S-70ae65","A-df1e44","Pro","63","3087.00","37044.00","FALSE","TRUE","FALSE","FALSE","monthly","TRUE","2024-03","2024-05","2024-05-23",\N
"S-f615d2","A-0a282f","Pro","18","882.00","10584.00","FALSE","TRUE","FALSE","FALSE","monthly","TRUE","2024-08","2024-10","2024-10-23",\N
"S-a8f236","A-855a48","Enterprise","14","2786.00","33432.00","FALSE","FALSE","FALSE","FALSE","monthly","FALSE","2024-01","2024-03","2024-03-17",\N
"S-684751","A-86cdb4","Basic","17","323.00","3876.00","FALSE","FALSE","FALSE","FALSE","monthly","TRUE","2024-10","2024-12","2024-12-31",\N
"S-4d9635","A-dcc3f1","Enterprise","22","4378.00","52536.00","FALSE","FALSE","FALSE","FALSE","annual","TRUE","2023-12","2024-08","2024-08-05",\N
"S-43c489","A-c222ab","Pro","32","1568.00","18816.00","FALSE","FALSE","FALSE","FALSE","annual","TRUE","2024-08","2024-08","2024-08-27",\N
"S-a346d6","A-0a282f","Enterprise","19","3781.00","45372.00","FALSE","FALSE","FALSE","TRUE","annual","TRUE","2024-08","2024-08","2024-08-31","2024-09-25"
"S-47ce2d","A-d792a6","Pro","37","1813.00","21756.00","FALSE","FALSE","FALSE","FALSE","monthly","TRUE","2023-02","2023-02","2023-02-06",\N
"S-b4212b","A-10b8da","Enterprise","17","3383.00","40596.00","FALSE","TRUE","FALSE","TRUE","monthly","TRUE","2023-05","2023-05","2023-05-12","2024-01-21"
"S-006908","A-d82ef9","Pro","26","1274.00","15288.00","FALSE","FALSE","TRUE","FALSE","monthly","TRUE","2024-07","2024-09","2024-09-28",\N
"S-60b7c7","A-02fac6","Enterprise","23","4577.00","54924.00","FALSE","FALSE","FALSE","FALSE","annual","FALSE","2023-10","2024-05","2024-05-02",\N
"S-3e54f5","A-157070","Basic","17","323.00","3876.00","FALSE","FALSE","FALSE","FALSE","annual","TRUE","2023-12","2023-12","2023-12-12",\N
"S-e32789","A-ac85cd","Pro","53","2597.00","31164.00","FALSE","FALSE","TRUE","FALSE","annual","TRUE","2024-08","2024-10","2024-10-13",\N
"S-6f398a","A-8ed5dd","Pro","5","245.00","2940.00","FALSE","FALSE","FALSE","FALSE","annual","TRUE","2023-08","2023-11","2023-11-13",\N
"S-ccc0fe","A-1619f8","Basic","29","551.00","6612.00","FALSE","FALSE","FALSE","FALSE","monthly","TRUE","2024-06","2024-11","2024-11-28",\N
"S-1dd0ad","A-ac85cd","Basic","53","1007.00","12084.00","FALSE","TRUE","FALSE","FALSE","monthly","TRUE","2024-08","2024-11","2024-11-11",\N
"S-52385a","A-0aaf6e","Basic","3","57.00","684.00","FALSE","FALSE","FALSE","FALSE","monthly","TRUE","2024-06","2024-11","2024-11-13",\N
"S-26a630","A-5247b3","Enterprise","16","3184.00","38208.00","FALSE","FALSE","FALSE","FALSE","monthly","TRUE","2024-03","2024-03","2024-03-23",\N
"S-904784","A-9badbd","Enterprise","20","0.00","0.00","TRUE","FALSE","FALSE","FALSE","monthly","FALSE","2024-06","2024-09","2024-09-20",\N
"S-80a6a6","A-4437e4","Enterprise","3","597.00","7164.00","FALSE","FALSE","FALSE","FALSE","annual","TRUE","2023-11","2024-12","2024-12-07",\N
"S-d2d423","A-72799b","Enterprise","20","3980.00","47760.00","FALSE","FALSE","FALSE","FALSE","monthly","TRUE","2023-11","2024-08","2024-08-12",\N
"S-bdac36","A-443f6f","Enterprise","19","3781.00","45372.00","FALSE","FALSE","FALSE","FALSE","monthly","FALSE","2024-12","2024-12","2024-12-08",\N
"S-a68f4f","A-2ebb4b","Basic","41","0.00","0.00","TRUE","FALSE","FALSE","FALSE","monthly","TRUE","2023-06","2023-06","2023-06-04",\N
"S-eb84b1","A-05d3b3","Pro","9","441.00","5292.00","FALSE","FALSE","FALSE","FALSE","monthly","FALSE","2023-07","2024-08","2024-08-24",\N
"S-c9b181","A-443b7c","Pro","28","1372.00","16464.00","FALSE","TRUE","FALSE","FALSE","monthly","TRUE","2024-09","2024-10","2024-10-08",\N
"S-2e55e6","A-f19409","Basic","35","665.00","7980.00","FALSE","FALSE","FALSE","FALSE","annual","FALSE","2023-04","2024-12","2024-12-20",\N
"S-863c87","A-e43bf7","Enterprise","70","13930.00","167160.00","FALSE","TRUE","FALSE","FALSE","annual","TRUE","2023-05","2023-07","2023-07-05",\N
"S-7564c5","A-96215d","Pro","17","833.00","9996.00","FALSE","FALSE","FALSE","FALSE","monthly","FALSE","2024-08","2024-09","2024-09-12",\N
"S-8a9db8","A-474ad4","Enterprise","8","1592.00","19104.00","FALSE","FALSE","FALSE","TRUE","annual","TRUE","2023-12","2024-11","2024-11-30","2024-12-07"
"S-200752","A-4d1e75","Pro","20","980.00","11760.00","FALSE","TRUE","FALSE","FALSE","monthly","FALSE","2024-09","2024-09","2024-09-17",\N
"S-74e211","A-3d957b","Pro","14","686.00","8232.00","FALSE","TRUE","FALSE","FALSE","monthly","FALSE","2024-07","2024-07","2024-07-15",\N
"S-2aadef","A-1619f8","Pro","29","1421.00","17052.00","FALSE","FALSE","FALSE","FALSE","annual","TRUE","2024-06","2024-11","2024-11-16",\N
"S-fdc415","A-726cfa","Enterprise","30","5970.00","71640.00","FALSE","FALSE","FALSE","FALSE","annual","TRUE","2023-07","2023-08","2023-08-10",\N
"S-c03f87","A-6f50ae","Enterprise","19","3781.00","45372.00","FALSE","FALSE","FALSE","FALSE","annual","TRUE","2023-11","2024-01","2024-01-05",\N
"S-a245f6","A-86902e","Basic","34","646.00","7752.00","FALSE","FALSE","FALSE","FALSE","monthly","TRUE","2023-07","2023-12","2023-12-28",\N
"S-a1cc61","A-bc4d48","Basic","35","665.00","7980.00","FALSE","FALSE","FALSE","FALSE","annual","TRUE","2024-06","2024-07","2024-07-04",\N
"S-9b96c2","A-02cd81","Enterprise","44","8756.00","105072.00","FALSE","FALSE","FALSE","FALSE","monthly","TRUE","2024-03","2024-05","2024-05-13",\N
"S-2e79e8","A-cb5333","Pro","33","0.00","0.00","TRUE","FALSE","FALSE","FALSE","monthly","TRUE","2024-04","2024-05","2024-05-16",\N
"S-f965de","A-ab438f","Pro","64","0.00","0.00","TRUE","TRUE","FALSE","TRUE","monthly","TRUE","2024-10","2024-10","2024-10-20","2024-12-18"
"S-abff7d","A-94f8c9","Basic","20","0.00","0.00","TRUE","FALSE","FALSE","FALSE","annual","TRUE","2024-04","2024-06","2024-06-26",\N
"S-791c64","A-a1b80b","Pro","16","0.00","0.00","TRUE","FALSE","FALSE","FALSE","annual","TRUE","2024-03","2024-11","2024-11-07",\N
"S-7b7be8","A-d42431","Basic","91","1729.00","20748.00","FALSE","FALSE","FALSE","FALSE","monthly","TRUE","2024-06","2024-07","2024-07-08",\N
"S-6055d4","A-ce550d","Enterprise","35","0.00","0.00","TRUE","FALSE","FALSE","FALSE","monthly","TRUE","2024-10","2024-11","2024-11-13",\N
"S-938e4e","A-794a0b","Pro","23","0.00","0.00","TRUE","FALSE","FALSE","FALSE","annual","FALSE","2023-08","2024-06","2024-06-02",\N
"S-1f3254","A-4c56c9","Basic","18","342.00","4104.00","FALSE","FALSE","FALSE","FALSE","annual","TRUE","2024-05","2024-12","2024-12-29",\N
"S-2c4909","A-659280","Basic","13","247.00","2964.00","FALSE","FALSE","FALSE","FALSE","monthly","FALSE","2023-11","2024-05","2024-05-10",\N
"S-e143c9","A-bd4513","Pro","50","2450.00","29400.00","FALSE","FALSE","FALSE","FALSE","annual","TRUE","2024-11","2024-12","2024-12-01",\N
"S-c3213f","A-1d5444","Enterprise","41","8159.00","97908.00","FALSE","FALSE","FALSE","FALSE","annual","FALSE","2024-03","2024-08","2024-08-02",\N
"S-102053","A-4e0e85","Enterprise","6","1194.00","14328.00","FALSE","FALSE","FALSE","FALSE","monthly","TRUE","2024-02","2024-04","2024-04-10",\N
"S-43c2e3","A-6f8ad2","Enterprise","35","6965.00","83580.00","FALSE","TRUE","FALSE","FALSE","monthly","TRUE","2024-07","2024-08","2024-08-11",\N
"S-a2b83d","A-cc8c8f","Basic","23","437.00","5244.00","FALSE","FALSE","FALSE","FALSE","annual","TRUE","2024-06","2024-07","2024-07-26",\N
"S-b6793d","A-6f50ae","Pro","22","1078.00","12936.00","FALSE","FALSE","FALSE","FALSE","annual","FALSE","2023-11","2024-07","2024-07-19",\N
"S-a3a1c1","A-f25509","Pro","47","2303.00","27636.00","FALSE","FALSE","FALSE","FALSE","monthly","TRUE","2024-05","2024-10","2024-10-02",\N
"S-260e48","A-7f4db3","Pro","10","490.00","5880.00","FALSE","FALSE","FALSE","FALSE","annual","TRUE","2023-03","2023-07","2023-07-16",\N
"S-e98296","A-6f8ad2","Pro","16","784.00","9408.00","FALSE","FALSE","TRUE","FALSE","monthly","TRUE","2024-07","2024-10","2024-10-22",\N
"S-7d55dc","A-08e34e","Enterprise","30","5970.00","71640.00","FALSE","FALSE","FALSE","FALSE","annual","TRUE","2024-07","2024-09","2024-09-01",\N
"S-d26ff6","A-a0ca4e","Enterprise","26","5174.00","62088.00","FALSE","FALSE","FALSE","FALSE","monthly","TRUE","2024-03","2024-12","2024-12-01",\N
"S-ba8c46","A-9f0b68","Pro","18","882.00","10584.00","FALSE","TRUE","FALSE","FALSE","monthly","TRUE","2024-05","2024-10","2024-10-16",\N
"S-992c2a","A-d922bf","Enterprise","26","0.00","0.00","TRUE","FALSE","FALSE","FALSE","monthly","TRUE","2023-10","2024-08","2024-08-11",\N
"S-19f899","A-331424","Enterprise","11","2189.00","26268.00","FALSE","FALSE","FALSE","FALSE","annual","FALSE","2024-01","2024-05","2024-05-01",\N
"S-b95751","A-02cd81","Basic","44","0.00","0.00","TRUE","FALSE","FALSE","FALSE","monthly","TRUE","2024-03","2024-04","2024-04-24",\N
"S-d74a31","A-993085","Pro","33","1617.00","19404.00","FALSE","FALSE","FALSE","FALSE","monthly","TRUE","2023-08","2024-09","2024-09-23",\N
"S-676254","A-854864","Pro","20","980.00","11760.00","FALSE","FALSE","FALSE","FALSE","annual","TRUE","2024-12","2024-12","2024-12-31",\N
"S-3ad7c4","A-f17767","Pro","11","539.00","6468.00","FALSE","TRUE","FALSE","TRUE","monthly","TRUE","2023-02","2024-01","2024-01-03","2024-01-28"
"S-96fb48","A-1f7acb","Pro","64","3136.00","37632.00","FALSE","FALSE","TRUE","FALSE","monthly","TRUE","2023-09","2024-08","2024-08-27",\N
"S-afea79","A-05f0e5","Pro","32","1568.00","18816.00","FALSE","TRUE","FALSE","FALSE","annual","FALSE","2023-06","2024-08","2024-08-16",\N
"S-c8a983","A-2d4502","Pro","12","588.00","7056.00","FALSE","FALSE","FALSE","FALSE","annual","FALSE","2024-04","2024-12","2024-12-04",\N
"S-e3c3c8","A-856b1e","Pro","25","1225.00","14700.00","FALSE","TRUE","FALSE","FALSE","monthly","FALSE","2023-11","2023-12","2023-12-30",\N
"S-020222","A-02fac6","Pro","22","1078.00","12936.00","FALSE","FALSE","FALSE","FALSE","monthly","TRUE","2023-10","2024-05","2024-05-23",\N
"S-65c079","A-417d2f","Basic","5","95.00","1140.00","FALSE","FALSE","FALSE","FALSE","annual","TRUE","2023-07","2023-07","2023-07-04",\N
"S-056af2","A-054577","Enterprise","75","14925.00","179100.00","FALSE","FALSE","FALSE","FALSE","monthly","TRUE","2024-05","2024-09","2024-09-05",\N
"S-09761d","A-6843f2","Pro","23","1127.00","13524.00","FALSE","FALSE","FALSE","FALSE","annual","TRUE","2024-12","2024-12","2024-12-31",\N
"S-a7d379","A-702032","Basic","28","532.00","6384.00","FALSE","FALSE","FALSE","FALSE","monthly","TRUE","2024-04","2024-11","2024-11-28",\N
"S-a903ad","A-59f724","Pro","27","1323.00","15876.00","FALSE","FALSE","FALSE","FALSE","annual","TRUE","2024-01","2024-06","2024-06-22",\N
"S-de3416","A-0dbdc6","Pro","47","2303.00","27636.00","FALSE","FALSE","FALSE","FALSE","annual","TRUE","2023-06","2024-12","2024-12-15",\N
"S-9161b0","A-4d1e75","Enterprise","62","12338.00","148056.00","FALSE","TRUE","FALSE","FALSE","monthly","TRUE","2024-09","2024-09","2024-09-14",\N
"S-f3274c","A-43a9e3","Pro","18","882.00","10584.00","FALSE","FALSE","FALSE","FALSE","annual","FALSE","2023-09","2024-02","2024-02-07",\N
"S-2991c7","A-443b7c","Pro","38","1862.00","22344.00","FALSE","FALSE","FALSE","FALSE","monthly","TRUE","2024-09","2024-11","2024-11-11",\N
"S-239a39","A-30b4ca","Pro","86","4214.00","50568.00","FALSE","FALSE","FALSE","FALSE","monthly","TRUE","2024-05","2024-07","2024-07-01",\N
"S-19f80d","A-d62e02","Basic","32","608.00","7296.00","FALSE","FALSE","FALSE","FALSE","annual","TRUE","2024-09","2024-12","2024-12-02",\N
"S-13c8b6","A-89ee83","Basic","27","513.00","6156.00","FALSE","FALSE","FALSE","FALSE","monthly","TRUE","2024-10","2024-10","2024-10-29",\N
"S-d5a07a","A-19b2c8","Basic","24","456.00","5472.00","FALSE","FALSE","FALSE","FALSE","annual","TRUE","2023-06","2024-07","2024-07-12",\N
"S-e5ba1c","A-39868b","Enterprise","9","1791.00","21492.00","FALSE","FALSE","FALSE","FALSE","annual","TRUE","2024-04","2024-06","2024-06-22",\N
"S-e2793d","A-4c38bc","Basic","36","684.00","8208.00","FALSE","FALSE","FALSE","FALSE","monthly","TRUE","2024-03","2024-10","2024-10-07",\N
"S-a37653","A-812c5b","Pro","55","2695.00","32340.00","FALSE","FALSE","FALSE","FALSE","monthly","FALSE","2024-04","2024-10","2024-10-12",\N
"S-0b25d7","A-0e966d","Basic","22","418.00","5016.00","FALSE","FALSE","FALSE","FALSE","monthly","TRUE","2024-06","2024-10","2024-10-30",\N
"S-75c1b4","A-5a3eb9","Pro","18","882.00","10584.00","FALSE","FALSE","FALSE","TRUE","annual","TRUE","2023-09","2024-12","2024-12-10","2024-12-28"
"S-7262b9","A-4a4c2d","Basic","54","1026.00","12312.00","FALSE","FALSE","FALSE","FALSE","monthly","TRUE","2023-07","2024-10","2024-10-03",\N
"S-6c6e62","A-5fe118","Basic","39","0.00","0.00","TRUE","FALSE","FALSE","FALSE","monthly","TRUE","2024-12","2024-12","2024-12-29",\N
"S-add03a","A-0cc442","Enterprise","45","8955.00","107460.00","FALSE","FALSE","FALSE","FALSE","annual","TRUE","2024-07","2024-12","2024-12-18",\N
"S-648e54","A-993085","Pro","31","1519.00","18228.00","FALSE","TRUE","FALSE","FALSE","monthly","TRUE","2023-08","2024-06","2024-06-28",\N
"S-01bbfe","A-50f3f7","Pro","31","1519.00","18228.00","FALSE","FALSE","FALSE","FALSE","annual","TRUE","2024-01","2024-07","2024-07-12",\N
"S-6c9dc9","A-de24d5","Basic","10","190.00","2280.00","FALSE","FALSE","FALSE","FALSE","monthly","TRUE","2024-11","2024-12","2024-12-26",\N
"S-826424","A-fa2041","Enterprise","18","3582.00","42984.00","FALSE","FALSE","FALSE","FALSE","annual","TRUE","2024-06","2024-10","2024-10-30",\N
"S-e64c2b","A-c16b88","Enterprise","23","4577.00","54924.00","FALSE","TRUE","FALSE","FALSE","annual","FALSE","2024-03","2024-11","2024-11-25",\N
"S-c693b6","A-d4ac0e","Basic","27","513.00","6156.00","FALSE","TRUE","FALSE","FALSE","monthly","FALSE","2024-05","2024-08","2024-08-09",\N
"S-096065","A-2b9d3e","Enterprise","11","0.00","0.00","TRUE","FALSE","FALSE","FALSE","annual","TRUE","2023-09","2024-03","2024-03-27",\N
"S-d449e1","A-ccabf0","Basic","25","0.00","0.00","TRUE","FALSE","FALSE","TRUE","annual","TRUE","2023-11","2024-10","2024-10-15","2024-11-06"
"S-592c0d","A-a7bd4b","Pro","5","0.00","0.00","TRUE","FALSE","FALSE","FALSE","annual","TRUE","2023-03","2023-06","2023-06-13",\N
"S-ab24c6","A-4e631b","Enterprise","22","4378.00","52536.00","FALSE","FALSE","TRUE","FALSE","annual","TRUE","2024-03","2024-10","2024-10-15",\N
"S-e32b34","A-4c56c9","Basic","12","228.00","2736.00","FALSE","FALSE","FALSE","FALSE","monthly","TRUE","2024-05","2024-07","2024-07-23",\N
"S-191550","A-6c093d","Basic","15","285.00","3420.00","FALSE","TRUE","FALSE","FALSE","monthly","TRUE","2023-04","2024-05","2024-05-08",\N
"S-c65c8b","A-bc4d48","Basic","35","665.00","7980.00","FALSE","FALSE","FALSE","FALSE","annual","FALSE","2024-06","2024-06","2024-06-26",\N
"S-39e88c","A-3b37d9","Pro","23","1127.00","13524.00","FALSE","FALSE","FALSE","FALSE","annual","TRUE","2023-04","2023-07","2023-07-10",\N
"S-9a08ff","A-a1bbb6","Enterprise","16","3184.00","38208.00","FALSE","FALSE","FALSE","FALSE","annual","FALSE","2023-04","2023-06","2023-06-07",\N
"S-95d15a","A-9289f6","Basic","13","247.00","2964.00","FALSE","FALSE","FALSE","FALSE","annual","TRUE","2023-07","2024-12","2024-12-05",\N
"S-7c5f3b","A-1e1b80","Basic","50","950.00","11400.00","FALSE","FALSE","FALSE","FALSE","monthly","TRUE","2023-10","2024-04","2024-04-30",\N
"S-70af60","A-0354fe","Basic","34","0.00","0.00","TRUE","FALSE","FALSE","FALSE","annual","TRUE","2024-11","2024-12","2024-12-10",\N
"S-175429","A-b54c01","Basic","29","551.00","6612.00","FALSE","FALSE","FALSE","FALSE","annual","FALSE","2024-10","2024-12","2024-12-23",\N
"S-d36b9f","A-0cc442","Enterprise","45","8955.00","107460.00","FALSE","FALSE","FALSE","FALSE","annual","FALSE","2024-07","2024-11","2024-11-01",\N
"S-65071f","A-b9f5b1","Basic","43","817.00","9804.00","FALSE","FALSE","FALSE","FALSE","monthly","TRUE","2023-03","2024-08","2024-08-11",\N
"S-ab63e3","A-0354fe","Basic","34","646.00","7752.00","FALSE","FALSE","FALSE","FALSE","annual","TRUE","2024-11","2024-11","2024-11-23",\N
"S-260d1e","A-337bc1","Enterprise","31","6169.00","74028.00","FALSE","FALSE","FALSE","FALSE","annual","TRUE","2023-08","2024-03","2024-03-05",\N
"S-bdc6b7","A-7f29a7","Enterprise","41","8159.00","97908.00","FALSE","FALSE","FALSE","TRUE","monthly","FALSE","2024-09","2024-12","2024-12-02","2024-12-25"
"S-1c3522","A-075038","Pro","17","0.00","0.00","TRUE","FALSE","FALSE","FALSE","annual","TRUE","2023-07","2023-11","2023-11-26",\N
"S-891ad9","A-7988d1","Basic","33","0.00","0.00","TRUE","FALSE","FALSE","FALSE","monthly","TRUE","2024-03","2024-12","2024-12-03",\N
"S-2c1ca6","A-118f1c","Enterprise","32","6368.00","76416.00","FALSE","FALSE","FALSE","FALSE","monthly","FALSE","2024-10","2024-11","2024-11-11",\N
"S-11066a","A-779e4e","Pro","19","931.00","11172.00","FALSE","FALSE","FALSE","TRUE","annual","TRUE","2023-01","2023-02","2023-02-12","2023-11-24"
"S-f4db1d","A-526d93","Enterprise","43","0.00","0.00","TRUE","FALSE","FALSE","FALSE","annual","TRUE","2024-04","2024-07","2024-07-05",\N
"S-45baa6","A-0a282f","Pro","4","196.00","2352.00","FALSE","FALSE","FALSE","FALSE","monthly","TRUE","2024-08","2024-10","2024-10-08",\N
"S-f74ac6","A-684255","Pro","9","441.00","5292.00","FALSE","FALSE","FALSE","FALSE","monthly","TRUE","2024-04","2024-07","2024-07-01",\N
"S-bc1457","A-69b156","Enterprise","7","1393.00","16716.00","FALSE","FALSE","TRUE","FALSE","annual","TRUE","2023-12","2024-10","2024-10-06",\N
"S-b8daaa","A-4bfa33","Enterprise","8","0.00","0.00","TRUE","FALSE","FALSE","FALSE","annual","TRUE","2024-12","2024-12","2024-12-25",\N
"S-49aa80","A-a45270","Pro","3","147.00","1764.00","FALSE","FALSE","TRUE","TRUE","monthly","TRUE","2024-07","2024-12","2024-12-22","2024-12-30"
"S-9740c1","A-9f0b68","Enterprise","10","1990.00","23880.00","FALSE","FALSE","FALSE","FALSE","monthly","TRUE","2024-05","2024-06","2024-06-14",\N
"S-d6c9dc","A-80eeb6","Basic","27","513.00","6156.00","FALSE","FALSE","FALSE","FALSE","annual","TRUE","2023-07","2024-10","2024-10-07",\N
"S-1e8c9e","A-c37cab","Pro","13","637.00","7644.00","FALSE","FALSE","FALSE","FALSE","monthly","TRUE","2024-07","2024-12","2024-12-13",\N
"S-4c0b7b","A-e60f9d","Basic","60","1140.00","13680.00","FALSE","FALSE","TRUE","FALSE","annual","TRUE","2024-09","2024-10","2024-10-21",\N
"S-e7b281","A-86902e","Pro","34","1666.00","19992.00","FALSE","FALSE","FALSE","FALSE","monthly","TRUE","2023-07","2024-05","2024-05-05",\N
"S-761a0f","A-d792a6","Enterprise","65","12935.00","155220.00","FALSE","FALSE","FALSE","FALSE","annual","TRUE","2023-02","2024-10","2024-10-17",\N
"S-859ee0","A-8bde0c","Enterprise","28","5572.00","66864.00","FALSE","FALSE","FALSE","FALSE","monthly","TRUE","2024-11","2024-12","2024-12-26",\N
"S-924925","A-4d1e75","Pro","31","1519.00","18228.00","FALSE","FALSE","FALSE","FALSE","monthly","FALSE","2024-09","2024-11","2024-11-17",\N
"S-c55cbb","A-798a3f","Enterprise","12","0.00","0.00","TRUE","FALSE","FALSE","FALSE","monthly","TRUE","2023-12","2024-09","2024-09-11",\N
"S-872bdd","A-d3c88e","Enterprise","16","3184.00","38208.00","FALSE","FALSE","FALSE","FALSE","annual","TRUE","2024-10","2024-10","2024-10-23",\N
"S-bf9b37","A-692f18","Pro","6","294.00","3528.00","FALSE","FALSE","FALSE","FALSE","annual","TRUE","2024-03","2024-05","2024-05-25",\N
"S-51924b","A-67be94","Basic","62","1178.00","14136.00","FALSE","FALSE","FALSE","FALSE","annual","TRUE","2023-08","2024-01","2024-01-18",\N
"S-b03125","A-fd9422","Pro","58","2842.00","34104.00","FALSE","FALSE","TRUE","FALSE","annual","TRUE","2024-05","2024-12","2024-12-20",\N
"S-02ab8b","A-4e44e8","Enterprise","75","14925.00","179100.00","FALSE","FALSE","FALSE","FALSE","monthly","TRUE","2024-08","2024-11","2024-11-03",\N
"S-de5d6e","A-e36807","Basic","26","494.00","5928.00","FALSE","FALSE","FALSE","FALSE","monthly","TRUE","2024-06","2024-09","2024-09-25",\N
"S-e1fa5b","A-157070","Enterprise","16","3184.00","38208.00","FALSE","FALSE","FALSE","TRUE","monthly","TRUE","2023-12","2024-12","2024-12-08","2024-12-25"
"S-b41494","A-b7724f","Basic","33","627.00","7524.00","FALSE","FALSE","FALSE","FALSE","monthly","TRUE","2023-06","2023-06","2023-06-03",\N
"S-d7ccbd","A-db5e9e","Pro","40","0.00","0.00","TRUE","FALSE","FALSE","FALSE","monthly","TRUE","2024-11","2024-12","2024-12-22",\N
"S-34f2f9","A-f19409","Enterprise","23","4577.00","54924.00","FALSE","FALSE","FALSE","FALSE","annual","TRUE","2023-04","2024-09","2024-09-16",\N
"S-54d2a3","A-712f1c","Enterprise","17","3383.00","40596.00","FALSE","FALSE","FALSE","FALSE","monthly","TRUE","2024-01","2024-01","2024-01-21",\N
"S-d1350e","A-6c093d","Enterprise","61","12139.00","145668.00","FALSE","FALSE","FALSE","FALSE","annual","TRUE","2023-04","2024-07","2024-07-27",\N
"S-e76e80","A-832ec2","Basic","25","0.00","0.00","TRUE","FALSE","FALSE","FALSE","monthly","TRUE","2024-01","2024-01","2024-01-02",\N
"S-f4097a","A-faa28c","Enterprise","48","9552.00","114624.00","FALSE","FALSE","FALSE","FALSE","monthly","FALSE","2024-02","2024-06","2024-06-06",\N
"S-d4f02f","A-342303","Pro","28","1372.00","16464.00","FALSE","FALSE","FALSE","FALSE","annual","TRUE","2024-05","2024-07","2024-07-10",\N
"S-bf3403","A-0cc442","Enterprise","45","8955.00","107460.00","FALSE","FALSE","FALSE","FALSE","annual","FALSE","2024-07","2024-11","2024-11-10",\N
"S-0a83cc","A-d922bf","Basic","5","0.00","0.00","TRUE","FALSE","FALSE","FALSE","annual","TRUE","2023-10","2024-02","2024-02-16",\N
"S-1a9fb7","A-b30291","Enterprise","16","3184.00","38208.00","FALSE","FALSE","FALSE","FALSE","monthly","TRUE","2024-04","2024-06","2024-06-04",\N
"S-1a3627","A-86fc1d","Basic","26","0.00","0.00","TRUE","FALSE","FALSE","FALSE","monthly","TRUE","2024-08","2024-12","2024-12-31",\N
"S-93f835","A-5a215a","Pro","87","4263.00","51156.00","FALSE","TRUE","FALSE","FALSE","monthly","TRUE","2024-01","2024-02","2024-02-11",\N
"S-75e469","A-b78bf8","Pro","33","1617.00","19404.00","FALSE","FALSE","FALSE","FALSE","monthly","TRUE","2024-11","2024-12","2024-12-28",\N
"S-409291","A-3932db","Pro","36","1764.00","21168.00","FALSE","FALSE","FALSE","FALSE","annual","TRUE","2023-12","2024-10","2024-10-29",\N
"S-41cdf0","A-68f37c","Pro","17","0.00","0.00","TRUE","TRUE","FALSE","TRUE","monthly","TRUE","2023-07","2023-08","2023-08-15","2023-11-03"
"S-5be27b","A-5b4ebb","Enterprise","21","4179.00","50148.00","FALSE","FALSE","FALSE","FALSE","annual","TRUE","2024-07","2024-10","2024-10-18",\N
"S-8f7c91","A-ccb686","Basic","11","209.00","2508.00","FALSE","FALSE","FALSE","FALSE","annual","TRUE","2024-02","2024-12","2024-12-11",\N
"S-aaed3e","A-e6afc1","Pro","9","0.00","0.00","TRUE","FALSE","FALSE","FALSE","monthly","FALSE","2023-05","2024-12","2024-12-18",\N
"S-4fdfa3","A-5a3eb9","Enterprise","18","3582.00","42984.00","FALSE","FALSE","FALSE","FALSE","monthly","TRUE","2023-09","2024-11","2024-11-09",\N
"S-f421c8","A-9badbd","Basic","28","532.00","6384.00","FALSE","FALSE","FALSE","FALSE","annual","TRUE","2024-06","2024-06","2024-06-29",\N
"S-34553e","A-d49cc5","Basic","50","950.00","11400.00","FALSE","FALSE","FALSE","FALSE","annual","FALSE","2024-02","2024-06","2024-06-25",\N
"S-e6a17a","A-039727","Enterprise","25","4975.00","59700.00","FALSE","TRUE","FALSE","TRUE","annual","TRUE","2024-11","2024-12","2024-12-19","2024-12-30"
"S-9d36ff","A-2e3bad","Enterprise","61","0.00","0.00","TRUE","FALSE","FALSE","FALSE","monthly","TRUE","2023-08","2024-03","2024-03-11",\N
"S-583ae2","A-726cfa","Basic","17","323.00","3876.00","FALSE","FALSE","FALSE","FALSE","annual","FALSE","2023-07","2024-01","2024-01-05",\N
"S-e162d0","A-503d5a","Basic","19","0.00","0.00","TRUE","FALSE","FALSE","FALSE","monthly","TRUE","2023-10","2023-12","2023-12-18",\N
"S-96383d","A-39ddf4","Enterprise","40","7960.00","95520.00","FALSE","FALSE","FALSE","FALSE","annual","TRUE","2024-12","2024-12","2024-12-29",\N
"S-f0ad87","A-acb7f7","Basic","32","0.00","0.00","TRUE","FALSE","FALSE","FALSE","annual","FALSE","2024-01","2024-10","2024-10-13",\N
"S-d619ad","A-bc4d48","Pro","35","0.00","0.00","TRUE","FALSE","FALSE","FALSE","monthly","TRUE","2024-06","2024-06","2024-06-29",\N
"S-d65491","A-186a44","Pro","20","0.00","0.00","TRUE","FALSE","FALSE","FALSE","annual","TRUE","2023-08","2024-12","2024-12-17",\N
"S-34cc51","A-118d55","Basic","15","285.00","3420.00","FALSE","FALSE","FALSE","FALSE","annual","FALSE","2024-10","2024-11","2024-11-21",\N
"S-e4ba87","A-e40f45","Basic","27","513.00","6156.00","FALSE","FALSE","FALSE","FALSE","annual","TRUE","2024-05","2024-05","2024-05-23",\N
"S-709484","A-bcf664","Pro","8","392.00","4704.00","FALSE","FALSE","FALSE","FALSE","annual","TRUE","2023-06","2024-08","2024-08-22",\N
"S-631547","A-d82ef9","Basic","26","0.00","0.00","TRUE","FALSE","FALSE","FALSE","annual","FALSE","2024-07","2024-11","2024-11-28",\N
"S-d7e65d","A-5a92e7","Pro","20","980.00","11760.00","FALSE","FALSE","FALSE","FALSE","monthly","TRUE","2024-06","2024-08","2024-08-30",\N
"S-f32440","A-0a282f","Basic","40","760.00","9120.00","FALSE","FALSE","FALSE","FALSE","monthly","TRUE","2024-08","2024-10","2024-10-06",\N
"S-44d025","A-d4ac0e","Pro","18","882.00","10584.00","FALSE","FALSE","FALSE","FALSE","annual","TRUE","2024-05","2024-11","2024-11-29",\N
"S-e3a257","A-84ebe4","Pro","18","882.00","10584.00","FALSE","FALSE","FALSE","FALSE","annual","TRUE","2023-05","2024-02","2024-02-14",\N
"S-6e0562","A-9bfc9f","Pro","53","2597.00","31164.00","FALSE","FALSE","FALSE","FALSE","annual","TRUE","2023-09","2024-03","2024-03-15",\N
"S-11d378","A-f51f16","Basic","24","456.00","5472.00","FALSE","TRUE","FALSE","FALSE","monthly","TRUE","2024-02","2024-02","2024-02-18",\N
"S-a69559","A-cd458b","Basic","10","190.00","2280.00","FALSE","FALSE","FALSE","FALSE","monthly","FALSE","2024-07","2024-08","2024-08-25",\N
"S-984423","A-96e141","Enterprise","25","4975.00","59700.00","FALSE","FALSE","FALSE","FALSE","monthly","TRUE","2023-10","2024-08","2024-08-21",\N
"S-49e3e5","A-6e7827","Basic","9","171.00","2052.00","FALSE","TRUE","FALSE","FALSE","monthly","TRUE","2023-06","2023-06","2023-06-11",\N
"S-0b6e58","A-1e1b80","Enterprise","50","9950.00","119400.00","FALSE","FALSE","FALSE","FALSE","annual","FALSE","2023-10","2024-07","2024-07-05",\N
"S-16ef7a","A-751c58","Basic","16","0.00","0.00","TRUE","FALSE","FALSE","FALSE","monthly","TRUE","2024-07","2024-12","2024-12-16",\N
"S-3fb291","A-f51f16","Enterprise","39","7761.00","93132.00","FALSE","FALSE","FALSE","FALSE","annual","TRUE","2024-02","2024-05","2024-05-06",\N
"S-f6cd70","A-2ebb4b","Pro","41","2009.00","24108.00","FALSE","FALSE","FALSE","FALSE","annual","TRUE","2023-06","2023-10","2023-10-14",\N
"S-e7d026","A-0aaf6e","Enterprise","88","17512.00","210144.00","FALSE","FALSE","FALSE","FALSE","annual","TRUE","2024-06","2024-12","2024-12-25",\N
"S-c2fd82","A-84ebe4","Enterprise","82","0.00","0.00","TRUE","FALSE","FALSE","TRUE","monthly","TRUE","2023-05","2024-06","2024-06-29","2024-11-06"
"S-38131a","A-aa9511","Enterprise","23","0.00","0.00","TRUE","FALSE","FALSE","FALSE","monthly","TRUE","2023-10","2024-04","2024-04-13",\N
"S-aa3a36","A-ccc747","Enterprise","16","0.00","0.00","TRUE","TRUE","FALSE","FALSE","monthly","FALSE","2024-05","2024-05","2024-05-13",\N
"S-46eb1c","A-089363","Basic","11","209.00","2508.00","FALSE","FALSE","FALSE","FALSE","annual","FALSE","2023-06","2024-10","2024-10-13",\N
"S-6ed77d","A-fe79a5","Enterprise","9","1791.00","21492.00","FALSE","FALSE","FALSE","FALSE","monthly","TRUE","2024-03","2024-05","2024-05-22",\N
"S-f72b84","A-f44180","Pro","9","441.00","5292.00","FALSE","FALSE","FALSE","FALSE","monthly","TRUE","2023-03","2024-06","2024-06-22",\N
"S-0f0d3a","A-ad296b","Basic","38","722.00","8664.00","FALSE","FALSE","FALSE","TRUE","annual","TRUE","2024-07","2024-11","2024-11-16","2024-11-20"
"S-05b080","A-b9eed8","Basic","11","209.00","2508.00","FALSE","FALSE","FALSE","FALSE","monthly","TRUE","2024-03","2024-06","2024-06-21",\N
"S-bae2c4","A-bb1486","Pro","67","3283.00","39396.00","FALSE","FALSE","FALSE","FALSE","annual","TRUE","2024-11","2024-12","2024-12-25",\N
"S-8ca9f0","A-e693b6","Basic","55","1045.00","12540.00","FALSE","FALSE","FALSE","TRUE","annual","TRUE","2023-08","2024-09","2024-09-01","2024-09-06"
"S-33eb1d","A-02fac6","Enterprise","22","4378.00","52536.00","FALSE","FALSE","FALSE","FALSE","annual","FALSE","2023-10","2024-09","2024-09-20",\N
"S-45baac","A-1d5444","Enterprise","24","4776.00","57312.00","FALSE","FALSE","FALSE","FALSE","monthly","FALSE","2024-03","2024-05","2024-05-31",\N
"S-e9dc6e","A-4437e4","Pro","38","1862.00","22344.00","FALSE","FALSE","FALSE","FALSE","annual","TRUE","2023-11","2024-08","2024-08-15",\N
"S-871e83","A-8adedc","Enterprise","14","2786.00","33432.00","FALSE","FALSE","FALSE","FALSE","annual","TRUE","2024-02","2024-03","2024-03-21",\N
"S-88a47f","A-4437e4","Basic","9","171.00","2052.00","FALSE","FALSE","FALSE","FALSE","annual","TRUE","2023-11","2024-12","2024-12-23",\N
"S-9714fa","A-158f4e","Pro","61","2989.00","35868.00","FALSE","FALSE","FALSE","FALSE","annual","TRUE","2023-06","2024-02","2024-02-19",\N
"S-c77c84","A-0be015","Basic","19","0.00","0.00","TRUE","FALSE","FALSE","FALSE","monthly","FALSE","2024-10","2024-12","2024-12-31",\N
"S-86d360","A-b48f73","Basic","80","1520.00","18240.00","FALSE","FALSE","FALSE","FALSE","monthly","TRUE","2024-11","2024-11","2024-11-23",\N
"S-c15fcc","A-fd9422","Basic","58","1102.00","13224.00","FALSE","FALSE","FALSE","TRUE","monthly","FALSE","2024-05","2024-08","2024-08-25","2024-10-02"
"S-b0ed51","A-98a59a","Enterprise","56","11144.00","133728.00","FALSE","FALSE","FALSE","FALSE","monthly","FALSE","2023-09","2024-08","2024-08-08",\N
"S-2e7756","A-b7b7b7","Pro","67","3283.00","39396.00","FALSE","FALSE","FALSE","FALSE","annual","TRUE","2024-07","2024-08","2024-08-27",\N
"S-2fe253","A-1f0636","Pro","105","0.00","0.00","TRUE","FALSE","FALSE","TRUE","annual","TRUE","2024-02","2024-02","2024-02-28","2024-10-30"
"S-a575f5","A-039727","Basic","25","475.00","5700.00","FALSE","FALSE","FALSE","FALSE","annual","TRUE","2024-11","2024-12","2024-12-09",\N
"S-39bb68","A-d40bf7","Basic","59","1121.00","13452.00","FALSE","FALSE","FALSE","FALSE","monthly","TRUE","2024-11","2024-11","2024-11-23",\N
"S-7685a3","A-6da850","Basic","18","0.00","0.00","TRUE","TRUE","FALSE","FALSE","monthly","TRUE","2023-10","2024-08","2024-08-05",\N
"S-712f3a","A-eb1312","Basic","25","475.00","5700.00","FALSE","FALSE","FALSE","TRUE","monthly","TRUE","2024-09","2024-11","2024-11-20","2024-12-26"
"S-dfa4c8","A-eb7fac","Pro","7","343.00","4116.00","FALSE","FALSE","FALSE","TRUE","annual","TRUE","2023-12","2024-01","2024-01-21","2024-04-22"
"S-f3dd83","A-00bed1","Enterprise","28","0.00","0.00","TRUE","FALSE","FALSE","FALSE","monthly","TRUE","2023-11","2024-08","2024-08-28",\N
"S-a900c2","A-4c56c9","Enterprise","24","4776.00","57312.00","FALSE","FALSE","FALSE","FALSE","annual","FALSE","2024-05","2024-12","2024-12-22",\N
"S-302856","A-e1b9cd","Basic","40","760.00","9120.00","FALSE","FALSE","FALSE","TRUE","annual","TRUE","2023-03","2023-05","2023-05-24","2024-08-25"
"S-51b668","A-82d8a6","Basic","30","570.00","6840.00","FALSE","FALSE","FALSE","FALSE","monthly","TRUE","2024-12","2024-12","2024-12-28",\N
"S-310ae0","A-58b9ff","Enterprise","2","398.00","4776.00","FALSE","FALSE","FALSE","TRUE","monthly","TRUE","2024-06","2024-09","2024-09-13","2024-10-01"
"S-21eeea","A-2b9d3e","Pro","29","1421.00","17052.00","FALSE","FALSE","FALSE","FALSE","monthly","TRUE","2023-09","2024-11","2024-11-08",\N
"S-7b9b62","A-cb5333","Pro","33","1617.00","19404.00","FALSE","FALSE","FALSE","FALSE","monthly","FALSE","2024-04","2024-09","2024-09-17",\N
"S-799da2","A-95b24a","Pro","38","1862.00","22344.00","FALSE","FALSE","FALSE","FALSE","monthly","TRUE","2023-07","2024-06","2024-06-27",\N
"S-e82bdc","A-4c38bc","Basic","36","684.00","8208.00","FALSE","FALSE","FALSE","FALSE","annual","TRUE","2024-03","2024-03","2024-03-17",\N
"S-879b43","A-3cc791","Enterprise","6","1194.00","14328.00","FALSE","FALSE","FALSE","FALSE","monthly","TRUE","2024-01","2024-03","2024-03-26",\N
"S-6fd24b","A-7988d1","Enterprise","33","6567.00","78804.00","FALSE","FALSE","FALSE","FALSE","monthly","TRUE","2024-03","2024-08","2024-08-19",\N
"S-d2e00a","A-4c56c9","Enterprise","9","1791.00","21492.00","FALSE","FALSE","FALSE","FALSE","monthly","TRUE","2024-05","2024-09","2024-09-17",\N
"S-a916cb","A-eb7c38","Enterprise","35","6965.00","83580.00","FALSE","FALSE","FALSE","FALSE","monthly","TRUE","2024-04","2024-10","2024-10-28",\N
"S-3fe1c3","A-0158bb","Enterprise","20","0.00","0.00","TRUE","FALSE","FALSE","FALSE","monthly","TRUE","2024-05","2024-10","2024-10-23",\N
"S-dccf50","A-a09355","Enterprise","23","4577.00","54924.00","FALSE","FALSE","FALSE","FALSE","annual","FALSE","2024-08","2024-11","2024-11-28",\N
"S-023f3c","A-b9eed8","Enterprise","15","2985.00","35820.00","FALSE","FALSE","FALSE","FALSE","annual","FALSE","2024-03","2024-03","2024-03-16",\N
"S-c35f78","A-95b24a","Pro","38","0.00","0.00","TRUE","TRUE","FALSE","FALSE","annual","TRUE","2023-07","2024-10","2024-10-11",\N
"S-eb15a1","A-2edab2","Enterprise","17","3383.00","40596.00","FALSE","FALSE","FALSE","FALSE","monthly","TRUE","2023-11","2024-11","2024-11-30",\N
"S-079321","A-e1462e","Pro","15","735.00","8820.00","FALSE","FALSE","FALSE","FALSE","annual","FALSE","2023-04","2023-07","2023-07-27",\N
"S-c25263","A-c7ffc2","Basic","30","570.00","6840.00","FALSE","TRUE","FALSE","FALSE","annual","TRUE","2023-05","2023-09","2023-09-22",\N
"S-a86344","A-00bed1","Pro","36","1764.00","21168.00","FALSE","TRUE","FALSE","FALSE","annual","TRUE","2023-11","2024-08","2024-08-18",\N
"S-4cdee1","A-8b25f2","Enterprise","20","0.00","0.00","TRUE","FALSE","FALSE","FALSE","monthly","TRUE","2024-02","2024-02","2024-02-19",\N
"S-381c99","A-e7a1e2","Basic","3","57.00","684.00","FALSE","FALSE","FALSE","FALSE","monthly","TRUE","2024-07","2024-11","2024-11-03",\N
"S-8e719f","A-4437e4","Basic","11","209.00","2508.00","FALSE","FALSE","FALSE","FALSE","annual","TRUE","2023-11","2024-08","2024-08-16",\N
"S-d111f5","A-f03140","Basic","27","513.00","6156.00","FALSE","FALSE","FALSE","FALSE","monthly","TRUE","2023-12","2024-05","2024-05-25",\N
"S-82484b","A-cab532","Pro","21","1029.00","12348.00","FALSE","FALSE","FALSE","FALSE","annual","TRUE","2023-04","2024-11","2024-11-22",\N
"S-891eb4","A-716841","Pro","45","2205.00","26460.00","FALSE","FALSE","FALSE","FALSE","annual","TRUE","2024-05","2024-09","2024-09-20",\N
"S-4e3e04","A-883b7d","Enterprise","17","3383.00","40596.00","FALSE","FALSE","FALSE","FALSE","annual","FALSE","2024-04","2024-08","2024-08-16",\N
"S-7679b6","A-7f29a7","Pro","41","2009.00","24108.00","FALSE","FALSE","FALSE","FALSE","annual","FALSE","2024-09","2024-10","2024-10-14",\N
"S-de9ce0","A-faa28c","Enterprise","48","9552.00","114624.00","FALSE","FALSE","FALSE","TRUE","annual","TRUE","2024-02","2024-08","2024-08-06","2024-12-26"
"S-37d13a","A-029f69","Enterprise","15","0.00","0.00","TRUE","FALSE","FALSE","FALSE","annual","TRUE","2024-05","2024-08","2024-08-11",\N
"S-7d0dea","A-69b156","Pro","7","0.00","0.00","TRUE","FALSE","TRUE","FALSE","monthly","TRUE","2023-12","2024-11","2024-11-16",\N
"S-83c56d","A-716841","Enterprise","45","8955.00","107460.00","FALSE","FALSE","FALSE","FALSE","monthly","TRUE","2024-05","2024-12","2024-12-13",\N
"S-5ee117","A-f5641b","Pro","31","1519.00","18228.00","FALSE","FALSE","FALSE","FALSE","monthly","TRUE","2024-04","2024-07","2024-07-25",\N
"S-5e572d","A-94f8c9","Enterprise","13","2587.00","31044.00","FALSE","FALSE","FALSE","FALSE","annual","FALSE","2024-04","2024-07","2024-07-16",\N
"S-7b29d1","A-80eeb6","Enterprise","65","12935.00","155220.00","FALSE","FALSE","FALSE","FALSE","monthly","TRUE","2023-07","2024-04","2024-04-19",\N
"S-ff79f7","A-726cfa","Enterprise","19","3781.00","45372.00","FALSE","FALSE","FALSE","FALSE","monthly","TRUE","2023-07","2024-08","2024-08-02",\N
"S-bb82ac","A-e19ff6","Basic","38","722.00","8664.00","FALSE","FALSE","FALSE","FALSE","annual","TRUE","2023-08","2023-10","2023-10-29",\N
"S-b21a0b","A-b7ef83","Pro","17","833.00","9996.00","FALSE","FALSE","FALSE","FALSE","monthly","TRUE","2024-06","2024-10","2024-10-29",\N
"S-711820","A-08e34e","Basic","49","931.00","11172.00","FALSE","FALSE","FALSE","FALSE","annual","FALSE","2024-07","2024-09","2024-09-02",\N
"S-22365f","A-05f0e5","Enterprise","32","6368.00","76416.00","FALSE","FALSE","FALSE","FALSE","annual","TRUE","2023-06","2023-06","2023-06-11",\N
"S-f0d2fd","A-19b2c8","Enterprise","28","5572.00","66864.00","FALSE","FALSE","FALSE","FALSE","annual","TRUE","2023-06","2024-07","2024-07-20",\N
"S-f225d0","A-d4ac0e","Basic","18","342.00","4104.00","FALSE","FALSE","FALSE","FALSE","annual","TRUE","2024-05","2024-05","2024-05-19",\N
"S-a10eb2","A-3c1a3f","Basic","45","0.00","0.00","TRUE","FALSE","FALSE","FALSE","annual","FALSE","2023-08","2023-08","2023-08-31",\N
"S-78ffdd","A-503d5a","Enterprise","12","2388.00","28656.00","FALSE","FALSE","FALSE","FALSE","monthly","TRUE","2023-10","2023-11","2023-11-07",\N
"S-97a010","A-dcc3f1","Enterprise","21","0.00","0.00","TRUE","FALSE","FALSE","FALSE","monthly","TRUE","2023-12","2024-03","2024-03-22",\N
"S-7785af","A-a1b80b","Enterprise","16","3184.00","38208.00","FALSE","TRUE","FALSE","FALSE","monthly","FALSE","2024-03","2024-03","2024-03-28",\N
"S-120ae3","A-781cc0","Basic","34","646.00","7752.00","FALSE","FALSE","FALSE","FALSE","annual","TRUE","2024-09","2024-09","2024-09-24",\N
"S-37b59a","A-2d1036","Pro","69","3381.00","40572.00","FALSE","FALSE","FALSE","TRUE","annual","TRUE","2024-07","2024-09","2024-09-24","2024-12-18"
"S-f36371","A-34d880","Enterprise","35","6965.00","83580.00","FALSE","FALSE","FALSE","FALSE","monthly","FALSE","2024-04","2024-07","2024-07-22",\N
"S-329a60","A-c16cf7","Basic","84","1596.00","19152.00","FALSE","FALSE","FALSE","FALSE","annual","TRUE","2024-10","2024-10","2024-10-24",\N
"S-5ca11a","A-309e54","Enterprise","48","9552.00","114624.00","FALSE","FALSE","FALSE","FALSE","annual","TRUE","2024-12","2024-12","2024-12-26",\N
"S-c8fa77","A-56962b","Basic","163","3097.00","37164.00","FALSE","FALSE","FALSE","FALSE","monthly","TRUE","2024-05","2024-08","2024-08-28",\N
"S-016b5f","A-977ca0","Enterprise","6","0.00","0.00","TRUE","FALSE","FALSE","FALSE","monthly","TRUE","2023-02","2024-04","2024-04-08",\N
"S-cf2b4a","A-9f9299","Pro","28","1372.00","16464.00","FALSE","FALSE","FALSE","TRUE","monthly","TRUE","2023-11","2023-11","2023-11-30","2024-08-15"
"S-6f1051","A-e98302","Enterprise","34","6766.00","81192.00","FALSE","FALSE","FALSE","FALSE","annual","TRUE","2024-01","2024-02","2024-02-01",\N
"S-33db08","A-fa3095","Basic","70","1330.00","15960.00","FALSE","FALSE","FALSE","FALSE","annual","TRUE","2023-09","2024-12","2024-12-30",\N
"S-4daf2d","A-297a2d","Enterprise","27","5373.00","64476.00","FALSE","FALSE","FALSE","FALSE","annual","TRUE","2023-08","2024-11","2024-11-05",\N
"S-4ed997","A-d82ef9","Pro","26","1274.00","15288.00","FALSE","FALSE","FALSE","FALSE","annual","TRUE","2024-07","2024-10","2024-10-23",\N
"S-8ae507","A-72799b","Pro","20","980.00","11760.00","FALSE","TRUE","FALSE","FALSE","annual","FALSE","2023-11","2024-03","2024-03-16",\N
"S-3eb206","A-b179bf","Enterprise","43","8557.00","102684.00","FALSE","FALSE","FALSE","FALSE","monthly","TRUE","2024-10","2024-12","2024-12-24",\N
"S-6643a2","A-331424","Pro","11","0.00","0.00","TRUE","FALSE","FALSE","FALSE","monthly","TRUE","2024-01","2024-01","2024-01-04",\N
"S-41ca59","A-692f18","Enterprise","37","7363.00","88356.00","FALSE","FALSE","FALSE","FALSE","monthly","TRUE","2024-03","2024-07","2024-07-18",\N
"S-720c17","A-4e0e85","Pro","20","0.00","0.00","TRUE","FALSE","FALSE","FALSE","annual","TRUE","2024-02","2024-02","2024-02-16",\N
"S-afc545","A-0baac2","Basic","33","627.00","7524.00","FALSE","FALSE","FALSE","FALSE","annual","TRUE","2024-06","2024-10","2024-10-14",\N
"S-5e6fc2","A-52dd88","Basic","23","437.00","5244.00","FALSE","FALSE","FALSE","FALSE","annual","TRUE","2023-03","2023-12","2023-12-12",\N
"S-9dcef8","A-b30291","Basic","41","779.00","9348.00","FALSE","FALSE","FALSE","FALSE","monthly","TRUE","2024-04","2024-09","2024-09-27",\N
"S-389426","A-922109","Pro","3","147.00","1764.00","FALSE","FALSE","FALSE","FALSE","monthly","TRUE","2024-03","2024-07","2024-07-04",\N
"S-1131ff","A-0f7d77","Basic","3","0.00","0.00","TRUE","FALSE","FALSE","TRUE","monthly","TRUE","2024-11","2024-12","2024-12-01","2024-12-31"
"S-c9da7a","A-0651a4","Basic","16","304.00","3648.00","FALSE","FALSE","FALSE","FALSE","monthly","TRUE","2024-10","2024-11","2024-11-10",\N
"S-eabe72","A-5790f4","Basic","33","627.00","7524.00","FALSE","FALSE","FALSE","FALSE","monthly","FALSE","2024-12","2024-12","2024-12-26",\N
"S-fffeb8","A-69fad4","Enterprise","10","1990.00","23880.00","FALSE","FALSE","FALSE","FALSE","annual","TRUE","2023-07","2023-12","2023-12-17",\N
"S-92dede","A-9208f0","Basic","4","76.00","912.00","FALSE","FALSE","FALSE","FALSE","monthly","TRUE","2023-05","2023-08","2023-08-28",\N
"S-8d122e","A-e6afc1","Enterprise","16","3184.00","38208.00","FALSE","FALSE","FALSE","FALSE","monthly","TRUE","2023-05","2024-07","2024-07-12",\N
"S-285534","A-49b828","Basic","13","247.00","2964.00","FALSE","FALSE","FALSE","FALSE","annual","TRUE","2023-05","2024-11","2024-11-09",\N
"S-1cebf9","A-dfbd31","Pro","60","2940.00","35280.00","FALSE","FALSE","FALSE","FALSE","annual","TRUE","2023-12","2024-10","2024-10-16",\N
"S-36ad61","A-a09355","Pro","14","686.00","8232.00","FALSE","FALSE","FALSE","FALSE","monthly","TRUE","2024-08","2024-10","2024-10-19",\N
"S-9fbee8","A-49b828","Pro","10","490.00","5880.00","FALSE","FALSE","FALSE","FALSE","annual","TRUE","2023-05","2024-10","2024-10-09",\N
"S-d5d8ef","A-e51ec7","Enterprise","83","16517.00","198204.00","FALSE","FALSE","FALSE","FALSE","monthly","FALSE","2023-11","2024-10","2024-10-11",\N
"S-418b7c","A-35083d","Pro","19","931.00","11172.00","FALSE","FALSE","FALSE","FALSE","annual","TRUE","2023-06","2024-10","2024-10-17",\N
"S-506cbd","A-9c18c4","Enterprise","19","3781.00","45372.00","FALSE","FALSE","FALSE","TRUE","annual","FALSE","2023-08","2023-08","2023-08-29","2024-02-22"
"S-ee5448","A-cc1d8d","Basic","9","171.00","2052.00","FALSE","FALSE","FALSE","FALSE","annual","TRUE","2024-12","2024-12","2024-12-29",\N
"S-d32441","A-781cc0","Enterprise","12","2388.00","28656.00","FALSE","FALSE","FALSE","TRUE","annual","TRUE","2024-09","2024-09","2024-09-19","2024-11-24"
"S-7f5316","A-856b1e","Basic","19","0.00","0.00","TRUE","FALSE","FALSE","FALSE","monthly","TRUE","2023-11","2024-10","2024-10-17",\N
"S-bdf8bf","A-cdf020","Pro","31","1519.00","18228.00","FALSE","FALSE","FALSE","TRUE","monthly","TRUE","2023-12","2023-12","2023-12-01","2024-09-23"
"S-795878","A-5b1bcd","Enterprise","73","14527.00","174324.00","FALSE","FALSE","FALSE","FALSE","annual","TRUE","2023-09","2024-03","2024-03-19",\N
"S-2fc8fa","A-65a46c","Pro","13","637.00","7644.00","FALSE","TRUE","FALSE","FALSE","monthly","FALSE","2024-03","2024-08","2024-08-10",\N
"S-c508b3","A-671f31","Enterprise","59","11741.00","140892.00","FALSE","FALSE","FALSE","FALSE","annual","FALSE","2024-11","2024-12","2024-12-24",\N
"S-42d724","A-7a0d69","Pro","4","0.00","0.00","TRUE","FALSE","FALSE","FALSE","annual","TRUE","2024-07","2024-08","2024-08-01",\N
"S-bd9394","A-039727","Enterprise","64","0.00","0.00","TRUE","TRUE","FALSE","FALSE","annual","FALSE","2024-11","2024-11","2024-11-28",\N
"S-9b12da","A-702032","Pro","28","1372.00","16464.00","FALSE","FALSE","FALSE","TRUE","annual","TRUE","2024-04","2024-12","2024-12-13","2024-12-21"
"S-3632aa","A-f25509","Enterprise","32","6368.00","76416.00","FALSE","FALSE","FALSE","FALSE","monthly","TRUE","2024-05","2024-05","2024-05-28",\N
"S-9488ec","A-1e1b80","Enterprise","50","9950.00","119400.00","FALSE","FALSE","FALSE","FALSE","annual","FALSE","2023-10","2023-11","2023-11-02",\N
"S-f40318","A-e19ff6","Enterprise","14","0.00","0.00","TRUE","FALSE","FALSE","FALSE","annual","FALSE","2023-08","2024-03","2024-03-25",\N
"S-214edb","A-558c72","Basic","77","1463.00","17556.00","FALSE","FALSE","FALSE","FALSE","monthly","TRUE","2023-06","2024-06","2024-06-25",\N
"S-d43a40","A-4e0e85","Basic","15","0.00","0.00","TRUE","FALSE","FALSE","FALSE","annual","TRUE","2024-02","2024-09","2024-09-20",\N
"S-565c4b","A-7920cc","Basic","39","741.00","8892.00","FALSE","FALSE","FALSE","FALSE","annual","TRUE","2023-11","2023-11","2023-11-27",\N
"S-1ebe39","A-0651a4","Enterprise","19","3781.00","45372.00","FALSE","FALSE","FALSE","FALSE","annual","TRUE","2024-10","2024-11","2024-11-02",\N
"S-dc3bbc","A-80eeb6","Pro","25","1225.00","14700.00","FALSE","FALSE","FALSE","FALSE","annual","TRUE","2023-07","2024-09","2024-09-18",\N
"S-937207","A-8bde0c","Enterprise","12","2388.00","28656.00","FALSE","FALSE","FALSE","FALSE","monthly","TRUE","2024-11","2024-12","2024-12-28",\N
"S-14c8b9","A-aa9511","Enterprise","33","6567.00","78804.00","FALSE","FALSE","FALSE","FALSE","monthly","TRUE","2023-10","2023-11","2023-11-29",\N
"S-fd648e","A-396e5f","Pro","37","1813.00","21756.00","FALSE","FALSE","FALSE","FALSE","annual","FALSE","2024-10","2024-10","2024-10-29",\N
"S-3b3fac","A-7641d3","Basic","10","190.00","2280.00","FALSE","FALSE","FALSE","FALSE","annual","TRUE","2023-04","2024-11","2024-11-21",\N
"S-561850","A-0a62f5","Pro","16","784.00","9408.00","FALSE","FALSE","FALSE","FALSE","annual","TRUE","2024-09","2024-10","2024-10-23",\N
"S-2ded36","A-a1b80b","Enterprise","16","3184.00","38208.00","FALSE","TRUE","FALSE","FALSE","annual","TRUE","2024-03","2024-09","2024-09-08",\N
"S-6904e6","A-39b19f","Pro","16","784.00","9408.00","FALSE","FALSE","FALSE","FALSE","monthly","TRUE","2023-02","2023-02","2023-02-23",\N
"S-07f282","A-88c6ca","Enterprise","5","995.00","11940.00","FALSE","FALSE","FALSE","FALSE","monthly","TRUE","2024-11","2024-11","2024-11-19",\N
"S-343743","A-2d1036","Pro","69","3381.00","40572.00","FALSE","FALSE","FALSE","FALSE","annual","TRUE","2024-07","2024-08","2024-08-25",\N
"S-d92159","A-b30291","Pro","5","245.00","2940.00","FALSE","FALSE","FALSE","FALSE","annual","TRUE","2024-04","2024-12","2024-12-22",\N
"S-a9916f","A-054577","Pro","7","343.00","4116.00","FALSE","FALSE","FALSE","FALSE","annual","TRUE","2024-05","2024-05","2024-05-18",\N
"S-ec690c","A-328bd0","Basic","18","342.00","4104.00","FALSE","FALSE","FALSE","FALSE","annual","TRUE","2023-08","2023-10","2023-10-11",\N
"S-ee2669","A-e43bf7","Enterprise","44","8756.00","105072.00","FALSE","FALSE","FALSE","FALSE","annual","TRUE","2023-05","2024-12","2024-12-29",\N
"S-e6cfc1","A-1e6fc3","Basic","1","0.00","0.00","TRUE","FALSE","FALSE","TRUE","annual","TRUE","2024-01","2024-01","2024-01-11","2024-04-02"
"S-195f9b","A-92a333","Pro","14","686.00","8232.00","FALSE","FALSE","FALSE","FALSE","annual","TRUE","2023-08","2024-02","2024-02-08",\N
"S-704b48","A-a7bd4b","Enterprise","15","0.00","0.00","TRUE","FALSE","FALSE","TRUE","annual","FALSE","2023-03","2023-11","2023-11-15","2024-10-10"
"S-a1d67e","A-bbc346","Pro","20","980.00","11760.00","FALSE","FALSE","FALSE","FALSE","annual","FALSE","2024-08","2024-12","2024-12-20",\N
"S-55a3e4","A-f5641b","Pro","31","1519.00","18228.00","FALSE","FALSE","FALSE","FALSE","annual","FALSE","2024-04","2024-12","2024-12-21",\N
"S-ffd591","A-157070","Basic","17","323.00","3876.00","FALSE","TRUE","FALSE","TRUE","monthly","TRUE","2023-12","2024-02","2024-02-11","2024-04-15"
"S-f0972b","A-b7b7b7","Enterprise","27","5373.00","64476.00","FALSE","FALSE","FALSE","FALSE","monthly","TRUE","2024-07","2024-09","2024-09-02",\N
"S-65491f","A-039727","Pro","25","1225.00","14700.00","FALSE","FALSE","FALSE","FALSE","monthly","FALSE","2024-11","2024-11","2024-11-12",\N
"S-ad26e3","A-c37601","Pro","6","0.00","0.00","TRUE","FALSE","FALSE","TRUE","monthly","FALSE","2024-11","2024-11","2024-11-04","2024-12-09"
"S-53fa80","A-462d45","Enterprise","14","2786.00","33432.00","FALSE","FALSE","FALSE","FALSE","monthly","TRUE","2024-01","2024-08","2024-08-05",\N
"S-592443","A-c1dfe1","Enterprise","26","5174.00","62088.00","FALSE","FALSE","TRUE","FALSE","monthly","FALSE","2023-10","2024-05","2024-05-01",\N
"S-6c6e91","A-2bc93d","Pro","31","1519.00","18228.00","FALSE","FALSE","FALSE","FALSE","monthly","TRUE","2023-07","2024-04","2024-04-16",\N
"S-c17a35","A-1ac5e0","Pro","33","1617.00","19404.00","FALSE","FALSE","FALSE","FALSE","monthly","FALSE","2024-10","2024-11","2024-11-25",\N
"S-3a79ac","A-f92792","Basic","4","0.00","0.00","TRUE","FALSE","FALSE","FALSE","monthly","TRUE","2024-07","2024-11","2024-11-15",\N
"S-2f138c","A-ce66f8","Pro","29","1421.00","17052.00","FALSE","FALSE","FALSE","FALSE","annual","TRUE","2023-08","2024-07","2024-07-27",\N
"S-d2b5db","A-db5e9e","Pro","13","0.00","0.00","TRUE","FALSE","FALSE","FALSE","annual","FALSE","2024-11","2024-12","2024-12-09",\N
"S-b6c0a0","A-443b7c","Basic","3","57.00","684.00","FALSE","FALSE","FALSE","FALSE","monthly","TRUE","2024-09","2024-11","2024-11-01",\N
"S-770018","A-149a69","Enterprise","34","6766.00","81192.00","FALSE","FALSE","FALSE","FALSE","annual","FALSE","2024-12","2024-12","2024-12-14",\N
"S-18f7e5","A-2789e3","Enterprise","30","5970.00","71640.00","FALSE","FALSE","FALSE","FALSE","annual","TRUE","2024-09","2024-12","2024-12-04",\N
"S-80632f","A-068fc6","Pro","35","1715.00","20580.00","FALSE","FALSE","FALSE","FALSE","monthly","FALSE","2023-10","2024-07","2024-07-06",\N
"S-c0e639","A-7920cc","Pro","50","0.00","0.00","TRUE","FALSE","FALSE","FALSE","annual","TRUE","2023-11","2024-01","2024-01-07",\N
"S-63606e","A-7a0d69","Pro","4","196.00","2352.00","FALSE","TRUE","FALSE","FALSE","monthly","TRUE","2024-07","2024-09","2024-09-28",\N
"S-038c7d","A-712426","Basic","9","0.00","0.00","TRUE","FALSE","FALSE","FALSE","monthly","TRUE","2024-11","2024-11","2024-11-10",\N
"S-0c03b0","A-39b19f","Pro","36","1764.00","21168.00","FALSE","FALSE","FALSE","FALSE","monthly","FALSE","2023-02","2023-11","2023-11-23",\N
"S-18f829","A-a33200","Pro","36","1764.00","21168.00","FALSE","TRUE","FALSE","FALSE","annual","TRUE","2024-09","2024-11","2024-11-16",\N
"S-4bfa1d","A-ce550d","Pro","35","1715.00","20580.00","FALSE","FALSE","FALSE","TRUE","monthly","TRUE","2024-10","2024-12","2024-12-21","2024-12-30"
"S-c657b6","A-7c5768","Enterprise","5","995.00","11940.00","FALSE","FALSE","FALSE","FALSE","annual","TRUE","2024-03","2024-03","2024-03-05",\N
"S-8b721c","A-8b25f2","Enterprise","28","5572.00","66864.00","FALSE","FALSE","FALSE","FALSE","annual","TRUE","2024-02","2024-09","2024-09-14",\N
"S-290ee5","A-68f37c","Basic","67","1273.00","15276.00","FALSE","FALSE","FALSE","FALSE","annual","TRUE","2023-07","2024-03","2024-03-26",\N
"S-f6f1e1","A-337bc1","Basic","40","760.00","9120.00","FALSE","TRUE","FALSE","FALSE","annual","TRUE","2023-08","2024-08","2024-08-09",\N
"S-597873","A-05f0e5","Enterprise","32","6368.00","76416.00","FALSE","FALSE","FALSE","FALSE","monthly","TRUE","2023-06","2024-07","2024-07-09",\N
"S-e50d84","A-0baac2","Enterprise","14","2786.00","33432.00","FALSE","FALSE","FALSE","FALSE","annual","TRUE","2024-06","2024-12","2024-12-11",\N
"S-9ed535","A-4f18f0","Enterprise","24","4776.00","57312.00","FALSE","FALSE","FALSE","FALSE","annual","TRUE","2024-04","2024-10","2024-10-04",\N
"S-e66f1a","A-fa2041","Basic","20","0.00","0.00","TRUE","FALSE","FALSE","FALSE","monthly","TRUE","2024-06","2024-07","2024-07-16",\N
"S-c8ba3e","A-5b4ebb","Basic","21","399.00","4788.00","FALSE","FALSE","FALSE","FALSE","annual","TRUE","2024-07","2024-09","2024-09-22",\N
"S-755e1b","A-e4144b","Pro","41","2009.00","24108.00","FALSE","FALSE","FALSE","FALSE","annual","TRUE","2024-11","2024-12","2024-12-18",\N
"S-5cba26","A-8b25f2","Basic","6","114.00","1368.00","FALSE","FALSE","FALSE","FALSE","monthly","TRUE","2024-02","2024-07","2024-07-30",\N
"S-579a24","A-32fb14","Basic","26","494.00","5928.00","FALSE","TRUE","FALSE","FALSE","monthly","FALSE","2023-07","2024-09","2024-09-04",\N
"S-e561b9","A-d26ab4","Pro","18","882.00","10584.00","FALSE","FALSE","TRUE","TRUE","monthly","TRUE","2024-11","2024-11","2024-11-13","2024-11-30"
"S-8ae804","A-0dbdc6","Enterprise","50","9950.00","119400.00","FALSE","FALSE","FALSE","FALSE","monthly","TRUE","2023-06","2024-05","2024-05-05",\N
"S-d97ff1","A-7d514c","Basic","17","323.00","3876.00","FALSE","FALSE","FALSE","FALSE","monthly","TRUE","2024-02","2024-03","2024-03-20",\N
"S-bb8429","A-dbc825","Pro","19","931.00","11172.00","FALSE","FALSE","FALSE","FALSE","annual","TRUE","2024-01","2024-04","2024-04-27",\N
"S-78ba09","A-f97b9a","Pro","54","2646.00","31752.00","FALSE","TRUE","FALSE","FALSE","annual","FALSE","2023-09","2024-11","2024-11-30",\N
"S-979365","A-bb2f49","Pro","68","3332.00","39984.00","FALSE","FALSE","TRUE","FALSE","monthly","TRUE","2023-06","2023-06","2023-06-29",\N
"S-b96ee3","A-c16b88","Basic","23","437.00","5244.00","FALSE","FALSE","FALSE","FALSE","monthly","TRUE","2024-03","2024-12","2024-12-20",\N
"S-70cc83","A-313be3","Pro","47","2303.00","27636.00","FALSE","FALSE","FALSE","FALSE","monthly","TRUE","2023-11","2024-12","2024-12-16",\N
"S-3b29ea","A-c37cab","Basic","13","247.00","2964.00","FALSE","FALSE","FALSE","FALSE","monthly","FALSE","2024-07","2024-11","2024-11-26",\N
"S-8ff318","A-e7beab","Pro","5","245.00","2940.00","FALSE","FALSE","FALSE","TRUE","monthly","TRUE","2023-10","2024-12","2024-12-23","2024-12-29"
"S-0509b8","A-e351e1","Basic","33","627.00","7524.00","FALSE","FALSE","FALSE","TRUE","annual","TRUE","2024-09","2024-12","2024-12-26","2024-12-29"
"S-95cf94","A-1ac5e0","Basic","33","627.00","7524.00","FALSE","FALSE","FALSE","FALSE","annual","TRUE","2024-10","2024-10","2024-10-24",\N
"S-7da02b","A-f44180","Enterprise","89","17711.00","212532.00","FALSE","FALSE","FALSE","TRUE","annual","TRUE","2023-03","2023-05","2023-05-20","2023-12-19"
"S-07ff57","A-c608c8","Pro","58","2842.00","34104.00","FALSE","FALSE","FALSE","FALSE","monthly","FALSE","2023-06","2024-03","2024-03-11",\N
"S-a0ba0c","A-eb1312","Basic","42","798.00","9576.00","FALSE","FALSE","FALSE","FALSE","monthly","TRUE","2024-09","2024-12","2024-12-18",\N
"S-b250cc","A-029f69","Enterprise","3","597.00","7164.00","FALSE","TRUE","FALSE","FALSE","annual","TRUE","2024-05","2024-11","2024-11-08",\N
"S-d11e9f","A-186a44","Basic","20","380.00","4560.00","FALSE","FALSE","FALSE","FALSE","monthly","TRUE","2023-08","2024-08","2024-08-10",\N
"S-24a63d","A-712533","Basic","36","684.00","8208.00","FALSE","FALSE","FALSE","FALSE","annual","TRUE","2023-08","2023-11","2023-11-23",\N
"S-aba835","A-5b1bcd","Basic","73","1387.00","16644.00","FALSE","FALSE","FALSE","TRUE","annual","TRUE","2023-09","2023-09","2023-09-23","2024-11-02"
"S-a0c517","A-7f6b86","Pro","59","2891.00","34692.00","FALSE","TRUE","FALSE","FALSE","monthly","TRUE","2023-08","2023-10","2023-10-24",\N
"S-c3cb12","A-ce550d","Enterprise","54","10746.00","128952.00","FALSE","FALSE","FALSE","FALSE","annual","FALSE","2024-10","2024-11","2024-11-01",\N
"S-a88726","A-a33200","Basic","29","551.00","6612.00","FALSE","FALSE","FALSE","FALSE","annual","TRUE","2024-09","2024-11","2024-11-30",\N
"S-d7ae8c","A-72799b","Basic","20","380.00","4560.00","FALSE","TRUE","FALSE","FALSE","monthly","TRUE","2023-11","2023-12","2023-12-28",\N
"S-86fd71","A-0651a4","Enterprise","60","11940.00","143280.00","FALSE","FALSE","FALSE","FALSE","annual","TRUE","2024-10","2024-10","2024-10-27",\N
"S-cac22d","A-19b2c8","Basic","20","380.00","4560.00","FALSE","FALSE","FALSE","FALSE","annual","TRUE","2023-06","2023-08","2023-08-06",\N
"S-f463d3","A-acb7f7","Enterprise","32","6368.00","76416.00","FALSE","TRUE","FALSE","FALSE","monthly","TRUE","2024-01","2024-03","2024-03-24",\N
"S-6ceec5","A-7e0a10","Basic","46","874.00","10488.00","FALSE","FALSE","FALSE","FALSE","annual","TRUE","2023-11","2024-07","2024-07-24",\N
"S-9220c9","A-417d2f","Pro","4","196.00","2352.00","FALSE","FALSE","FALSE","FALSE","monthly","TRUE","2023-07","2024-06","2024-06-23",\N
"S-d97185","A-592832","Pro","37","1813.00","21756.00","FALSE","FALSE","FALSE","FALSE","annual","TRUE","2024-09","2024-12","2024-12-22",\N
"S-0e3b42","A-cb5333","Pro","33","1617.00","19404.00","FALSE","FALSE","TRUE","TRUE","annual","FALSE","2024-04","2024-06","2024-06-02","2024-06-12"
"S-1ad0ca","A-ed510f","Enterprise","42","8358.00","100296.00","FALSE","FALSE","FALSE","FALSE","annual","TRUE","2023-03","2024-04","2024-04-09",\N
"S-21e372","A-4e960a","Basic","12","228.00","2736.00","FALSE","FALSE","FALSE","FALSE","monthly","TRUE","2024-02","2024-09","2024-09-23",\N
"S-05624a","A-c37cab","Pro","13","637.00","7644.00","FALSE","FALSE","FALSE","FALSE","annual","TRUE","2024-07","2024-10","2024-10-26",\N
"S-44a7c3","A-50f3f7","Enterprise","31","6169.00","74028.00","FALSE","FALSE","FALSE","FALSE","monthly","TRUE","2024-01","2024-10","2024-10-23",\N
"S-a9e864","A-44dc83","Basic","17","0.00","0.00","TRUE","FALSE","FALSE","FALSE","annual","TRUE","2024-06","2024-09","2024-09-24",\N
"S-5e558a","A-10b8f2","Enterprise","47","9353.00","112236.00","FALSE","FALSE","FALSE","FALSE","annual","TRUE","2023-02","2023-10","2023-10-07",\N
"S-ea5984","A-977ca0","Enterprise","6","1194.00","14328.00","FALSE","FALSE","FALSE","FALSE","annual","TRUE","2023-02","2023-02","2023-02-20",\N
"S-d6d433","A-5247b3","Basic","16","0.00","0.00","TRUE","FALSE","FALSE","TRUE","annual","TRUE","2024-03","2024-06","2024-06-14","2024-11-19"
"S-d93967","A-075038","Pro","50","2450.00","29400.00","FALSE","FALSE","FALSE","FALSE","monthly","FALSE","2023-07","2024-01","2024-01-11",\N
"S-0e8ae2","A-4814a3","Pro","87","0.00","0.00","TRUE","FALSE","FALSE","FALSE","monthly","TRUE","2024-09","2024-11","2024-11-24",\N
"S-5eb846","A-2789e3","Pro","11","539.00","6468.00","FALSE","FALSE","FALSE","FALSE","monthly","FALSE","2024-09","2024-12","2024-12-10",\N
"S-472fda","A-883b7d","Pro","27","1323.00","15876.00","FALSE","FALSE","FALSE","FALSE","annual","TRUE","2024-04","2024-08","2024-08-19",\N
"S-afc4cb","A-86fc1d","Basic","26","494.00","5928.00","FALSE","FALSE","FALSE","FALSE","monthly","TRUE","2024-08","2024-10","2024-10-16",\N
"S-a69aed","A-0b0d6d","Basic","3","57.00","684.00","FALSE","FALSE","FALSE","FALSE","monthly","TRUE","2024-12","2024-12","2024-12-30",\N
"S-41f762","A-faa28c","Basic","48","0.00","0.00","TRUE","FALSE","FALSE","FALSE","monthly","TRUE","2024-02","2024-02","2024-02-15",\N
"S-853f5d","A-bcf664","Basic","13","247.00","2964.00","FALSE","FALSE","FALSE","FALSE","monthly","TRUE","2023-06","2023-12","2023-12-01",\N
"S-35a22f","A-b07b56","Pro","34","1666.00","19992.00","FALSE","FALSE","FALSE","FALSE","annual","TRUE","2024-11","2024-12","2024-12-19",\N
"S-fd04d6","A-b07346","Enterprise","51","0.00","0.00","TRUE","FALSE","FALSE","FALSE","annual","TRUE","2024-11","2024-12","2024-12-28",\N
"S-5ed35a","A-32fb14","Basic","47","893.00","10716.00","FALSE","FALSE","FALSE","TRUE","monthly","TRUE","2023-07","2024-03","2024-03-16","2024-04-21"
"S-2ddf94","A-19b2c8","Enterprise","20","3980.00","47760.00","FALSE","FALSE","FALSE","FALSE","annual","FALSE","2023-06","2024-01","2024-01-05",\N
"S-02be35","A-e08cd3","Pro","67","3283.00","39396.00","FALSE","FALSE","FALSE","TRUE","monthly","TRUE","2024-09","2024-10","2024-10-01","2024-12-21"
"S-6e0edc","A-a1b80b","Enterprise","16","3184.00","38208.00","FALSE","FALSE","FALSE","FALSE","annual","TRUE","2024-03","2024-09","2024-09-07",\N
"S-01990c","A-d62e02","Enterprise","16","3184.00","38208.00","FALSE","FALSE","FALSE","FALSE","monthly","TRUE","2024-09","2024-11","2024-11-22",\N
"S-28eb12","A-d535f6","Pro","12","588.00","7056.00","FALSE","FALSE","FALSE","FALSE","monthly","FALSE","2024-09","2024-11","2024-11-20",\N
"S-5e06b2","A-5247b3","Pro","16","0.00","0.00","TRUE","FALSE","FALSE","FALSE","monthly","TRUE","2024-03","2024-04","2024-04-17",\N
"S-a01aad","A-5f7781","Enterprise","22","4378.00","52536.00","FALSE","FALSE","FALSE","FALSE","monthly","TRUE","2024-08","2024-10","2024-10-14",\N
"S-e42331","A-94f8c9","Enterprise","23","0.00","0.00","TRUE","FALSE","FALSE","FALSE","annual","TRUE","2024-04","2024-07","2024-07-25",\N
"S-36ee88","A-fabe19","Enterprise","31","6169.00","74028.00","FALSE","FALSE","FALSE","FALSE","monthly","TRUE","2024-11","2024-11","2024-11-23",\N
"S-b147b9","A-fce879","Basic","21","399.00","4788.00","FALSE","FALSE","FALSE","FALSE","annual","TRUE","2024-09","2024-12","2024-12-13",\N
"S-fc44ed","A-f5641b","Enterprise","31","6169.00","74028.00","FALSE","FALSE","FALSE","FALSE","annual","TRUE","2024-04","2024-05","2024-05-23",\N
"S-3ee7c3","A-cdf020","Enterprise","23","4577.00","54924.00","FALSE","FALSE","FALSE","TRUE","monthly","FALSE","2023-12","2024-04","2024-04-06","2024-11-10"
"S-7a9d40","A-157070","Basic","38","722.00","8664.00","FALSE","FALSE","FALSE","TRUE","annual","TRUE","2023-12","2024-12","2024-12-18","2024-12-26"
"S-53d6be","A-993085","Enterprise","31","0.00","0.00","TRUE","FALSE","FALSE","FALSE","monthly","TRUE","2023-08","2024-05","2024-05-11",\N
"S-dbd6b9","A-cea1f0","Pro","8","0.00","0.00","TRUE","FALSE","FALSE","FALSE","annual","TRUE","2024-06","2024-11","2024-11-19",\N
"S-e63c67","A-1f7acb","Pro","64","3136.00","37632.00","FALSE","FALSE","FALSE","FALSE","annual","TRUE","2023-09","2024-07","2024-07-03",\N
"S-82eb3e","A-49b828","Enterprise","6","1194.00","14328.00","FALSE","FALSE","FALSE","FALSE","annual","FALSE","2023-05","2024-07","2024-07-18",\N
"S-5a18e5","A-3d957b","Enterprise","14","2786.00","33432.00","FALSE","TRUE","FALSE","FALSE","monthly","TRUE","2024-07","2024-08","2024-08-05",\N
"S-193d88","A-4437e4","Enterprise","6","1194.00","14328.00","FALSE","TRUE","TRUE","FALSE","annual","TRUE","2023-11","2024-10","2024-10-12",\N
"S-29b014","A-a1b80b","Pro","36","1764.00","21168.00","FALSE","FALSE","FALSE","FALSE","annual","TRUE","2024-03","2024-07","2024-07-15",\N
"S-7ce677","A-2e4581","Pro","9","441.00","5292.00","FALSE","FALSE","FALSE","FALSE","monthly","TRUE","2024-10","2024-10","2024-10-20",\N
"S-7f7e38","A-bb1486","Pro","42","2058.00","24696.00","FALSE","FALSE","FALSE","FALSE","monthly","TRUE","2024-11","2024-11","2024-11-13",\N
"S-c5723e","A-544d0a","Basic","11","209.00","2508.00","FALSE","FALSE","FALSE","FALSE","annual","TRUE","2024-05","2024-06","2024-06-27",\N
"S-388190","A-d40bf7","Enterprise","59","11741.00","140892.00","FALSE","FALSE","FALSE","FALSE","annual","FALSE","2024-11","2024-12","2024-12-27",\N
"S-da0fb6","A-d77f4c","Enterprise","55","10945.00","131340.00","FALSE","FALSE","FALSE","FALSE","monthly","TRUE","2023-10","2024-07","2024-07-04",\N
"S-95c467","A-c37601","Pro","10","490.00","5880.00","FALSE","FALSE","FALSE","FALSE","annual","TRUE","2024-11","2024-11","2024-11-02",\N
"S-15a058","A-9208f0","Pro","2","98.00","1176.00","FALSE","FALSE","FALSE","TRUE","monthly","TRUE","2023-05","2023-09","2023-09-29","2024-04-03"
"S-67474a","A-7d514c","Pro","17","833.00","9996.00","FALSE","FALSE","FALSE","FALSE","monthly","TRUE","2024-02","2024-06","2024-06-13",\N
"S-8c767b","A-b07b56","Enterprise","29","0.00","0.00","TRUE","FALSE","FALSE","TRUE","monthly","TRUE","2024-11","2024-12","2024-12-03","2024-12-09"
"S-5bde76","A-cb5333","Pro","33","1617.00","19404.00","FALSE","FALSE","FALSE","FALSE","monthly","TRUE","2024-04","2024-09","2024-09-08",\N
"S-746e1b","A-90a8c8","Enterprise","73","14527.00","174324.00","FALSE","FALSE","FALSE","FALSE","annual","TRUE","2024-08","2024-09","2024-09-17",\N
"S-460deb","A-832ec2","Enterprise","22","4378.00","52536.00","FALSE","TRUE","FALSE","FALSE","annual","FALSE","2024-01","2024-11","2024-11-27",\N
"S-62af97","A-05f0e5","Pro","46","2254.00","27048.00","FALSE","FALSE","FALSE","FALSE","annual","FALSE","2023-06","2023-06","2023-06-30",\N
"S-7b01d4","A-cbbe12","Pro","49","2401.00","28812.00","FALSE","TRUE","FALSE","FALSE","monthly","TRUE","2023-07","2024-06","2024-06-08",\N
"S-59f6b6","A-dec005","Basic","21","399.00","4788.00","FALSE","TRUE","FALSE","FALSE","monthly","FALSE","2023-10","2024-11","2024-11-10",\N
"S-8013f6","A-6a7c9d","Basic","47","893.00","10716.00","FALSE","FALSE","FALSE","TRUE","monthly","TRUE","2024-11","2024-12","2024-12-11","2024-12-20"
"S-dcd084","A-d27f50","Enterprise","48","9552.00","114624.00","FALSE","FALSE","FALSE","TRUE","annual","TRUE","2024-07","2024-12","2024-12-05","2024-12-09"
"S-8e6903","A-bd4708","Basic","37","703.00","8436.00","FALSE","FALSE","FALSE","FALSE","monthly","FALSE","2024-07","2024-09","2024-09-15",\N
"S-a96f6c","A-b30291","Pro","13","0.00","0.00","TRUE","FALSE","FALSE","FALSE","monthly","TRUE","2024-04","2024-10","2024-10-23",\N
"S-7730b1","A-e51ec7","Pro","4","196.00","2352.00","FALSE","FALSE","FALSE","FALSE","annual","TRUE","2023-11","2024-05","2024-05-01",\N
"S-62f048","A-c45b23","Pro","7","343.00","4116.00","FALSE","FALSE","FALSE","FALSE","monthly","TRUE","2023-12","2024-02","2024-02-13",\N
"S-4f56f5","A-922109","Enterprise","3","597.00","7164.00","FALSE","FALSE","FALSE","FALSE","monthly","TRUE","2024-03","2024-11","2024-11-13",\N
"S-851743","A-443b7c","Pro","13","637.00","7644.00","FALSE","TRUE","FALSE","FALSE","monthly","TRUE","2024-09","2024-10","2024-10-27",\N
"S-8bfab5","A-af0cd2","Pro","19","931.00","11172.00","FALSE","FALSE","FALSE","TRUE","monthly","TRUE","2023-01","2024-05","2024-05-30","2024-12-14"
"S-f5d8ce","A-756192","Pro","19","931.00","11172.00","FALSE","FALSE","FALSE","FALSE","monthly","FALSE","2023-09","2023-10","2023-10-27",\N
"S-58a152","A-90a8c8","Enterprise","15","2985.00","35820.00","FALSE","FALSE","FALSE","FALSE","monthly","FALSE","2024-08","2024-12","2024-12-03",\N
"S-ec41f7","A-8bde0c","Enterprise","19","3781.00","45372.00","FALSE","TRUE","FALSE","FALSE","monthly","TRUE","2024-11","2024-12","2024-12-13",\N
"S-8a4156","A-5a184f","Pro","19","0.00","0.00","TRUE","FALSE","FALSE","FALSE","annual","TRUE","2023-08","2023-08","2023-08-31",\N
"S-b0af8f","A-ff79f2","Enterprise","8","0.00","0.00","TRUE","FALSE","FALSE","FALSE","monthly","TRUE","2024-05","2024-10","2024-10-17",\N
"S-6cafdf","A-6f8ad2","Pro","7","343.00","4116.00","FALSE","FALSE","FALSE","FALSE","annual","FALSE","2024-07","2024-12","2024-12-27",\N
"S-708924","A-7a0d69","Basic","22","0.00","0.00","TRUE","FALSE","FALSE","FALSE","annual","TRUE","2024-07","2024-09","2024-09-12",\N
"S-fced99","A-39b19f","Enterprise","42","0.00","0.00","TRUE","FALSE","FALSE","FALSE","monthly","TRUE","2023-02","2024-10","2024-10-03",\N
"S-8c61f4","A-72799b","Basic","34","646.00","7752.00","FALSE","FALSE","FALSE","FALSE","annual","FALSE","2023-11","2024-04","2024-04-17",\N
"S-2daa17","A-c62e55","Enterprise","15","2985.00","35820.00","FALSE","FALSE","FALSE","FALSE","monthly","TRUE","2023-11","2024-05","2024-05-05",\N
"S-81fe83","A-b48f73","Basic","80","1520.00","18240.00","FALSE","FALSE","FALSE","FALSE","monthly","TRUE","2024-11","2024-11","2024-11-15",\N
"S-53f831","A-82861f","Basic","41","779.00","9348.00","FALSE","FALSE","FALSE","FALSE","monthly","FALSE","2024-05","2024-07","2024-07-29",\N
"S-fe0c52","A-6f8ad2","Basic","29","0.00","0.00","TRUE","FALSE","FALSE","FALSE","monthly","FALSE","2024-07","2024-07","2024-07-22",\N
"S-6d3f0b","A-82d8a6","Basic","36","684.00","8208.00","FALSE","FALSE","FALSE","FALSE","annual","TRUE","2024-12","2024-12","2024-12-16",\N
"S-25b756","A-d82ef9","Pro","58","2842.00","34104.00","FALSE","TRUE","FALSE","FALSE","annual","TRUE","2024-07","2024-07","2024-07-30",\N
"S-c899a3","A-2446e3","Pro","27","1323.00","15876.00","FALSE","FALSE","TRUE","FALSE","monthly","TRUE","2024-01","2024-01","2024-01-21",\N
"S-05ef15","A-d42431","Basic","35","665.00","7980.00","FALSE","FALSE","FALSE","FALSE","monthly","TRUE","2024-06","2024-10","2024-10-24",\N
"S-8ececc","A-533452","Pro","9","441.00","5292.00","FALSE","FALSE","FALSE","FALSE","annual","TRUE","2024-11","2024-12","2024-12-15",\N
"S-a24db6","A-96215d","Enterprise","14","2786.00","33432.00","FALSE","TRUE","FALSE","FALSE","monthly","TRUE","2024-08","2024-09","2024-09-13",\N
"S-9acc7f","A-4437e4","Enterprise","16","3184.00","38208.00","FALSE","FALSE","FALSE","FALSE","monthly","TRUE","2023-11","2024-07","2024-07-10",\N
"S-bb1a91","A-5c046d","Basic","93","1767.00","21204.00","FALSE","FALSE","FALSE","FALSE","annual","TRUE","2024-07","2024-08","2024-08-18",\N
"S-80c296","A-e888d1","Pro","17","833.00","9996.00","FALSE","FALSE","FALSE","FALSE","monthly","TRUE","2023-05","2024-12","2024-12-19",\N
"S-275d57","A-b3fe05","Basic","15","285.00","3420.00","FALSE","FALSE","FALSE","FALSE","monthly","TRUE","2024-06","2024-11","2024-11-11",\N
"S-6ca46a","A-0cc442","Enterprise","53","10547.00","126564.00","FALSE","TRUE","FALSE","FALSE","annual","TRUE","2024-07","2024-09","2024-09-25",\N
"S-98845b","A-db5e9e","Basic","42","798.00","9576.00","FALSE","FALSE","FALSE","FALSE","annual","TRUE","2024-11","2024-11","2024-11-15",\N
"S-fb285f","A-82d8a6","Basic","32","608.00","7296.00","FALSE","FALSE","FALSE","FALSE","annual","TRUE","2024-12","2024-12","2024-12-22",\N
"S-da9f05","A-151c9a","Pro","23","1127.00","13524.00","FALSE","FALSE","TRUE","FALSE","annual","TRUE","2023-05","2023-05","2023-05-08",\N
"S-9f38a5","A-cc102e","Basic","13","247.00","2964.00","FALSE","FALSE","FALSE","FALSE","monthly","TRUE","2024-05","2024-05","2024-05-30",\N
"S-dc7143","A-3ce5b8","Enterprise","14","2786.00","33432.00","FALSE","FALSE","FALSE","FALSE","monthly","TRUE","2023-12","2024-04","2024-04-28",\N
"S-68ecd5","A-684255","Enterprise","9","1791.00","21492.00","FALSE","FALSE","FALSE","FALSE","annual","TRUE","2024-04","2024-08","2024-08-18",\N
"S-601bbe","A-0532a9","Pro","21","1029.00","12348.00","FALSE","TRUE","FALSE","FALSE","monthly","FALSE","2024-09","2024-11","2024-11-26",\N
"S-a34e37","A-10b8da","Enterprise","23","0.00","0.00","TRUE","FALSE","FALSE","FALSE","annual","TRUE","2023-05","2024-04","2024-04-27",\N
"S-0a70a3","A-5b051a","Basic","22","418.00","5016.00","FALSE","FALSE","FALSE","TRUE","annual","TRUE","2024-09","2024-10","2024-10-21","2024-12-24"
"S-de543d","A-1e50e0","Enterprise","19","0.00","0.00","TRUE","FALSE","FALSE","TRUE","annual","TRUE","2023-03","2023-04","2023-04-25","2024-01-13"
"S-084e4f","A-054577","Basic","25","475.00","5700.00","FALSE","FALSE","FALSE","FALSE","annual","FALSE","2024-05","2024-11","2024-11-22",\N
"S-febd10","A-e61e98","Pro","32","0.00","0.00","TRUE","FALSE","FALSE","FALSE","annual","TRUE","2023-11","2024-01","2024-01-05",\N
"S-25a969","A-c9bb3e","Basic","15","285.00","3420.00","FALSE","FALSE","FALSE","FALSE","annual","TRUE","2024-04","2024-06","2024-06-02",\N
"S-5d299e","A-560d27","Enterprise","23","4577.00","54924.00","FALSE","FALSE","FALSE","FALSE","monthly","TRUE","2024-05","2024-10","2024-10-25",\N
"S-5a1fc3","A-05d3b3","Enterprise","13","2587.00","31044.00","FALSE","FALSE","FALSE","FALSE","monthly","TRUE","2023-07","2024-01","2024-01-29",\N
"S-af854c","A-cab532","Enterprise","58","0.00","0.00","TRUE","FALSE","FALSE","FALSE","annual","TRUE","2023-04","2024-02","2024-02-16",\N
"S-70b1cf","A-4ae22a","Basic","28","532.00","6384.00","FALSE","FALSE","FALSE","FALSE","monthly","TRUE","2024-05","2024-09","2024-09-24",\N
"S-feaca1","A-2ebb4b","Enterprise","65","12935.00","155220.00","FALSE","FALSE","FALSE","FALSE","monthly","TRUE","2023-06","2023-10","2023-10-03",\N
"S-f1aa04","A-7f4db3","Pro","7","343.00","4116.00","FALSE","FALSE","FALSE","FALSE","monthly","TRUE","2023-03","2023-07","2023-07-24",\N
"S-ca0eb1","A-6e08f3","Enterprise","24","0.00","0.00","TRUE","FALSE","FALSE","FALSE","monthly","TRUE","2023-07","2023-07","2023-07-25",\N
"S-a4b1af","A-17939a","Enterprise","13","2587.00","31044.00","FALSE","FALSE","FALSE","FALSE","monthly","TRUE","2024-12","2024-12","2024-12-26",\N
"S-b15faf","A-3a5ad8","Basic","95","1805.00","21660.00","FALSE","FALSE","FALSE","FALSE","monthly","TRUE","2023-12","2024-05","2024-05-15",\N
"S-108282","A-49b828","Pro","30","1470.00","17640.00","FALSE","FALSE","FALSE","FALSE","annual","TRUE","2023-05","2024-03","2024-03-26",\N
"S-9b623b","A-712426","Enterprise","13","2587.00","31044.00","FALSE","FALSE","FALSE","FALSE","annual","TRUE","2024-11","2024-12","2024-12-08",\N
"S-b28ec2","A-ee42db","Basic","33","627.00","7524.00","FALSE","FALSE","FALSE","FALSE","monthly","FALSE","2023-05","2023-11","2023-11-03",\N
"S-d1ef4d","A-3a5ad8","Enterprise","9","0.00","0.00","TRUE","FALSE","FALSE","FALSE","annual","TRUE","2023-12","2023-12","2023-12-18",\N
"S-c4a98e","A-ced9aa","Enterprise","5","995.00","11940.00","FALSE","FALSE","FALSE","FALSE","monthly","TRUE","2024-10","2024-12","2024-12-16",\N
"S-bff8c5","A-202b67","Basic","11","209.00","2508.00","FALSE","FALSE","FALSE","FALSE","monthly","TRUE","2024-03","2024-07","2024-07-18",\N
"S-3401bf","A-1619f8","Enterprise","55","10945.00","131340.00","FALSE","FALSE","FALSE","FALSE","annual","TRUE","2024-06","2024-06","2024-06-09",\N
"S-a583df","A-84ebe4","Enterprise","45","8955.00","107460.00","FALSE","FALSE","FALSE","FALSE","annual","TRUE","2023-05","2024-08","2024-08-07",\N
"S-f80617","A-d4ac0e","Basic","18","342.00","4104.00","FALSE","FALSE","FALSE","TRUE","annual","TRUE","2024-05","2024-10","2024-10-28","2024-12-16"
"S-e7e013","A-241e75","Basic","18","342.00","4104.00","FALSE","FALSE","FALSE","FALSE","monthly","FALSE","2024-07","2024-08","2024-08-07",\N
"S-4d2392","A-e61e98","Pro","19","931.00","11172.00","FALSE","TRUE","FALSE","FALSE","monthly","FALSE","2023-11","2023-11","2023-11-05",\N
"S-f6b264","A-4a4c2d","Pro","54","2646.00","31752.00","FALSE","FALSE","FALSE","FALSE","monthly","FALSE","2023-07","2024-02","2024-02-02",\N
"S-c8fd93","A-0354fe","Basic","34","646.00","7752.00","FALSE","TRUE","FALSE","TRUE","monthly","TRUE","2024-11","2024-11","2024-11-16","2024-11-20"
"S-f60667","A-b7ef83","Enterprise","5","995.00","11940.00","FALSE","TRUE","FALSE","FALSE","annual","TRUE","2024-06","2024-09","2024-09-18",\N
"S-8e602b","A-a33200","Pro","29","1421.00","17052.00","FALSE","FALSE","FALSE","FALSE","monthly","FALSE","2024-09","2024-10","2024-10-26",\N
"S-2ba4ee","A-cab532","Basic","20","0.00","0.00","TRUE","FALSE","FALSE","FALSE","annual","TRUE","2023-04","2024-05","2024-05-21",\N
"S-ed75af","A-1f0636","Pro","105","5145.00","61740.00","FALSE","TRUE","FALSE","FALSE","monthly","TRUE","2024-02","2024-06","2024-06-09",\N
"S-214d98","A-560d27","Pro","23","1127.00","13524.00","FALSE","FALSE","FALSE","FALSE","annual","FALSE","2024-05","2024-06","2024-06-01",\N
"S-343642","A-3cc791","Basic","25","0.00","0.00","TRUE","FALSE","FALSE","FALSE","annual","FALSE","2024-01","2024-01","2024-01-31",\N
"S-f5c7b2","A-f44180","Enterprise","9","1791.00","21492.00","FALSE","FALSE","FALSE","FALSE","annual","TRUE","2023-03","2023-03","2023-03-25",\N
"S-33df6f","A-0baac2","Enterprise","14","2786.00","33432.00","FALSE","FALSE","FALSE","TRUE","monthly","TRUE","2024-06","2024-12","2024-12-11","2024-12-12"
"S-9225ac","A-eafc6e","Pro","31","0.00","0.00","TRUE","FALSE","FALSE","FALSE","annual","TRUE","2023-08","2024-09","2024-09-28",\N
"S-a332ba","A-69b156","Pro","7","343.00","4116.00","FALSE","FALSE","FALSE","TRUE","annual","FALSE","2023-12","2024-04","2024-04-15","2024-07-09"
"S-c2168a","A-37f969","Basic","30","570.00","6840.00","FALSE","FALSE","FALSE","FALSE","monthly","TRUE","2023-10","2024-08","2024-08-22",\N
"S-31090f","A-328bd0","Basic","18","342.00","4104.00","FALSE","FALSE","FALSE","FALSE","monthly","FALSE","2023-08","2024-08","2024-08-20",\N
"S-f316d5","A-f25509","Basic","57","1083.00","12996.00","FALSE","FALSE","TRUE","FALSE","annual","TRUE","2024-05","2024-12","2024-12-26",\N
"S-6d0817","A-fa2041","Pro","21","1029.00","12348.00","FALSE","FALSE","FALSE","FALSE","monthly","TRUE","2024-06","2024-08","2024-08-19",\N
"S-b63db8","A-faa28c","Enterprise","48","9552.00","114624.00","FALSE","FALSE","FALSE","FALSE","monthly","FALSE","2024-02","2024-09","2024-09-18",\N
"S-cfcd07","A-4a267b","Basic","25","0.00","0.00","TRUE","FALSE","FALSE","FALSE","annual","TRUE","2024-05","2024-08","2024-08-29",\N
"S-c192eb","A-ff79f2","Enterprise","83","16517.00","198204.00","FALSE","FALSE","FALSE","FALSE","monthly","TRUE","2024-05","2024-10","2024-10-19",\N
"S-bfc0f8","A-7cfe77","Basic","69","1311.00","15732.00","FALSE","FALSE","FALSE","FALSE","monthly","TRUE","2024-07","2024-08","2024-08-10",\N
"S-90525e","A-ed510f","Enterprise","42","8358.00","100296.00","FALSE","FALSE","FALSE","FALSE","annual","TRUE","2023-03","2024-04","2024-04-21",\N
"S-4d9bfd","A-2bc93d","Enterprise","14","0.00","0.00","TRUE","FALSE","FALSE","FALSE","annual","TRUE","2023-07","2024-08","2024-08-31",\N
"S-741431","A-6e7827","Enterprise","11","2189.00","26268.00","FALSE","FALSE","FALSE","FALSE","monthly","TRUE","2023-06","2024-08","2024-08-30",\N
"S-c3660c","A-779e4e","Pro","5","245.00","2940.00","FALSE","FALSE","FALSE","FALSE","monthly","TRUE","2023-01","2024-07","2024-07-18",\N
"S-9a8d01","A-751c58","Pro","33","1617.00","19404.00","FALSE","TRUE","FALSE","FALSE","monthly","FALSE","2024-07","2024-08","2024-08-30",\N
"S-18e3a5","A-c43359","Basic","38","722.00","8664.00","FALSE","FALSE","FALSE","TRUE","annual","TRUE","2024-11","2024-11","2024-11-25","2024-11-28"
"S-a04ba5","A-afa505","Enterprise","70","13930.00","167160.00","FALSE","FALSE","FALSE","FALSE","annual","TRUE","2024-01","2024-06","2024-06-02",\N
"S-be601b","A-8ae05d","Basic","86","1634.00","19608.00","FALSE","FALSE","FALSE","FALSE","monthly","TRUE","2024-06","2024-07","2024-07-07",\N
"S-951de6","A-ccb686","Basic","10","190.00","2280.00","FALSE","FALSE","FALSE","TRUE","annual","TRUE","2024-02","2024-05","2024-05-04","2024-10-10"
"S-665df9","A-a0ca4e","Pro","11","539.00","6468.00","FALSE","FALSE","FALSE","FALSE","annual","TRUE","2024-03","2024-10","2024-10-28",\N
"S-a0f3f7","A-c37cab","Enterprise","21","4179.00","50148.00","FALSE","FALSE","FALSE","FALSE","annual","TRUE","2024-07","2024-07","2024-07-30",\N
"S-e090ae","A-e2cd1b","Enterprise","15","2985.00","35820.00","FALSE","FALSE","FALSE","FALSE","annual","TRUE","2024-02","2024-05","2024-05-25",\N
"S-dad08c","A-977ca0","Pro","20","0.00","0.00","TRUE","FALSE","FALSE","FALSE","monthly","TRUE","2023-02","2024-04","2024-04-14",\N
"S-053142","A-ffc04f","Basic","16","304.00","3648.00","FALSE","FALSE","FALSE","FALSE","monthly","TRUE","2024-06","2024-11","2024-11-06",\N
"S-5a6941","A-4a267b","Pro","25","1225.00","14700.00","FALSE","FALSE","FALSE","FALSE","monthly","TRUE","2024-05","2024-09","2024-09-22",\N
"S-856241","A-32fb14","Basic","26","494.00","5928.00","FALSE","FALSE","FALSE","FALSE","monthly","TRUE","2023-07","2023-09","2023-09-12",\N
"S-eaa2c2","A-2ebb4b","Basic","41","779.00","9348.00","FALSE","FALSE","FALSE","FALSE","monthly","TRUE","2023-06","2024-05","2024-05-06",\N
"S-e567db","A-716841","Enterprise","45","0.00","0.00","TRUE","FALSE","FALSE","FALSE","annual","TRUE","2024-05","2024-05","2024-05-14",\N
"S-94fc5d","A-86902e","Basic","34","0.00","0.00","TRUE","FALSE","FALSE","FALSE","monthly","TRUE","2023-07","2023-07","2023-07-30",\N
"S-474b5a","A-05d3b3","Basic","11","209.00","2508.00","FALSE","FALSE","FALSE","FALSE","annual","FALSE","2023-07","2023-11","2023-11-26",\N
"S-bf304b","A-89ee83","Enterprise","18","3582.00","42984.00","FALSE","FALSE","FALSE","FALSE","monthly","TRUE","2024-10","2024-12","2024-12-27",\N
"S-b22602","A-b9f5b1","Enterprise","39","0.00","0.00","TRUE","FALSE","FALSE","TRUE","annual","TRUE","2023-03","2024-05","2024-05-04","2024-09-29"
"S-09c11e","A-19b2c8","Basic","20","380.00","4560.00","FALSE","FALSE","FALSE","FALSE","annual","FALSE","2023-06","2023-07","2023-07-12",\N
"S-13d6d1","A-ff79f2","Pro","10","490.00","5880.00","FALSE","FALSE","FALSE","FALSE","monthly","FALSE","2024-05","2024-07","2024-07-28",\N
"S-9eda4d","A-524364","Enterprise","3","0.00","0.00","TRUE","FALSE","FALSE","FALSE","monthly","TRUE","2024-12","2024-12","2024-12-31",\N
"S-779baa","A-eafc6e","Basic","30","0.00","0.00","TRUE","FALSE","FALSE","FALSE","monthly","TRUE","2023-08","2024-10","2024-10-30",\N
"S-20952f","A-d82ef9","Pro","26","1274.00","15288.00","FALSE","FALSE","FALSE","FALSE","annual","TRUE","2024-07","2024-09","2024-09-10",\N
"S-d2fae0","A-2789e3","Enterprise","11","0.00","0.00","TRUE","FALSE","FALSE","FALSE","monthly","TRUE","2024-09","2024-10","2024-10-10",\N
"S-0206eb","A-883b7d","Basic","31","589.00","7068.00","FALSE","FALSE","FALSE","FALSE","monthly","TRUE","2024-04","2024-04","2024-04-26",\N
"S-3bd95c","A-51ec1b","Enterprise","17","3383.00","40596.00","FALSE","TRUE","FALSE","FALSE","annual","TRUE","2024-02","2024-11","2024-11-12",\N
"S-88cb91","A-cab532","Pro","35","1715.00","20580.00","FALSE","FALSE","FALSE","FALSE","annual","TRUE","2023-04","2024-12","2024-12-16",\N
"S-bb45bb","A-b07346","Enterprise","51","10149.00","121788.00","FALSE","FALSE","FALSE","FALSE","annual","FALSE","2024-11","2024-12","2024-12-22",\N
"S-5c631b","A-b7ef83","Enterprise","26","5174.00","62088.00","FALSE","FALSE","FALSE","FALSE","annual","FALSE","2024-06","2024-07","2024-07-01",\N
"S-6f6fca","A-560d27","Enterprise","50","0.00","0.00","TRUE","TRUE","FALSE","FALSE","annual","TRUE","2024-05","2024-11","2024-11-07",\N
"S-b6ab32","A-dbc825","Enterprise","19","3781.00","45372.00","FALSE","FALSE","FALSE","TRUE","annual","TRUE","2024-01","2024-04","2024-04-08","2024-08-05"
"S-9a6596","A-503d5a","Basic","49","931.00","11172.00","FALSE","FALSE","TRUE","FALSE","monthly","TRUE","2023-10","2023-10","2023-10-21",\N
"S-8e5df4","A-b3fe05","Basic","15","285.00","3420.00","FALSE","FALSE","FALSE","FALSE","monthly","TRUE","2024-06","2024-11","2024-11-04",\N
"S-d2624d","A-4e0e85","Pro","6","294.00","3528.00","FALSE","FALSE","FALSE","FALSE","annual","FALSE","2024-02","2024-07","2024-07-19",\N
"S-3c1038","A-30b4ca","Pro","86","0.00","0.00","TRUE","FALSE","FALSE","FALSE","monthly","TRUE","2024-05","2024-08","2024-08-13",\N
"S-ee53e8","A-1b9609","Basic","17","323.00","3876.00","FALSE","FALSE","FALSE","FALSE","annual","TRUE","2023-12","2024-09","2024-09-03",\N
"S-11eef4","A-5c046d","Pro","93","4557.00","54684.00","FALSE","FALSE","FALSE","FALSE","annual","TRUE","2024-07","2024-07","2024-07-23",\N
"S-9a065e","A-92a3af","Pro","25","1225.00","14700.00","FALSE","FALSE","FALSE","FALSE","monthly","TRUE","2024-07","2024-11","2024-11-24",\N
"S-7a2991","A-4d1e75","Pro","39","1911.00","22932.00","FALSE","FALSE","FALSE","FALSE","annual","TRUE","2024-09","2024-11","2024-11-14",\N
"S-ca136e","A-cb5333","Basic","44","836.00","10032.00","FALSE","FALSE","FALSE","FALSE","monthly","TRUE","2024-04","2024-04","2024-04-09",\N
"S-52b9a9","A-86902e","Enterprise","34","6766.00","81192.00","FALSE","TRUE","FALSE","FALSE","annual","TRUE","2023-07","2024-04","2024-04-12",\N
"S-712e04","A-cc98bc","Basic","32","0.00","0.00","TRUE","FALSE","FALSE","FALSE","monthly","TRUE","2023-05","2024-09","2024-09-20",\N
"S-70e232","A-331424","Enterprise","11","2189.00","26268.00","FALSE","FALSE","FALSE","FALSE","annual","TRUE","2024-01","2024-01","2024-01-24",\N
"S-04911c","A-bc87bc","Pro","3","0.00","0.00","TRUE","FALSE","FALSE","TRUE","annual","TRUE","2024-09","2024-12","2024-12-01","2024-12-15"
"S-384681","A-e08cd3","Basic","67","1273.00","15276.00","FALSE","FALSE","TRUE","FALSE","annual","TRUE","2024-09","2024-12","2024-12-25",\N
"S-875cf3","A-54ecc2","Enterprise","30","5970.00","71640.00","FALSE","FALSE","FALSE","FALSE","monthly","TRUE","2023-08","2024-04","2024-04-29",\N
"S-335e1e","A-22f2df","Pro","40","1960.00","23520.00","FALSE","FALSE","FALSE","FALSE","monthly","TRUE","2024-12","2024-12","2024-12-24",\N
"S-da8d5f","A-55f257","Pro","14","686.00","8232.00","FALSE","FALSE","FALSE","FALSE","monthly","TRUE","2024-01","2024-03","2024-03-06",\N
"S-8cd315","A-c1e51e","Enterprise","55","10945.00","131340.00","FALSE","FALSE","FALSE","FALSE","monthly","TRUE","2024-10","2024-11","2024-11-19",\N
"S-0bb284","A-b07b56","Pro","27","1323.00","15876.00","FALSE","FALSE","FALSE","FALSE","monthly","FALSE","2024-11","2024-12","2024-12-16",\N
"S-0283b5","A-443f6f","Pro","19","931.00","11172.00","FALSE","FALSE","FALSE","FALSE","annual","TRUE","2024-12","2024-12","2024-12-10",\N
"S-9a8f71","A-a7bd4b","Pro","8","392.00","4704.00","FALSE","FALSE","FALSE","FALSE","annual","TRUE","2023-03","2023-03","2023-03-19",\N
"S-44c9ae","A-f3ff05","Basic","2","0.00","0.00","TRUE","FALSE","FALSE","FALSE","annual","FALSE","2024-08","2024-11","2024-11-10",\N
"S-c98905","A-de24d5","Pro","5","245.00","2940.00","FALSE","FALSE","FALSE","FALSE","monthly","FALSE","2024-11","2024-12","2024-12-28",\N
"S-bcbe03","A-2789e3","Basic","11","209.00","2508.00","FALSE","FALSE","FALSE","FALSE","monthly","FALSE","2024-09","2024-10","2024-10-22",\N
"S-9871f4","A-8e47ca","Basic","19","361.00","4332.00","FALSE","FALSE","FALSE","FALSE","monthly","TRUE","2024-02","2024-03","2024-03-05",\N
"S-635c1e","A-b2af2e","Basic","54","1026.00","12312.00","FALSE","FALSE","TRUE","FALSE","annual","FALSE","2024-08","2024-12","2024-12-31",\N
"S-d32fbc","A-798a3f","Basic","12","228.00","2736.00","FALSE","FALSE","FALSE","FALSE","monthly","TRUE","2023-12","2024-07","2024-07-01",\N
"S-17e05f","A-fa3095","Pro","70","3430.00","41160.00","FALSE","FALSE","FALSE","FALSE","annual","TRUE","2023-09","2024-12","2024-12-18",\N
"S-9c6bd0","A-075038","Basic","17","323.00","3876.00","FALSE","FALSE","FALSE","FALSE","monthly","TRUE","2023-07","2024-04","2024-04-11",\N
"S-90d405","A-d62e02","Enterprise","6","1194.00","14328.00","FALSE","FALSE","FALSE","FALSE","monthly","FALSE","2024-09","2024-12","2024-12-30",\N
"S-d80516","A-f19409","Pro","44","2156.00","25872.00","FALSE","TRUE","FALSE","FALSE","annual","TRUE","2023-04","2023-04","2023-04-22",\N
"S-425607","A-ffdfd5","Basic","21","399.00","4788.00","FALSE","FALSE","FALSE","FALSE","annual","TRUE","2024-04","2024-06","2024-06-11",\N
"S-0eb2e0","A-970c97","Enterprise","14","2786.00","33432.00","FALSE","FALSE","FALSE","FALSE","monthly","TRUE","2024-03","2024-03","2024-03-23",\N
"S-fe753c","A-0532a9","Basic","19","361.00","4332.00","FALSE","FALSE","FALSE","FALSE","monthly","TRUE","2024-09","2024-11","2024-11-23",\N
"S-cb54dc","A-560d27","Enterprise","42","0.00","0.00","TRUE","FALSE","FALSE","FALSE","annual","FALSE","2024-05","2024-11","2024-11-17",\N
"S-e338a1","A-d40bf7","Pro","59","2891.00","34692.00","FALSE","FALSE","FALSE","FALSE","monthly","TRUE","2024-11","2024-12","2024-12-14",\N
"S-441ab2","A-e36807","Basic","25","0.00","0.00","TRUE","FALSE","FALSE","FALSE","annual","TRUE","2024-06","2024-07","2024-07-07",\N
"S-bb9299","A-7da956","Pro","13","0.00","0.00","TRUE","FALSE","FALSE","FALSE","annual","TRUE","2024-06","2024-10","2024-10-16",\N
"S-07c505","A-bc4d48","Pro","35","1715.00","20580.00","FALSE","TRUE","FALSE","FALSE","monthly","TRUE","2024-06","2024-07","2024-07-12",\N
"S-cd3a01","A-98a59a","Basic","56","1064.00","12768.00","FALSE","FALSE","FALSE","FALSE","monthly","FALSE","2023-09","2024-05","2024-05-10",\N
"S-9d78e2","A-d3c88e","Enterprise","47","9353.00","112236.00","FALSE","FALSE","FALSE","FALSE","monthly","TRUE","2024-10","2024-12","2024-12-28",\N
"S-8ca516","A-f19409","Pro","23","1127.00","13524.00","FALSE","FALSE","FALSE","FALSE","annual","TRUE","2023-04","2024-09","2024-09-21",\N
"S-cafa84","A-bbc346","Enterprise","19","3781.00","45372.00","FALSE","FALSE","FALSE","FALSE","annual","TRUE","2024-08","2024-09","2024-09-16",\N
"S-92f4b4","A-6da850","Basic","18","342.00","4104.00","FALSE","FALSE","FALSE","FALSE","monthly","TRUE","2023-10","2024-02","2024-02-09",\N
"S-1ad713","A-f97b9a","Enterprise","16","3184.00","38208.00","FALSE","FALSE","FALSE","FALSE","annual","TRUE","2023-09","2024-06","2024-06-19",\N
"S-d9eb73","A-32fb14","Basic","26","0.00","0.00","TRUE","FALSE","FALSE","FALSE","annual","TRUE","2023-07","2023-07","2023-07-18",\N
"S-31ac79","A-f19b24","Basic","29","551.00","6612.00","FALSE","FALSE","FALSE","FALSE","monthly","TRUE","2024-03","2024-12","2024-12-01",\N
"S-2f8dbb","A-13466a","Basic","2","38.00","456.00","FALSE","FALSE","FALSE","TRUE","annual","FALSE","2023-11","2023-11","2023-11-18","2024-06-23"
"S-f554b0","A-faa28c","Enterprise","48","9552.00","114624.00","FALSE","TRUE","FALSE","FALSE","annual","TRUE","2024-02","2024-11","2024-11-30",\N
"S-81d63a","A-c62e55","Pro","56","2744.00","32928.00","FALSE","FALSE","FALSE","FALSE","annual","TRUE","2023-11","2024-02","2024-02-07",\N
"S-1b6221","A-f6b2fb","Enterprise","23","0.00","0.00","TRUE","FALSE","FALSE","TRUE","monthly","FALSE","2024-05","2024-06","2024-06-12","2024-12-23"
"S-e1ee60","A-712533","Enterprise","18","3582.00","42984.00","FALSE","FALSE","FALSE","FALSE","monthly","TRUE","2023-08","2024-11","2024-11-18",\N
"S-44c5dd","A-eb7c38","Basic","5","95.00","1140.00","FALSE","FALSE","FALSE","FALSE","annual","FALSE","2024-04","2024-10","2024-10-21",\N
"S-f0fe0a","A-d5a319","Pro","24","1176.00","14112.00","FALSE","FALSE","FALSE","FALSE","monthly","TRUE","2023-06","2024-08","2024-08-22",\N
"S-653165","A-ac85cd","Basic","53","1007.00","12084.00","FALSE","FALSE","FALSE","TRUE","annual","TRUE","2024-08","2024-09","2024-09-26","2024-12-13"
"S-5c8af8","A-a2485e","Pro","10","490.00","5880.00","FALSE","FALSE","FALSE","FALSE","monthly","TRUE","2024-08","2024-11","2024-11-05",\N
"S-878fe0","A-5a215a","Pro","87","4263.00","51156.00","FALSE","FALSE","FALSE","FALSE","annual","TRUE","2024-01","2024-12","2024-12-10",\N
"S-4d8a27","A-977ca0","Basic","20","380.00","4560.00","FALSE","TRUE","FALSE","FALSE","monthly","TRUE","2023-02","2024-07","2024-07-03",\N
"S-5c4ef1","A-922109","Pro","38","1862.00","22344.00","FALSE","FALSE","FALSE","FALSE","annual","TRUE","2024-03","2024-03","2024-03-23",\N
"S-d4c0a0","A-81edc3","Pro","18","882.00","10584.00","FALSE","FALSE","FALSE","FALSE","annual","TRUE","2023-11","2024-01","2024-01-25",\N
"S-2d62ad","A-dcc2f0","Enterprise","15","2985.00","35820.00","FALSE","FALSE","FALSE","FALSE","monthly","TRUE","2023-10","2023-11","2023-11-29",\N
"S-7d2c1b","A-34d880","Pro","9","0.00","0.00","TRUE","FALSE","FALSE","FALSE","monthly","TRUE","2024-04","2024-06","2024-06-04",\N
"S-6bfd97","A-016043","Enterprise","59","0.00","0.00","TRUE","TRUE","FALSE","FALSE","annual","TRUE","2024-08","2024-10","2024-10-16",\N
"S-b4c914","A-bd4513","Pro","50","2450.00","29400.00","FALSE","TRUE","FALSE","FALSE","monthly","TRUE","2024-11","2024-12","2024-12-13",\N
"S-e9e03c","A-e40f45","Enterprise","21","4179.00","50148.00","FALSE","TRUE","FALSE","FALSE","monthly","TRUE","2024-05","2024-08","2024-08-20",\N
"S-906b0c","A-712533","Pro","18","882.00","10584.00","FALSE","FALSE","FALSE","FALSE","monthly","FALSE","2023-08","2024-12","2024-12-05",\N
"S-783694","A-fa3095","Enterprise","70","13930.00","167160.00","FALSE","FALSE","FALSE","FALSE","annual","TRUE","2023-09","2023-12","2023-12-18",\N
"S-9c5590","A-9affe6","Enterprise","7","1393.00","16716.00","FALSE","FALSE","FALSE","FALSE","annual","TRUE","2023-04","2024-06","2024-06-09",\N
"S-b7c506","A-c37cab","Basic","30","570.00","6840.00","FALSE","FALSE","FALSE","FALSE","monthly","TRUE","2024-07","2024-09","2024-09-27",\N
"S-48ce17","A-d42431","Enterprise","22","4378.00","52536.00","FALSE","FALSE","FALSE","FALSE","annual","TRUE","2024-06","2024-12","2024-12-08",\N
"S-a2aa70","A-4d1e75","Pro","47","0.00","0.00","TRUE","FALSE","FALSE","FALSE","monthly","FALSE","2024-09","2024-12","2024-12-17",\N
"S-6ff09c","A-d62e02","Basic","16","304.00","3648.00","FALSE","FALSE","FALSE","FALSE","annual","TRUE","2024-09","2024-12","2024-12-11",\N
"S-b40b4d","A-9f0b68","Basic","36","684.00","8208.00","FALSE","FALSE","FALSE","FALSE","monthly","TRUE","2024-05","2024-08","2024-08-09",\N
"S-c51ab8","A-82861f","Enterprise","41","8159.00","97908.00","FALSE","FALSE","FALSE","FALSE","annual","FALSE","2024-05","2024-11","2024-11-19",\N
"S-07ace5","A-71615e","Enterprise","32","6368.00","76416.00","FALSE","FALSE","FALSE","FALSE","monthly","TRUE","2024-06","2024-09","2024-09-21",\N
"S-e715bb","A-6a4e2d","Basic","14","266.00","3192.00","FALSE","FALSE","FALSE","FALSE","monthly","TRUE","2023-05","2023-11","2023-11-15",\N
"S-fcfb31","A-089363","Enterprise","31","0.00","0.00","TRUE","FALSE","FALSE","FALSE","monthly","FALSE","2023-06","2023-10","2023-10-03",\N
"S-8cb02e","A-de24d5","Pro","77","3773.00","45276.00","FALSE","FALSE","FALSE","TRUE","annual","TRUE","2024-11","2024-12","2024-12-09","2024-12-21"
"S-79ba6e","A-fd7ad3","Enterprise","24","0.00","0.00","TRUE","FALSE","FALSE","FALSE","annual","TRUE","2024-11","2024-11","2024-11-14",\N
"S-4f2ca8","A-544d0a","Enterprise","64","12736.00","152832.00","FALSE","FALSE","FALSE","FALSE","annual","TRUE","2024-05","2024-09","2024-09-24",\N
"S-c97604","A-d77f4c","Enterprise","13","2587.00","31044.00","FALSE","FALSE","FALSE","FALSE","annual","TRUE","2023-10","2024-05","2024-05-04",\N
"S-595693","A-2d4502","Basic","67","0.00","0.00","TRUE","FALSE","FALSE","FALSE","annual","TRUE","2024-04","2024-09","2024-09-25",\N
"S-276d44","A-87aa7b","Pro","24","1176.00","14112.00","FALSE","FALSE","FALSE","FALSE","monthly","TRUE","2024-05","2024-06","2024-06-17",\N
"S-6c9ec4","A-b9eed8","Basic","18","342.00","4104.00","FALSE","FALSE","FALSE","FALSE","monthly","TRUE","2024-03","2024-11","2024-11-30",\N
"S-e33883","A-f9cc74","Pro","30","0.00","0.00","TRUE","FALSE","FALSE","FALSE","monthly","TRUE","2024-10","2024-12","2024-12-22",\N
"S-c25e9d","A-cc1d8d","Basic","5","95.00","1140.00","FALSE","FALSE","FALSE","FALSE","monthly","FALSE","2024-12","2024-12","2024-12-17",\N
"S-1d7e7f","A-d922bf","Enterprise","15","2985.00","35820.00","FALSE","FALSE","FALSE","TRUE","annual","TRUE","2023-10","2024-09","2024-09-01","2024-10-21"
"S-c9199e","A-d4ac0e","Pro","33","1617.00","19404.00","FALSE","TRUE","FALSE","FALSE","annual","TRUE","2024-05","2024-11","2024-11-01",\N
"S-cdc347","A-8ed5dd","Enterprise","5","995.00","11940.00","FALSE","FALSE","FALSE","FALSE","monthly","TRUE","2023-08","2024-01","2024-01-31",\N
"S-3df0c3","A-922109","Basic","72","1368.00","16416.00","FALSE","FALSE","FALSE","FALSE","annual","TRUE","2024-03","2024-04","2024-04-06",\N
"S-ea4844","A-c16b88","Pro","23","1127.00","13524.00","FALSE","FALSE","FALSE","FALSE","monthly","TRUE","2024-03","2024-06","2024-06-03",\N
"S-a1d3ad","A-8ae05d","Basic","86","0.00","0.00","TRUE","FALSE","FALSE","FALSE","monthly","TRUE","2024-06","2024-06","2024-06-09",\N
"S-19b415","A-f446b6","Basic","30","570.00","6840.00","FALSE","FALSE","FALSE","FALSE","annual","TRUE","2023-05","2023-05","2023-05-28",\N
"S-4df6ec","A-c9bb3e","Basic","10","190.00","2280.00","FALSE","FALSE","FALSE","FALSE","monthly","TRUE","2024-04","2024-11","2024-11-02",\N
"S-8dfd77","A-2922b6","Pro","20","980.00","11760.00","FALSE","TRUE","FALSE","FALSE","annual","FALSE","2024-12","2024-12","2024-12-25",\N
"S-126e7e","A-0f7d77","Enterprise","7","1393.00","16716.00","FALSE","FALSE","FALSE","FALSE","monthly","FALSE","2024-11","2024-12","2024-12-21",\N
"S-b608f5","A-977ca0","Pro","31","1519.00","18228.00","FALSE","FALSE","FALSE","FALSE","annual","TRUE","2023-02","2024-07","2024-07-25",\N
"S-1c45b4","A-13466a","Basic","65","0.00","0.00","TRUE","FALSE","FALSE","FALSE","monthly","TRUE","2023-11","2024-04","2024-04-20",\N
"S-4a8fda","A-e1462e","Basic","15","285.00","3420.00","FALSE","FALSE","FALSE","FALSE","annual","FALSE","2023-04","2024-11","2024-11-20",\N
"S-ccc10f","A-87aa7b","Basic","24","456.00","5472.00","FALSE","FALSE","FALSE","FALSE","annual","TRUE","2024-05","2024-11","2024-11-19",\N
"S-689032","A-410e86","Enterprise","24","0.00","0.00","TRUE","FALSE","FALSE","TRUE","monthly","FALSE","2024-11","2024-12","2024-12-14","2024-12-25"
"S-5e5ff0","A-832ec2","Pro","6","0.00","0.00","TRUE","FALSE","FALSE","FALSE","annual","TRUE","2024-01","2024-09","2024-09-04",\N
"S-bf43b4","A-6f8ad2","Pro","41","2009.00","24108.00","FALSE","FALSE","FALSE","FALSE","monthly","TRUE","2024-07","2024-12","2024-12-04",\N
"S-379d32","A-a8b49c","Enterprise","22","4378.00","52536.00","FALSE","TRUE","FALSE","FALSE","annual","TRUE","2023-10","2024-10","2024-10-13",\N
"S-0adca9","A-b3fe05","Basic","55","1045.00","12540.00","FALSE","FALSE","FALSE","FALSE","monthly","TRUE","2024-06","2024-10","2024-10-07",\N
"S-413a1d","A-7df7a7","Enterprise","7","1393.00","16716.00","FALSE","FALSE","TRUE","FALSE","monthly","TRUE","2023-02","2024-05","2024-05-25",\N
"S-8451e7","A-82861f","Enterprise","41","8159.00","97908.00","FALSE","FALSE","FALSE","FALSE","annual","TRUE","2024-05","2024-10","2024-10-04",\N
"S-9c0df6","A-883b7d","Pro","41","2009.00","24108.00","FALSE","FALSE","FALSE","TRUE","monthly","TRUE","2024-04","2024-04","2024-04-24","2024-09-07"
"S-be0fc9","A-e693b6","Enterprise","55","0.00","0.00","TRUE","FALSE","FALSE","FALSE","annual","TRUE","2023-08","2024-08","2024-08-31",\N
"S-e3903e","A-6da850","Pro","31","1519.00","18228.00","FALSE","FALSE","FALSE","TRUE","annual","TRUE","2023-10","2024-10","2024-10-16","2024-12-08"
"S-8fcce1","A-ccb686","Pro","19","931.00","11172.00","FALSE","FALSE","TRUE","FALSE","monthly","TRUE","2024-02","2024-06","2024-06-20",\N
"S-3279f1","A-c4ea60","Enterprise","18","3582.00","42984.00","FALSE","FALSE","FALSE","FALSE","annual","TRUE","2023-04","2024-11","2024-11-09",\N
"S-0da40c","A-6e7827","Pro","50","2450.00","29400.00","FALSE","FALSE","FALSE","TRUE","annual","FALSE","2023-06","2024-10","2024-10-23","2024-10-30"
"S-343bab","A-f1f639","Enterprise","5","995.00","11940.00","FALSE","FALSE","FALSE","FALSE","monthly","TRUE","2023-07","2023-08","2023-08-18",\N
"S-b2d7c6","A-c9bb3e","Enterprise","28","0.00","0.00","TRUE","TRUE","FALSE","FALSE","monthly","TRUE","2024-04","2024-08","2024-08-20",\N
"S-d322a2","A-4c6f11","Basic","24","456.00","5472.00","FALSE","FALSE","FALSE","FALSE","monthly","TRUE","2024-03","2024-08","2024-08-01",\N
"S-b76de2","A-993085","Pro","31","1519.00","18228.00","FALSE","FALSE","FALSE","FALSE","annual","TRUE","2023-08","2023-08","2023-08-18",\N
"S-64dcb7","A-f92792","Pro","8","392.00","4704.00","FALSE","FALSE","FALSE","FALSE","annual","FALSE","2024-07","2024-12","2024-12-08",\N
"S-969f4c","A-b11cd0","Basic","26","0.00","0.00","TRUE","FALSE","FALSE","TRUE","monthly","TRUE","2023-02","2023-10","2023-10-10","2024-10-23"
"S-b2409c","A-dcc2f0","Enterprise","15","2985.00","35820.00","FALSE","FALSE","FALSE","FALSE","monthly","TRUE","2023-10","2024-01","2024-01-16",\N
"S-430691","A-4814a3","Pro","87","4263.00","51156.00","FALSE","FALSE","FALSE","FALSE","monthly","TRUE","2024-09","2024-11","2024-11-13",\N
"S-4bb483","A-9f9299","Enterprise","28","5572.00","66864.00","FALSE","FALSE","FALSE","FALSE","monthly","TRUE","2023-11","2024-10","2024-10-06",\N
"S-4ed473","A-bcf664","Enterprise","12","2388.00","28656.00","FALSE","FALSE","FALSE","TRUE","annual","TRUE","2023-06","2023-11","2023-11-20","2023-12-06"
"S-223221","A-2bc93d","Enterprise","40","7960.00","95520.00","FALSE","FALSE","FALSE","FALSE","monthly","TRUE","2023-07","2023-08","2023-08-09",\N
"S-5eaab8","A-0f3e88","Pro","7","343.00","4116.00","FALSE","FALSE","FALSE","TRUE","monthly","FALSE","2023-08","2024-12","2024-12-11","2024-12-23"
"S-f5bd45","A-b7b7b7","Enterprise","39","7761.00","93132.00","FALSE","FALSE","FALSE","FALSE","monthly","TRUE","2024-07","2024-10","2024-10-20",\N
"S-a6285f","A-039727","Enterprise","30","5970.00","71640.00","FALSE","FALSE","FALSE","FALSE","annual","TRUE","2024-11","2024-12","2024-12-08",\N
"S-dc2418","A-35083d","Basic","34","646.00","7752.00","FALSE","FALSE","FALSE","FALSE","monthly","TRUE","2023-06","2024-01","2024-01-23",\N
"S-d0d19f","A-157070","Pro","33","0.00","0.00","TRUE","FALSE","FALSE","FALSE","annual","TRUE","2023-12","2024-07","2024-07-03",\N
"S-e73303","A-ba6516","Enterprise","38","7562.00","90744.00","FALSE","FALSE","FALSE","FALSE","monthly","TRUE","2024-01","2024-06","2024-06-28",\N
"S-7f15a3","A-53f4e3","Enterprise","13","2587.00","31044.00","FALSE","FALSE","FALSE","FALSE","annual","TRUE","2024-06","2024-12","2024-12-05",\N
"S-ee941d","A-241e75","Basic","14","266.00","3192.00","FALSE","FALSE","FALSE","FALSE","annual","TRUE","2024-07","2024-09","2024-09-08",\N
"S-ccf11b","A-a0ca4e","Pro","11","539.00","6468.00","FALSE","FALSE","FALSE","FALSE","annual","TRUE","2024-03","2024-08","2024-08-02",\N
"S-a9ec8b","A-e3bd71","Enterprise","31","6169.00","74028.00","FALSE","FALSE","FALSE","FALSE","monthly","TRUE","2023-04","2024-02","2024-02-11",\N
"S-d959d3","A-3b5cd1","Enterprise","21","4179.00","50148.00","FALSE","FALSE","FALSE","FALSE","annual","TRUE","2023-09","2024-12","2024-12-24",\N
"S-124336","A-9f0b68","Pro","18","0.00","0.00","TRUE","TRUE","FALSE","FALSE","annual","TRUE","2024-05","2024-11","2024-11-30",\N
"S-5cb8a6","A-9779ad","Pro","40","1960.00","23520.00","FALSE","FALSE","FALSE","FALSE","monthly","FALSE","2024-04","2024-08","2024-08-14",\N
"S-aced77","A-5c046d","Enterprise","93","18507.00","222084.00","FALSE","FALSE","FALSE","FALSE","annual","TRUE","2024-07","2024-12","2024-12-20",\N
"S-a6e444","A-81edc3","Enterprise","5","995.00","11940.00","FALSE","FALSE","FALSE","FALSE","monthly","FALSE","2023-11","2024-11","2024-11-28",\N
"S-4f7b91","A-5247b3","Enterprise","16","3184.00","38208.00","FALSE","TRUE","FALSE","FALSE","annual","TRUE","2024-03","2024-06","2024-06-19",\N
"S-8f8c47","A-e6afc1","Pro","28","0.00","0.00","TRUE","FALSE","FALSE","FALSE","monthly","TRUE","2023-05","2023-08","2023-08-27",\N
"S-b9ea73","A-b30291","Basic","5","95.00","1140.00","FALSE","FALSE","FALSE","FALSE","monthly","TRUE","2024-04","2024-04","2024-04-09",\N
"S-97efb2","A-410e86","Enterprise","24","4776.00","57312.00","FALSE","FALSE","FALSE","TRUE","annual","TRUE","2024-11","2024-11","2024-11-16","2024-11-22"
"S-76c7da","A-88c6ca","Enterprise","11","0.00","0.00","TRUE","FALSE","FALSE","FALSE","annual","TRUE","2024-11","2024-11","2024-11-22",\N
"S-334ceb","A-bece89","Basic","26","494.00","5928.00","FALSE","FALSE","FALSE","FALSE","monthly","FALSE","2024-01","2024-03","2024-03-08",\N
"S-09223a","A-e40f45","Basic","21","399.00","4788.00","FALSE","FALSE","FALSE","FALSE","monthly","TRUE","2024-05","2024-06","2024-06-04",\N
"S-2fcf09","A-d792a6","Enterprise","58","0.00","0.00","TRUE","FALSE","FALSE","FALSE","monthly","TRUE","2023-02","2024-09","2024-09-27",\N
"S-e740b4","A-5c9849","Basic","65","1235.00","14820.00","FALSE","FALSE","FALSE","FALSE","monthly","TRUE","2024-11","2024-11","2024-11-10",\N
"S-150c71","A-4437e4","Enterprise","11","2189.00","26268.00","FALSE","TRUE","FALSE","FALSE","monthly","TRUE","2023-11","2024-08","2024-08-17",\N
"S-6ba608","A-e7beab","Enterprise","11","2189.00","26268.00","FALSE","FALSE","FALSE","FALSE","monthly","TRUE","2023-10","2023-12","2023-12-15",\N
"S-e0bfb1","A-029f69","Pro","21","1029.00","12348.00","FALSE","FALSE","FALSE","TRUE","annual","FALSE","2024-05","2024-08","2024-08-04","2024-08-23"
"S-1e15d1","A-700ade","Pro","25","1225.00","14700.00","FALSE","FALSE","FALSE","TRUE","annual","TRUE","2024-11","2024-11","2024-11-17","2024-12-31"
"S-7d9605","A-fb186e","Basic","33","0.00","0.00","TRUE","FALSE","FALSE","FALSE","annual","FALSE","2024-11","2024-11","2024-11-16",\N
"S-0ae33f","A-075038","Pro","103","5047.00","60564.00","FALSE","FALSE","FALSE","FALSE","annual","TRUE","2023-07","2023-07","2023-07-14",\N
"S-eff018","A-0532a9","Pro","19","931.00","11172.00","FALSE","FALSE","TRUE","FALSE","annual","TRUE","2024-09","2024-10","2024-10-02",\N
"S-08a3d4","A-faa28c","Basic","49","931.00","11172.00","FALSE","FALSE","FALSE","FALSE","annual","TRUE","2024-02","2024-09","2024-09-11",\N
"S-48d1f2","A-e08cd3","Enterprise","67","13333.00","159996.00","FALSE","FALSE","FALSE","FALSE","annual","FALSE","2024-09","2024-10","2024-10-16",\N
"S-92dbcc","A-faa28c","Pro","48","2352.00","28224.00","FALSE","FALSE","FALSE","FALSE","monthly","TRUE","2024-02","2024-12","2024-12-25",\N
"S-da164e","A-9174e0","Pro","37","1813.00","21756.00","FALSE","FALSE","FALSE","FALSE","monthly","TRUE","2024-12","2024-12","2024-12-21",\N
"S-3dc066","A-dcc3f1","Basic","21","399.00","4788.00","FALSE","FALSE","FALSE","FALSE","annual","FALSE","2023-12","2024-11","2024-11-20",\N
"S-4fd561","A-0dbdc6","Basic","30","570.00","6840.00","FALSE","FALSE","FALSE","FALSE","monthly","TRUE","2023-06","2023-11","2023-11-04",\N
"S-feb4b0","A-a45270","Enterprise","10","1990.00","23880.00","FALSE","FALSE","FALSE","FALSE","annual","TRUE","2024-07","2024-07","2024-07-12",\N
"S-3ba19e","A-075038","Basic","49","0.00","0.00","TRUE","FALSE","FALSE","FALSE","annual","TRUE","2023-07","2024-08","2024-08-10",\N
"S-461988","A-02cd81","Basic","44","836.00","10032.00","FALSE","FALSE","FALSE","FALSE","annual","FALSE","2024-03","2024-03","2024-03-28",\N
"S-0b6899","A-313be3","Enterprise","47","9353.00","112236.00","FALSE","FALSE","FALSE","FALSE","annual","FALSE","2023-11","2024-01","2024-01-31",\N
"S-bff540","A-798a3f","Enterprise","12","2388.00","28656.00","FALSE","FALSE","FALSE","FALSE","monthly","TRUE","2023-12","2024-05","2024-05-06",\N
"S-a57b2c","A-fd9422","Pro","58","0.00","0.00","TRUE","FALSE","FALSE","FALSE","annual","TRUE","2024-05","2024-12","2024-12-11",\N
"S-e8776c","A-c222ab","Enterprise","32","6368.00","76416.00","FALSE","FALSE","FALSE","FALSE","monthly","TRUE","2024-08","2024-12","2024-12-12",\N
"S-de9e50","A-67be94","Basic","41","779.00","9348.00","FALSE","FALSE","FALSE","FALSE","annual","TRUE","2023-08","2023-11","2023-11-21",\N
"S-429220","A-18793f","Pro","148","7252.00","87024.00","FALSE","FALSE","FALSE","FALSE","monthly","TRUE","2024-12","2024-12","2024-12-29",\N
"S-601f31","A-625d0b","Pro","14","686.00","8232.00","FALSE","FALSE","FALSE","FALSE","annual","TRUE","2024-09","2024-11","2024-11-09",\N
"S-8dd1f6","A-098560","Pro","12","588.00","7056.00","FALSE","FALSE","FALSE","FALSE","monthly","FALSE","2023-12","2024-03","2024-03-24",\N
"S-ff109c","A-df1e44","Pro","12","588.00","7056.00","FALSE","FALSE","FALSE","FALSE","annual","FALSE","2024-03","2024-04","2024-04-09",\N
"S-556071","A-9077b0","Pro","63","0.00","0.00","TRUE","FALSE","FALSE","TRUE","monthly","TRUE","2024-08","2024-12","2024-12-20","2024-12-30"
"S-f4019e","A-7988d1","Basic","33","627.00","7524.00","FALSE","FALSE","FALSE","TRUE","monthly","FALSE","2024-03","2024-09","2024-09-28","2024-11-16"
"S-246f9c","A-544d0a","Pro","6","294.00","3528.00","FALSE","FALSE","TRUE","FALSE","monthly","TRUE","2024-05","2024-10","2024-10-27",\N
"S-5639de","A-eb1312","Pro","25","1225.00","14700.00","FALSE","FALSE","FALSE","FALSE","annual","TRUE","2024-09","2024-12","2024-12-13",\N
"S-104053","A-2bc93d","Pro","35","1715.00","20580.00","FALSE","FALSE","FALSE","FALSE","monthly","TRUE","2023-07","2024-12","2024-12-20",\N
"S-4bfe7b","A-9b9fe9","Basic","11","0.00","0.00","TRUE","FALSE","FALSE","FALSE","monthly","TRUE","2023-10","2023-10","2023-10-16",\N
"S-deb65c","A-1f0636","Basic","105","1995.00","23940.00","FALSE","FALSE","FALSE","FALSE","annual","TRUE","2024-02","2024-10","2024-10-30",\N
"S-cfb108","A-c608c8","Enterprise","3","597.00","7164.00","FALSE","FALSE","TRUE","FALSE","annual","TRUE","2023-06","2023-06","2023-06-30",\N
"S-e62fc9","A-0651a4","Pro","16","784.00","9408.00","FALSE","FALSE","FALSE","FALSE","monthly","FALSE","2024-10","2024-12","2024-12-23",\N
"S-935e79","A-c4ea60","Basic","58","0.00","0.00","TRUE","FALSE","FALSE","FALSE","annual","TRUE","2023-04","2024-02","2024-02-19",\N
"S-92e8cb","A-d4e0d4","Pro","117","5733.00","68796.00","FALSE","FALSE","TRUE","FALSE","monthly","FALSE","2024-10","2024-10","2024-10-23",\N
"S-1f4db5","A-2e3bad","Enterprise","61","12139.00","145668.00","FALSE","FALSE","FALSE","FALSE","annual","TRUE","2023-08","2024-09","2024-09-29",\N
"S-4893cd","A-9c18c4","Enterprise","11","2189.00","26268.00","FALSE","FALSE","FALSE","FALSE","monthly","TRUE","2023-08","2023-12","2023-12-26",\N
"S-0abdec","A-4a4c2d","Basic","54","1026.00","12312.00","FALSE","FALSE","FALSE","FALSE","monthly","TRUE","2023-07","2023-07","2023-07-14",\N
"S-31428b","A-86cdb4","Basic","52","988.00","11856.00","FALSE","FALSE","FALSE","FALSE","annual","TRUE","2024-10","2024-12","2024-12-14",\N
"S-381420","A-42b791","Basic","27","513.00","6156.00","FALSE","FALSE","FALSE","TRUE","monthly","TRUE","2024-06","2024-10","2024-10-25","2024-11-25"
"S-0a28cd","A-e5d6ab","Enterprise","21","4179.00","50148.00","FALSE","FALSE","FALSE","FALSE","monthly","TRUE","2023-05","2023-10","2023-10-08",\N
"S-25ff39","A-798a3f","Basic","42","798.00","9576.00","FALSE","FALSE","FALSE","FALSE","annual","TRUE","2023-12","2024-03","2024-03-24",\N
"S-a82639","A-89ee83","Enterprise","40","7960.00","95520.00","FALSE","FALSE","FALSE","FALSE","monthly","TRUE","2024-10","2024-10","2024-10-25",\N
"S-ada718","A-f6b2fb","Basic","23","437.00","5244.00","FALSE","FALSE","FALSE","FALSE","monthly","FALSE","2024-05","2024-11","2024-11-18",\N
"S-06e837","A-7c4956","Basic","9","0.00","0.00","TRUE","FALSE","FALSE","TRUE","annual","TRUE","2023-06","2023-12","2023-12-17","2024-03-29"
"S-b488bc","A-f45426","Pro","11","0.00","0.00","TRUE","FALSE","FALSE","FALSE","monthly","TRUE","2024-08","2024-11","2024-11-15",\N
"S-d11408","A-781cc0","Enterprise","12","0.00","0.00","TRUE","FALSE","FALSE","FALSE","monthly","TRUE","2024-09","2024-11","2024-11-30",\N
"S-36f26c","A-e36807","Basic","63","1197.00","14364.00","FALSE","FALSE","FALSE","FALSE","monthly","TRUE","2024-06","2024-12","2024-12-17",\N
"S-7cc0ec","A-a6d261","Pro","9","441.00","5292.00","FALSE","FALSE","FALSE","FALSE","monthly","FALSE","2023-12","2024-02","2024-02-25",\N
"S-cb8654","A-94d3da","Basic","41","0.00","0.00","TRUE","FALSE","FALSE","FALSE","annual","TRUE","2023-06","2024-02","2024-02-07",\N
"S-934f6d","A-40a557","Pro","16","784.00","9408.00","FALSE","FALSE","FALSE","FALSE","monthly","TRUE","2024-01","2024-11","2024-11-23",\N
"S-e9737c","A-3c1a3f","Enterprise","29","5771.00","69252.00","FALSE","FALSE","FALSE","FALSE","monthly","TRUE","2023-08","2023-12","2023-12-28",\N
"S-7f0419","A-84ebe4","Enterprise","18","3582.00","42984.00","FALSE","FALSE","FALSE","FALSE","annual","TRUE","2023-05","2023-06","2023-06-22",\N
"S-e002a1","A-940b8b","Basic","45","0.00","0.00","TRUE","FALSE","FALSE","FALSE","annual","TRUE","2024-04","2024-06","2024-06-07",\N
"S-5f30ce","A-9077b0","Basic","2","38.00","456.00","FALSE","FALSE","FALSE","FALSE","monthly","TRUE","2024-08","2024-08","2024-08-26",\N
"S-557f3e","A-b7ef83","Enterprise","13","2587.00","31044.00","FALSE","FALSE","FALSE","FALSE","annual","TRUE","2024-06","2024-06","2024-06-20",\N
"S-a3e1e3","A-05d3b3","Enterprise","9","0.00","0.00","TRUE","FALSE","FALSE","FALSE","monthly","TRUE","2023-07","2024-09","2024-09-26",\N
"S-70a554","A-f19409","Enterprise","23","4577.00","54924.00","FALSE","FALSE","FALSE","FALSE","annual","TRUE","2023-04","2023-08","2023-08-09",\N
"S-b35b20","A-0b0d6d","Pro","3","147.00","1764.00","FALSE","TRUE","FALSE","FALSE","monthly","TRUE","2024-12","2024-12","2024-12-31",\N
"S-95d1dd","A-c58f49","Enterprise","70","13930.00","167160.00","FALSE","FALSE","FALSE","FALSE","monthly","TRUE","2024-08","2024-09","2024-09-13",\N
"S-540cee","A-202b67","Enterprise","25","4975.00","59700.00","FALSE","TRUE","FALSE","FALSE","annual","TRUE","2024-03","2024-06","2024-06-22",\N
"S-635570","A-883b7d","Enterprise","50","0.00","0.00","TRUE","FALSE","FALSE","FALSE","annual","FALSE","2024-04","2024-05","2024-05-12",\N
"S-172953","A-e60f9d","Basic","29","551.00","6612.00","FALSE","FALSE","FALSE","FALSE","monthly","TRUE","2024-09","2024-12","2024-12-11",\N
"S-0d0202","A-adc1f3","Enterprise","50","9950.00","119400.00","FALSE","FALSE","FALSE","TRUE","annual","TRUE","2024-08","2024-09","2024-09-04","2024-09-16"
"S-21f8b3","A-7f4db3","Enterprise","4","0.00","0.00","TRUE","FALSE","FALSE","FALSE","monthly","FALSE","2023-03","2024-09","2024-09-07",\N
"S-8faa60","A-328bd0","Pro","39","1911.00","22932.00","FALSE","FALSE","FALSE","TRUE","monthly","TRUE","2023-08","2023-12","2023-12-15","2024-01-11"
"S-93cd57","A-6f8ad2","Enterprise","20","3980.00","47760.00","FALSE","FALSE","FALSE","FALSE","annual","TRUE","2024-07","2024-08","2024-08-16",\N
"S-8ec197","A-7c4956","Basic","51","0.00","0.00","TRUE","FALSE","FALSE","TRUE","monthly","TRUE","2023-06","2023-11","2023-11-02","2024-10-10"
"S-842638","A-35083d","Pro","19","931.00","11172.00","FALSE","FALSE","FALSE","TRUE","annual","TRUE","2023-06","2024-05","2024-05-04","2024-06-26"
"S-763e52","A-bece89","Enterprise","26","5174.00","62088.00","FALSE","TRUE","FALSE","FALSE","annual","FALSE","2024-01","2024-05","2024-05-20",\N
"S-ed4c45","A-4e44e8","Enterprise","78","15522.00","186264.00","FALSE","FALSE","FALSE","TRUE","monthly","TRUE","2024-08","2024-09","2024-09-15","2024-09-21"
"S-390955","A-98a59a","Pro","56","2744.00","32928.00","FALSE","FALSE","FALSE","FALSE","monthly","TRUE","2023-09","2023-09","2023-09-02",\N
"S-3ab534","A-f446b6","Enterprise","18","3582.00","42984.00","FALSE","FALSE","FALSE","FALSE","annual","FALSE","2023-05","2024-01","2024-01-07",\N
"S-9be237","A-a6d261","Pro","26","1274.00","15288.00","FALSE","FALSE","FALSE","FALSE","annual","TRUE","2023-12","2024-09","2024-09-20",\N
"S-021004","A-186a44","Basic","20","380.00","4560.00","FALSE","FALSE","FALSE","FALSE","monthly","TRUE","2023-08","2024-07","2024-07-05",\N
"S-e36786","A-5b1bcd","Basic","73","1387.00","16644.00","FALSE","FALSE","FALSE","FALSE","monthly","TRUE","2023-09","2024-01","2024-01-10",\N
"S-4691f1","A-c16cf7","Basic","13","247.00","2964.00","FALSE","FALSE","FALSE","FALSE","annual","TRUE","2024-10","2024-12","2024-12-07",\N
"S-d35d49","A-bc87bc","Basic","18","342.00","4104.00","FALSE","FALSE","FALSE","TRUE","annual","TRUE","2024-09","2024-09","2024-09-11","2024-11-10"
"S-374628","A-35083d","Basic","19","361.00","4332.00","FALSE","FALSE","FALSE","FALSE","monthly","FALSE","2023-06","2024-07","2024-07-17",\N
"S-36f84f","A-e08cd3","Pro","67","3283.00","39396.00","FALSE","FALSE","FALSE","FALSE","monthly","FALSE","2024-09","2024-12","2024-12-08",\N
"S-e0cd01","A-0cc442","Basic","45","855.00","10260.00","FALSE","FALSE","FALSE","FALSE","annual","FALSE","2024-07","2024-10","2024-10-21",\N
"S-edc542","A-1f0636","Enterprise","105","20895.00","250740.00","FALSE","FALSE","FALSE","FALSE","annual","TRUE","2024-02","2024-04","2024-04-09",\N
"S-1bbdf0","A-781cc0","Basic","16","304.00","3648.00","FALSE","FALSE","FALSE","FALSE","annual","TRUE","2024-09","2024-10","2024-10-08",\N
"S-a4d121","A-118d55","Enterprise","8","1592.00","19104.00","FALSE","TRUE","FALSE","FALSE","monthly","TRUE","2024-10","2024-10","2024-10-26",\N
"S-5b4149","A-df10db","Basic","7","133.00","1596.00","FALSE","FALSE","FALSE","FALSE","annual","TRUE","2023-08","2023-10","2023-10-23",\N
"S-ffe125","A-e89151","Basic","20","380.00","4560.00","FALSE","FALSE","FALSE","TRUE","monthly","FALSE","2023-11","2024-04","2024-04-15","2024-10-07"
"S-5aea91","A-427b69","Enterprise","34","6766.00","81192.00","FALSE","FALSE","FALSE","FALSE","monthly","TRUE","2024-09","2024-11","2024-11-06",\N
"S-a5baf1","A-c7e58b","Enterprise","7","1393.00","16716.00","FALSE","FALSE","FALSE","FALSE","monthly","FALSE","2023-08","2023-12","2023-12-16",\N
"S-5aacfa","A-f3ff05","Enterprise","48","9552.00","114624.00","FALSE","FALSE","FALSE","FALSE","annual","TRUE","2024-08","2024-10","2024-10-19",\N
"S-69cc68","A-7f4db3","Enterprise","7","1393.00","16716.00","FALSE","FALSE","FALSE","FALSE","annual","TRUE","2023-03","2023-10","2023-10-12",\N
"S-5cff9b","A-0f3e88","Pro","7","0.00","0.00","TRUE","TRUE","FALSE","FALSE","monthly","FALSE","2023-08","2024-11","2024-11-07",\N
"S-573f93","A-50bb9f","Enterprise","2","398.00","4776.00","FALSE","FALSE","FALSE","FALSE","monthly","TRUE","2024-07","2024-10","2024-10-29",\N
"S-ea2c98","A-1ac5e0","Pro","33","1617.00","19404.00","FALSE","FALSE","FALSE","FALSE","monthly","TRUE","2024-10","2024-11","2024-11-30",\N
"S-b2f3f3","A-bc87bc","Basic","8","152.00","1824.00","FALSE","FALSE","FALSE","FALSE","monthly","TRUE","2024-09","2024-12","2024-12-15",\N
"S-5bc277","A-05d3b3","Basic","9","171.00","2052.00","FALSE","FALSE","FALSE","FALSE","annual","TRUE","2023-07","2023-07","2023-07-12",\N
"S-d0429b","A-5247b3","Basic","74","1406.00","16872.00","FALSE","TRUE","FALSE","FALSE","annual","TRUE","2024-03","2024-11","2024-11-25",\N
"S-d2a604","A-20736a","Pro","61","2989.00","35868.00","FALSE","FALSE","TRUE","FALSE","monthly","TRUE","2024-05","2024-10","2024-10-03",\N
"S-f586ed","A-de24d5","Basic","17","323.00","3876.00","FALSE","FALSE","FALSE","FALSE","monthly","TRUE","2024-11","2024-12","2024-12-06",\N
"S-f874e5","A-417d2f","Enterprise","51","10149.00","121788.00","FALSE","FALSE","FALSE","FALSE","annual","TRUE","2023-07","2023-07","2023-07-16",\N
"S-28d401","A-d792a6","Basic","5","95.00","1140.00","FALSE","FALSE","FALSE","TRUE","annual","TRUE","2023-02","2023-09","2023-09-03","2024-03-04"
"S-fa05d7","A-180abf","Basic","64","1216.00","14592.00","FALSE","FALSE","FALSE","FALSE","monthly","TRUE","2023-09","2024-07","2024-07-10",\N
"S-8ed77f","A-8b0451","Pro","41","2009.00","24108.00","FALSE","FALSE","FALSE","FALSE","monthly","TRUE","2024-09","2024-12","2024-12-10",\N
"S-0d391c","A-f9cc74","Enterprise","30","0.00","0.00","TRUE","FALSE","FALSE","FALSE","monthly","TRUE","2024-10","2024-12","2024-12-09",\N
"S-beaa35","A-781cc0","Pro","12","0.00","0.00","TRUE","FALSE","FALSE","FALSE","monthly","FALSE","2024-09","2024-11","2024-11-01",\N
"S-d44108","A-7c83a1","Pro","12","0.00","0.00","TRUE","FALSE","FALSE","FALSE","monthly","TRUE","2024-05","2024-11","2024-11-02",\N
"S-925f82","A-c7e58b","Enterprise","7","1393.00","16716.00","FALSE","FALSE","FALSE","FALSE","annual","FALSE","2023-08","2024-07","2024-07-08",\N
"S-7d43e0","A-f9cc74","Enterprise","30","5970.00","71640.00","FALSE","FALSE","FALSE","FALSE","monthly","TRUE","2024-10","2024-10","2024-10-12",\N
"S-dc1cf4","A-1986ca","Enterprise","20","3980.00","47760.00","FALSE","FALSE","FALSE","FALSE","monthly","FALSE","2023-07","2024-01","2024-01-05",\N
"S-bff3b5","A-10b8f2","Pro","47","2303.00","27636.00","FALSE","FALSE","FALSE","FALSE","monthly","FALSE","2023-02","2024-03","2024-03-22",\N
"S-f11653","A-d4e0d4","Enterprise","117","23283.00","279396.00","FALSE","FALSE","FALSE","FALSE","annual","TRUE","2024-10","2024-10","2024-10-28",\N
"S-f42cc4","A-f44180","Enterprise","14","2786.00","33432.00","FALSE","FALSE","FALSE","FALSE","annual","TRUE","2023-03","2023-04","2023-04-10",\N
"S-22014f","A-0be015","Basic","19","361.00","4332.00","FALSE","FALSE","FALSE","FALSE","annual","TRUE","2024-10","2024-10","2024-10-21",\N
"S-1acdd2","A-7a0d69","Enterprise","26","5174.00","62088.00","FALSE","FALSE","FALSE","FALSE","monthly","TRUE","2024-07","2024-10","2024-10-12",\N
"S-c85167","A-7a0d69","Basic","15","285.00","3420.00","FALSE","FALSE","FALSE","FALSE","monthly","TRUE","2024-07","2024-09","2024-09-16",\N
"S-b112eb","A-8bde0c","Basic","53","1007.00","12084.00","FALSE","FALSE","FALSE","FALSE","monthly","TRUE","2024-11","2024-12","2024-12-19",\N
"S-79bf38","A-9779ad","Enterprise","40","7960.00","95520.00","FALSE","FALSE","FALSE","FALSE","monthly","TRUE","2024-04","2024-07","2024-07-29",\N
"S-ab152e","A-3793ee","Enterprise","49","9751.00","117012.00","FALSE","FALSE","TRUE","FALSE","monthly","TRUE","2023-11","2024-07","2024-07-22",\N
"S-dbde43","A-54d94a","Pro","27","1323.00","15876.00","FALSE","FALSE","FALSE","FALSE","annual","TRUE","2023-11","2023-12","2023-12-17",\N
"S-2bbf5c","A-a09355","Enterprise","14","2786.00","33432.00","FALSE","FALSE","FALSE","FALSE","annual","TRUE","2024-08","2024-10","2024-10-17",\N
"S-dfd629","A-7da956","Basic","26","0.00","0.00","TRUE","FALSE","FALSE","FALSE","annual","TRUE","2024-06","2024-06","2024-06-15",\N
"S-233c23","A-39b19f","Pro","54","2646.00","31752.00","FALSE","TRUE","FALSE","FALSE","monthly","FALSE","2023-02","2024-05","2024-05-11",\N
"S-770d98","A-e693b6","Enterprise","55","10945.00","131340.00","FALSE","FALSE","FALSE","FALSE","annual","TRUE","2023-08","2024-11","2024-11-19",\N
"S-972512","A-de24d5","Pro","54","0.00","0.00","TRUE","FALSE","FALSE","FALSE","monthly","TRUE","2024-11","2024-12","2024-12-14",\N
"S-3965a4","A-8b25f2","Basic","47","893.00","10716.00","FALSE","FALSE","TRUE","TRUE","annual","TRUE","2024-02","2024-10","2024-10-08","2024-10-18"
"S-632bba","A-a09355","Pro","15","735.00","8820.00","FALSE","FALSE","FALSE","FALSE","monthly","TRUE","2024-08","2024-09","2024-09-24",\N
"S-307e49","A-4c38bc","Pro","36","1764.00","21168.00","FALSE","FALSE","FALSE","FALSE","monthly","FALSE","2024-03","2024-06","2024-06-01",\N
"S-b84175","A-bb2f49","Pro","9","441.00","5292.00","FALSE","FALSE","FALSE","FALSE","monthly","TRUE","2023-06","2023-10","2023-10-26",\N
"S-83b2ee","A-7c83a1","Enterprise","26","5174.00","62088.00","FALSE","FALSE","FALSE","TRUE","monthly","TRUE","2024-05","2024-06","2024-06-27","2024-12-04"
"S-969aac","A-37f969","Enterprise","30","5970.00","71640.00","FALSE","FALSE","FALSE","FALSE","monthly","FALSE","2023-10","2024-05","2024-05-14",\N
"S-aa5f00","A-241e75","Pro","13","637.00","7644.00","FALSE","FALSE","TRUE","FALSE","annual","TRUE","2024-07","2024-09","2024-09-29",\N
"S-f7fa56","A-c16cf7","Pro","13","637.00","7644.00","FALSE","FALSE","FALSE","FALSE","monthly","TRUE","2024-10","2024-10","2024-10-18",\N
"S-d50f1d","A-08e34e","Basic","29","0.00","0.00","TRUE","FALSE","FALSE","FALSE","annual","TRUE","2024-07","2024-07","2024-07-02",\N
"S-5b9267","A-410e86","Pro","33","0.00","0.00","TRUE","FALSE","FALSE","FALSE","annual","TRUE","2024-11","2024-12","2024-12-17",\N
"S-199697","A-bcf664","Enterprise","7","1393.00","16716.00","FALSE","FALSE","FALSE","FALSE","annual","TRUE","2023-06","2024-11","2024-11-11",\N
"S-cbe349","A-e89151","Enterprise","8","1592.00","19104.00","FALSE","TRUE","FALSE","TRUE","annual","FALSE","2023-11","2024-02","2024-02-16","2024-04-23"
"S-2b4a26","A-66224b","Basic","92","0.00","0.00","TRUE","FALSE","FALSE","FALSE","annual","FALSE","2024-10","2024-11","2024-11-20",\N
"S-704195","A-dfbd31","Basic","14","266.00","3192.00","FALSE","FALSE","FALSE","FALSE","monthly","TRUE","2023-12","2024-04","2024-04-29",\N
"S-4dae4c","A-158f4e","Pro","61","2989.00","35868.00","FALSE","FALSE","FALSE","FALSE","monthly","TRUE","2023-06","2023-12","2023-12-19",\N
"S-d425c9","A-e4144b","Enterprise","41","8159.00","97908.00","FALSE","FALSE","FALSE","FALSE","annual","TRUE","2024-11","2024-11","2024-11-11",\N
"S-078e94","A-3a7284","Enterprise","31","6169.00","74028.00","FALSE","FALSE","FALSE","FALSE","monthly","TRUE","2024-11","2024-11","2024-11-28",\N
"S-f869a0","A-726cfa","Basic","24","456.00","5472.00","FALSE","TRUE","FALSE","FALSE","monthly","TRUE","2023-07","2024-02","2024-02-29",\N
"S-b57a5e","A-17939a","Basic","20","380.00","4560.00","FALSE","FALSE","FALSE","FALSE","annual","TRUE","2024-12","2024-12","2024-12-30",\N
"S-a66766","A-9f9299","Basic","28","532.00","6384.00","FALSE","FALSE","FALSE","FALSE","monthly","FALSE","2023-11","2024-03","2024-03-09",\N
"S-13a013","A-8bde0c","Basic","23","437.00","5244.00","FALSE","FALSE","FALSE","FALSE","annual","TRUE","2024-11","2024-12","2024-12-19",\N
"S-813cdc","A-39b19f","Pro","20","980.00","11760.00","FALSE","FALSE","FALSE","FALSE","annual","TRUE","2023-02","2023-07","2023-07-04",\N
"S-b6e15a","A-67be94","Enterprise","37","7363.00","88356.00","FALSE","FALSE","FALSE","TRUE","monthly","FALSE","2023-08","2023-09","2023-09-17","2024-02-18"
"S-db3856","A-ccabf0","Pro","21","1029.00","12348.00","FALSE","FALSE","FALSE","FALSE","annual","TRUE","2023-11","2023-11","2023-11-18",\N
"S-dbc4d5","A-751c58","Pro","15","735.00","8820.00","FALSE","FALSE","FALSE","FALSE","annual","TRUE","2024-07","2024-08","2024-08-24",\N
"S-eabdce","A-9208f0","Enterprise","14","2786.00","33432.00","FALSE","FALSE","FALSE","FALSE","annual","TRUE","2023-05","2023-05","2023-05-15",\N
"S-19029a","A-712f1c","Pro","17","833.00","9996.00","FALSE","FALSE","FALSE","FALSE","annual","TRUE","2024-01","2024-12","2024-12-11",\N
"S-05be05","A-e7beab","Enterprise","5","995.00","11940.00","FALSE","FALSE","FALSE","TRUE","annual","TRUE","2023-10","2024-03","2024-03-16","2024-05-30"
"S-222167","A-c1e51e","Basic","41","779.00","9348.00","FALSE","FALSE","FALSE","TRUE","annual","TRUE","2024-10","2024-12","2024-12-29","2024-12-31"
"S-a68d25","A-31ab9a","Basic","15","285.00","3420.00","FALSE","FALSE","FALSE","FALSE","monthly","TRUE","2024-03","2024-03","2024-03-23",\N
"S-4305f1","A-afa505","Pro","70","3430.00","41160.00","FALSE","FALSE","FALSE","FALSE","monthly","TRUE","2024-01","2024-01","2024-01-08",\N
"S-95cc5a","A-9bfc9f","Basic","53","1007.00","12084.00","FALSE","TRUE","FALSE","FALSE","annual","TRUE","2023-09","2024-03","2024-03-14",\N
"S-0b7de7","A-eb7fac","Enterprise","16","3184.00","38208.00","FALSE","FALSE","FALSE","FALSE","monthly","TRUE","2023-12","2024-09","2024-09-03",\N
"S-f5888c","A-4e631b","Basic","22","418.00","5016.00","FALSE","FALSE","FALSE","FALSE","annual","TRUE","2024-03","2024-12","2024-12-10",\N
"S-28489e","A-fd7ad3","Basic","12","0.00","0.00","TRUE","FALSE","FALSE","FALSE","annual","TRUE","2024-11","2024-11","2024-11-02",\N
"S-98dd7d","A-e6afc1","Enterprise","51","10149.00","121788.00","FALSE","FALSE","FALSE","FALSE","annual","TRUE","2023-05","2023-05","2023-05-24",\N
"S-b10cfa","A-503d5a","Pro","6","294.00","3528.00","FALSE","FALSE","FALSE","FALSE","monthly","TRUE","2023-10","2024-06","2024-06-28",\N
"S-3199cf","A-068fc6","Pro","35","1715.00","20580.00","FALSE","FALSE","FALSE","FALSE","monthly","TRUE","2023-10","2024-07","2024-07-20",\N
"S-61d573","A-0dbdc6","Pro","30","1470.00","17640.00","FALSE","FALSE","FALSE","FALSE","annual","TRUE","2023-06","2024-04","2024-04-24",\N
"S-2dbf26","A-dfbd31","Pro","14","0.00","0.00","TRUE","FALSE","FALSE","FALSE","annual","TRUE","2023-12","2023-12","2023-12-10",\N
"S-eae773","A-88c6ca","Pro","11","539.00","6468.00","FALSE","FALSE","FALSE","FALSE","monthly","TRUE","2024-11","2024-12","2024-12-03",\N
"S-18b808","A-425e76","Enterprise","9","1791.00","21492.00","FALSE","FALSE","FALSE","FALSE","annual","TRUE","2023-06","2024-08","2024-08-13",\N
"S-d90f0a","A-e19ff6","Pro","26","1274.00","15288.00","FALSE","FALSE","FALSE","FALSE","monthly","FALSE","2023-08","2024-10","2024-10-23",\N
"S-82be96","A-7920cc","Pro","39","1911.00","22932.00","FALSE","FALSE","FALSE","FALSE","annual","TRUE","2023-11","2024-11","2024-11-29",\N
"S-7bd2d7","A-9b9fe9","Enterprise","50","9950.00","119400.00","FALSE","FALSE","FALSE","FALSE","monthly","TRUE","2023-10","2024-11","2024-11-28",\N
"S-5f3359","A-9174e0","Pro","37","1813.00","21756.00","FALSE","FALSE","FALSE","FALSE","annual","TRUE","2024-12","2024-12","2024-12-10",\N
"S-9d7c19","A-82d8a6","Pro","5","245.00","2940.00","FALSE","FALSE","FALSE","TRUE","annual","TRUE","2024-12","2024-12","2024-12-31","2024-12-31"
"S-2bc644","A-2d4502","Pro","8","392.00","4704.00","FALSE","FALSE","FALSE","FALSE","annual","TRUE","2024-04","2024-04","2024-04-30",\N
"S-ec8b34","A-de58ca","Enterprise","62","12338.00","148056.00","FALSE","FALSE","FALSE","FALSE","annual","FALSE","2023-04","2023-10","2023-10-09",\N
"S-1d2d00","A-a7bd4b","Basic","9","171.00","2052.00","FALSE","FALSE","FALSE","TRUE","monthly","TRUE","2023-03","2024-09","2024-09-18","2024-10-13"
"S-9a44ec","A-bf7919","Pro","15","735.00","8820.00","FALSE","FALSE","FALSE","TRUE","annual","TRUE","2024-12","2024-12","2024-12-21","2024-12-29"
"S-6c109f","A-c42f1f","Enterprise","12","2388.00","28656.00","FALSE","FALSE","FALSE","FALSE","annual","TRUE","2024-07","2024-10","2024-10-13",\N
"S-f99f9e","A-dbc825","Enterprise","55","10945.00","131340.00","FALSE","FALSE","FALSE","TRUE","monthly","TRUE","2024-01","2024-10","2024-10-19","2024-12-17"
"S-9dda85","A-462d45","Basic","89","1691.00","20292.00","FALSE","FALSE","FALSE","TRUE","annual","FALSE","2024-01","2024-01","2024-01-16","2024-05-29"
"S-94009b","A-9f0b68","Enterprise","10","1990.00","23880.00","FALSE","FALSE","TRUE","FALSE","annual","TRUE","2024-05","2024-10","2024-10-08",\N
"S-834097","A-9badbd","Enterprise","5","995.00","11940.00","FALSE","FALSE","FALSE","FALSE","annual","TRUE","2024-06","2024-12","2024-12-03",\N
"S-61efc1","A-05d3b3","Pro","9","0.00","0.00","TRUE","FALSE","FALSE","FALSE","monthly","FALSE","2023-07","2023-11","2023-11-27",\N
"S-d1527e","A-956988","Pro","26","1274.00","15288.00","FALSE","FALSE","FALSE","FALSE","annual","TRUE","2024-12","2024-12","2024-12-07",\N
"S-caec41","A-55f257","Enterprise","23","4577.00","54924.00","FALSE","TRUE","FALSE","FALSE","annual","TRUE","2024-01","2024-01","2024-01-24",\N
"S-921dc3","A-a865bd","Enterprise","38","7562.00","90744.00","FALSE","FALSE","FALSE","FALSE","annual","FALSE","2024-01","2024-05","2024-05-22",\N
"S-038f6f","A-82d8a6","Enterprise","10","0.00","0.00","TRUE","TRUE","FALSE","TRUE","monthly","TRUE","2024-12","2024-12","2024-12-14","2024-12-29"
"S-93dc0e","A-8e47ca","Enterprise","25","4975.00","59700.00","FALSE","FALSE","FALSE","TRUE","monthly","TRUE","2024-02","2024-11","2024-11-03","2024-12-09"
"S-10702d","A-59f724","Basic","3","0.00","0.00","TRUE","FALSE","FALSE","FALSE","monthly","TRUE","2024-01","2024-03","2024-03-14",\N
"S-737a28","A-a1bbb6","Pro","8","392.00","4704.00","FALSE","FALSE","FALSE","FALSE","monthly","TRUE","2023-04","2024-02","2024-02-26",\N
"S-e77b1e","A-296d7c","Basic","6","114.00","1368.00","FALSE","FALSE","FALSE","FALSE","annual","TRUE","2024-01","2024-01","2024-01-30",\N
"S-d841e4","A-a1b80b","Enterprise","16","3184.00","38208.00","FALSE","TRUE","FALSE","FALSE","annual","TRUE","2024-03","2024-06","2024-06-28",\N
"S-c6dc67","A-9f2731","Pro","33","1617.00","19404.00","FALSE","FALSE","FALSE","FALSE","monthly","TRUE","2024-10","2024-11","2024-11-10",\N
"S-aaf1d0","A-fd9422","Enterprise","58","0.00","0.00","TRUE","FALSE","FALSE","FALSE","monthly","FALSE","2024-05","2024-07","2024-07-12",\N
"S-e77144","A-49b828","Enterprise","25","4975.00","59700.00","FALSE","TRUE","FALSE","FALSE","monthly","TRUE","2023-05","2023-08","2023-08-09",\N
"S-9b8504","A-c37cab","Pro","13","637.00","7644.00","FALSE","FALSE","TRUE","FALSE","annual","TRUE","2024-07","2024-10","2024-10-19",\N
"S-504683","A-bbc346","Enterprise","19","3781.00","45372.00","FALSE","FALSE","FALSE","FALSE","annual","TRUE","2024-08","2024-11","2024-11-24",\N
"S-f3138f","A-3b5cd1","Enterprise","55","0.00","0.00","TRUE","TRUE","FALSE","FALSE","annual","TRUE","2023-09","2024-06","2024-06-11",\N
"S-73688c","A-d535f6","Basic","12","0.00","0.00","TRUE","FALSE","FALSE","FALSE","monthly","TRUE","2024-09","2024-09","2024-09-21",\N
"S-6e5a3d","A-bb1486","Pro","41","2009.00","24108.00","FALSE","FALSE","FALSE","FALSE","annual","TRUE","2024-11","2024-11","2024-11-23",\N
"S-af6f53","A-410e86","Basic","24","456.00","5472.00","FALSE","FALSE","FALSE","FALSE","monthly","FALSE","2024-11","2024-12","2024-12-01",\N
"S-134753","A-e83938","Enterprise","16","3184.00","38208.00","FALSE","TRUE","FALSE","FALSE","monthly","TRUE","2024-02","2024-02","2024-02-08",\N
"S-3503b4","A-58b9ff","Enterprise","2","398.00","4776.00","FALSE","FALSE","FALSE","FALSE","monthly","TRUE","2024-06","2024-07","2024-07-18",\N
"S-81e9f1","A-05d3b3","Basic","9","171.00","2052.00","FALSE","FALSE","FALSE","FALSE","monthly","TRUE","2023-07","2024-09","2024-09-10",\N
"S-31e347","A-cb6cc6","Basic","14","266.00","3192.00","FALSE","TRUE","FALSE","FALSE","annual","FALSE","2023-04","2023-08","2023-08-15",\N
"S-102ebf","A-e60f9d","Enterprise","29","5771.00","69252.00","FALSE","FALSE","FALSE","FALSE","annual","FALSE","2024-09","2024-11","2024-11-13",\N
"S-a06b03","A-9b9fe9","Pro","68","3332.00","39984.00","FALSE","FALSE","FALSE","FALSE","annual","TRUE","2023-10","2024-11","2024-11-19",\N
"S-c14b9d","A-91e948","Basic","41","779.00","9348.00","FALSE","FALSE","FALSE","FALSE","monthly","TRUE","2023-08","2023-12","2023-12-06",\N
"S-a5cf6d","A-e51ec7","Enterprise","25","4975.00","59700.00","FALSE","FALSE","TRUE","FALSE","monthly","TRUE","2023-11","2023-11","2023-11-27",\N
"S-6d96c9","A-a33200","Pro","29","1421.00","17052.00","FALSE","FALSE","FALSE","FALSE","monthly","TRUE","2024-09","2024-10","2024-10-14",\N
"S-d81959","A-039727","Basic","25","475.00","5700.00","FALSE","FALSE","FALSE","FALSE","annual","TRUE","2024-11","2024-11","2024-11-10",\N
"S-c77f0c","A-034368","Basic","29","551.00","6612.00","FALSE","FALSE","FALSE","FALSE","monthly","FALSE","2023-12","2024-11","2024-11-29",\N
"S-6eb56d","A-10b8da","Pro","34","1666.00","19992.00","FALSE","FALSE","FALSE","FALSE","monthly","TRUE","2023-05","2024-09","2024-09-14",\N
"S-b1dce0","A-fd7ad3","Basic","12","228.00","2736.00","FALSE","FALSE","FALSE","FALSE","monthly","TRUE","2024-11","2024-11","2024-11-07",\N
"S-a07c46","A-e693b6","Pro","55","2695.00","32340.00","FALSE","TRUE","FALSE","TRUE","monthly","TRUE","2023-08","2023-09","2023-09-23","2023-10-15"
"S-df91b0","A-ba6516","Basic","27","513.00","6156.00","FALSE","FALSE","TRUE","FALSE","monthly","FALSE","2024-01","2024-10","2024-10-04",\N
"S-f16bb2","A-0f6450","Enterprise","28","0.00","0.00","TRUE","FALSE","FALSE","FALSE","monthly","TRUE","2024-12","2024-12","2024-12-27",\N
"S-94cf13","A-8adedc","Basic","5","95.00","1140.00","FALSE","FALSE","FALSE","FALSE","annual","TRUE","2024-02","2024-05","2024-05-23",\N
"S-f9df40","A-956988","Basic","70","1330.00","15960.00","FALSE","FALSE","FALSE","FALSE","annual","TRUE","2024-12","2024-12","2024-12-05",\N
"S-f366b3","A-ac85cd","Pro","85","4165.00","49980.00","FALSE","FALSE","FALSE","FALSE","annual","TRUE","2024-08","2024-12","2024-12-26",\N
"S-c38acd","A-726cfa","Enterprise","31","6169.00","74028.00","FALSE","FALSE","FALSE","FALSE","monthly","TRUE","2023-07","2024-11","2024-11-24",\N
"S-0d93fe","A-993085","Basic","31","589.00","7068.00","FALSE","FALSE","FALSE","FALSE","monthly","TRUE","2023-08","2023-08","2023-08-09",\N
"S-8d8dd0","A-902ef7","Enterprise","83","16517.00","198204.00","FALSE","TRUE","FALSE","FALSE","monthly","TRUE","2024-09","2024-09","2024-09-30",\N
"S-9395a2","A-0e966d","Basic","11","209.00","2508.00","FALSE","FALSE","FALSE","FALSE","monthly","TRUE","2024-06","2024-09","2024-09-05",\N
"S-b1c57d","A-712533","Basic","18","342.00","4104.00","FALSE","FALSE","FALSE","FALSE","annual","TRUE","2023-08","2023-11","2023-11-09",\N
"S-f039f9","A-7a0d69","Enterprise","16","3184.00","38208.00","FALSE","FALSE","FALSE","FALSE","monthly","TRUE","2024-07","2024-12","2024-12-10",\N
"S-76b43f","A-b48f73","Basic","80","1520.00","18240.00","FALSE","FALSE","FALSE","FALSE","monthly","TRUE","2024-11","2024-12","2024-12-26",\N
"S-27552b","A-1d5444","Pro","24","1176.00","14112.00","FALSE","FALSE","FALSE","FALSE","annual","TRUE","2024-03","2024-07","2024-07-17",\N
"S-5bf2e5","A-484819","Basic","22","418.00","5016.00","FALSE","FALSE","FALSE","FALSE","annual","TRUE","2023-02","2024-07","2024-07-31",\N
"S-0c56e1","A-6f8ad2","Basic","29","551.00","6612.00","FALSE","FALSE","FALSE","FALSE","annual","FALSE","2024-07","2024-09","2024-09-27",\N
"S-47985c","A-1b707d","Basic","2","0.00","0.00","TRUE","FALSE","FALSE","FALSE","annual","FALSE","2023-11","2024-12","2024-12-27",\N
"S-43b137","A-756192","Enterprise","39","7761.00","93132.00","FALSE","FALSE","FALSE","FALSE","annual","TRUE","2023-09","2024-06","2024-06-14",\N
"S-8d2824","A-417d2f","Basic","37","703.00","8436.00","FALSE","FALSE","FALSE","FALSE","annual","FALSE","2023-07","2023-08","2023-08-14",\N
"S-2186ea","A-dbc825","Pro","19","931.00","11172.00","FALSE","FALSE","FALSE","FALSE","annual","TRUE","2024-01","2024-03","2024-03-06",\N
"S-2f8d64","A-ab438f","Enterprise","13","2587.00","31044.00","FALSE","FALSE","FALSE","FALSE","annual","FALSE","2024-10","2024-11","2024-11-28",\N
"S-7501c9","A-94c3cd","Pro","32","0.00","0.00","TRUE","FALSE","FALSE","FALSE","monthly","TRUE","2024-01","2024-11","2024-11-23",\N
"S-718bf5","A-5a3eb9","Pro","18","882.00","10584.00","FALSE","FALSE","FALSE","FALSE","annual","TRUE","2023-09","2024-03","2024-03-15",\N
"S-96e431","A-8b25f2","Pro","6","294.00","3528.00","FALSE","FALSE","FALSE","FALSE","annual","TRUE","2024-02","2024-03","2024-03-23",\N
"S-084f4a","A-faa28c","Enterprise","48","9552.00","114624.00","FALSE","FALSE","FALSE","TRUE","monthly","FALSE","2024-02","2024-02","2024-02-05","2024-10-13"
"S-fc8f09","A-68f37c","Enterprise","4","796.00","9552.00","FALSE","TRUE","FALSE","FALSE","monthly","TRUE","2023-07","2024-10","2024-10-05",\N
"S-5abbac","A-94d3da","Pro","41","0.00","0.00","TRUE","FALSE","FALSE","FALSE","annual","TRUE","2023-06","2023-09","2023-09-26",\N
"S-5aff5f","A-d82ef9","Basic","26","494.00","5928.00","FALSE","FALSE","FALSE","FALSE","monthly","TRUE","2024-07","2024-11","2024-11-30",\N
"S-43cd30","A-8145a0","Basic","37","0.00","0.00","TRUE","TRUE","FALSE","FALSE","annual","FALSE","2023-08","2024-05","2024-05-01",\N
"S-339fce","A-e888d1","Pro","14","686.00","8232.00","FALSE","FALSE","FALSE","FALSE","monthly","TRUE","2023-05","2024-11","2024-11-26",\N
"S-9dcfb5","A-7d514c","Enterprise","17","3383.00","40596.00","FALSE","FALSE","FALSE","FALSE","annual","TRUE","2024-02","2024-09","2024-09-07",\N
"S-2fd650","A-019782","Enterprise","15","0.00","0.00","TRUE","FALSE","FALSE","FALSE","annual","FALSE","2023-06","2024-12","2024-12-04",\N
"S-50a388","A-089363","Pro","34","0.00","0.00","TRUE","TRUE","FALSE","FALSE","annual","TRUE","2023-06","2024-06","2024-06-18",\N
"S-1fd72a","A-09316c","Pro","70","3430.00","41160.00","FALSE","FALSE","FALSE","FALSE","annual","TRUE","2024-09","2024-11","2024-11-27",\N
"S-40cbc0","A-474ad4","Basic","8","152.00","1824.00","FALSE","FALSE","FALSE","FALSE","annual","TRUE","2023-12","2024-04","2024-04-18",\N
"S-0b831e","A-4c38bc","Pro","36","1764.00","21168.00","FALSE","FALSE","FALSE","FALSE","annual","TRUE","2024-03","2024-05","2024-05-10",\N
"S-b5035b","A-7c4956","Enterprise","5","995.00","11940.00","FALSE","FALSE","FALSE","FALSE","monthly","TRUE","2023-06","2023-12","2023-12-28",\N
"S-1ac1b4","A-ac14bb","Enterprise","21","4179.00","50148.00","FALSE","FALSE","FALSE","FALSE","monthly","TRUE","2023-09","2023-10","2023-10-28",\N
"S-86e226","A-58b9ff","Pro","25","0.00","0.00","TRUE","FALSE","FALSE","FALSE","monthly","FALSE","2024-06","2024-06","2024-06-17",\N
"S-e60ba0","A-d26ab4","Pro","62","0.00","0.00","TRUE","FALSE","FALSE","FALSE","annual","FALSE","2024-11","2024-11","2024-11-18",\N
"S-377ced","A-432483","Enterprise","60","11940.00","143280.00","FALSE","FALSE","FALSE","FALSE","monthly","FALSE","2023-04","2023-12","2023-12-13",\N
"S-72cf21","A-855a48","Enterprise","40","7960.00","95520.00","FALSE","FALSE","TRUE","FALSE","annual","FALSE","2024-01","2024-01","2024-01-30",\N
"S-d114e2","A-016043","Basic","11","209.00","2508.00","FALSE","FALSE","FALSE","FALSE","annual","FALSE","2024-08","2024-11","2024-11-27",\N
"S-5521a1","A-b7b7b7","Pro","45","2205.00","26460.00","FALSE","FALSE","FALSE","FALSE","annual","TRUE","2024-07","2024-11","2024-11-04",\N
"S-206227","A-4e960a","Enterprise","12","2388.00","28656.00","FALSE","FALSE","TRUE","FALSE","monthly","TRUE","2024-02","2024-07","2024-07-10",\N
"S-eac553","A-ac9111","Basic","28","532.00","6384.00","FALSE","FALSE","FALSE","FALSE","annual","TRUE","2023-09","2024-09","2024-09-06",\N
"S-26191b","A-cbbe12","Pro","40","0.00","0.00","TRUE","FALSE","FALSE","TRUE","annual","TRUE","2023-07","2023-07","2023-07-21","2024-10-23"
"S-8c8315","A-34ea2f","Pro","8","0.00","0.00","TRUE","TRUE","FALSE","FALSE","annual","TRUE","2024-09","2024-11","2024-11-19",\N
"S-7af0d5","A-c4ea60","Basic","48","912.00","10944.00","FALSE","FALSE","TRUE","FALSE","annual","FALSE","2023-04","2023-04","2023-04-11",\N
"S-b45a45","A-bcbe98","Pro","46","2254.00","27048.00","FALSE","FALSE","FALSE","FALSE","annual","TRUE","2024-07","2024-09","2024-09-09",\N
"S-639d60","A-84ebe4","Enterprise","18","0.00","0.00","TRUE","FALSE","FALSE","FALSE","annual","TRUE","2023-05","2024-01","2024-01-25",\N
"S-aaeb34","A-90a8c8","Enterprise","28","5572.00","66864.00","FALSE","TRUE","FALSE","FALSE","annual","FALSE","2024-08","2024-09","2024-09-21",\N
"S-bef342","A-4814a3","Enterprise","87","17313.00","207756.00","FALSE","FALSE","FALSE","FALSE","annual","TRUE","2024-09","2024-11","2024-11-26",\N
"S-162d54","A-922109","Basic","11","209.00","2508.00","FALSE","FALSE","FALSE","FALSE","monthly","TRUE","2024-03","2024-11","2024-11-08",\N
"S-cf44af","A-3be56b","Pro","17","833.00","9996.00","FALSE","FALSE","FALSE","FALSE","annual","TRUE","2023-11","2024-03","2024-03-08",\N
"S-2c3d7d","A-c62e55","Pro","14","686.00","8232.00","FALSE","FALSE","FALSE","FALSE","annual","TRUE","2023-11","2024-12","2024-12-31",\N
"S-92795b","A-e36807","Basic","81","1539.00","18468.00","FALSE","FALSE","FALSE","FALSE","monthly","FALSE","2024-06","2024-06","2024-06-01",\N
"S-9cb1f7","A-118d55","Pro","17","833.00","9996.00","FALSE","FALSE","TRUE","FALSE","monthly","TRUE","2024-10","2024-12","2024-12-07",\N
"S-ee994a","A-49b828","Pro","25","1225.00","14700.00","FALSE","FALSE","FALSE","FALSE","monthly","TRUE","2023-05","2024-04","2024-04-18",\N
"S-97df3f","A-9123ac","Pro","9","441.00","5292.00","FALSE","FALSE","FALSE","FALSE","annual","TRUE","2023-10","2024-06","2024-06-07",\N
"S-c2b710","A-88c6ca","Enterprise","5","995.00","11940.00","FALSE","FALSE","FALSE","FALSE","monthly","TRUE","2024-11","2024-11","2024-11-01",\N
"S-e768f5","A-1ac5e0","Enterprise","33","6567.00","78804.00","FALSE","FALSE","FALSE","FALSE","annual","TRUE","2024-10","2024-11","2024-11-19",\N
"S-6aa20b","A-a6d261","Enterprise","9","0.00","0.00","TRUE","FALSE","FALSE","FALSE","monthly","TRUE","2023-12","2024-01","2024-01-11",\N
"S-feea3a","A-82d8a6","Basic","5","95.00","1140.00","FALSE","FALSE","TRUE","TRUE","monthly","TRUE","2024-12","2024-12","2024-12-17","2024-12-22"
"S-f86bcf","A-592832","Pro","44","2156.00","25872.00","FALSE","FALSE","FALSE","TRUE","annual","FALSE","2024-09","2024-12","2024-12-02","2024-12-03"
"S-6608d9","A-c9bb3e","Enterprise","18","3582.00","42984.00","FALSE","FALSE","FALSE","FALSE","annual","TRUE","2024-04","2024-10","2024-10-26",\N
"S-f5efe4","A-313be3","Enterprise","47","0.00","0.00","TRUE","FALSE","FALSE","FALSE","annual","TRUE","2023-11","2023-11","2023-11-25",\N
"S-32b223","A-2edab2","Pro","17","833.00","9996.00","FALSE","FALSE","FALSE","FALSE","annual","TRUE","2023-11","2023-11","2023-11-28",\N
"S-155e15","A-b07b56","Pro","30","1470.00","17640.00","FALSE","FALSE","FALSE","FALSE","monthly","TRUE","2024-11","2024-12","2024-12-02",\N
"S-a6010b","A-5a92e7","Basic","6","0.00","0.00","TRUE","FALSE","FALSE","FALSE","monthly","TRUE","2024-06","2024-10","2024-10-14",\N
"S-e60306","A-f45426","Enterprise","46","9154.00","109848.00","FALSE","FALSE","FALSE","FALSE","annual","TRUE","2024-08","2024-12","2024-12-10",\N
"S-6bde88","A-157070","Pro","49","0.00","0.00","TRUE","FALSE","FALSE","FALSE","annual","TRUE","2023-12","2024-09","2024-09-18",\N
"S-6ca5ab","A-55f257","Basic","14","0.00","0.00","TRUE","FALSE","FALSE","FALSE","annual","TRUE","2024-01","2024-07","2024-07-31",\N
"S-eafea7","A-cbd1a3","Enterprise","28","5572.00","66864.00","FALSE","FALSE","FALSE","FALSE","monthly","TRUE","2024-11","2024-11","2024-11-29",\N
"S-55db9e","A-8ae05d","Basic","86","1634.00","19608.00","FALSE","FALSE","FALSE","FALSE","annual","FALSE","2024-06","2024-08","2024-08-19",\N
"S-be079b","A-6da850","Basic","5","0.00","0.00","TRUE","FALSE","TRUE","FALSE","monthly","FALSE","2023-10","2024-04","2024-04-29",\N
"S-bd5207","A-7cfe77","Basic","69","1311.00","15732.00","FALSE","FALSE","FALSE","FALSE","annual","TRUE","2024-07","2024-12","2024-12-05",\N
"S-f74bdd","A-c16101","Enterprise","14","2786.00","33432.00","FALSE","FALSE","FALSE","FALSE","annual","TRUE","2024-09","2024-09","2024-09-14",\N
"S-b3071c","A-cab532","Pro","31","1519.00","18228.00","FALSE","FALSE","FALSE","TRUE","monthly","TRUE","2023-04","2023-11","2023-11-03","2024-12-14"
"S-ed1026","A-9a532a","Enterprise","11","2189.00","26268.00","FALSE","FALSE","FALSE","FALSE","annual","TRUE","2024-08","2024-09","2024-09-21",\N
"S-8cfa7f","A-d922bf","Enterprise","15","0.00","0.00","TRUE","FALSE","FALSE","FALSE","annual","TRUE","2023-10","2024-08","2024-08-12",\N
"S-2dbf11","A-e888d1","Pro","14","686.00","8232.00","FALSE","FALSE","FALSE","FALSE","annual","TRUE","2023-05","2024-05","2024-05-25",\N
"S-4311fb","A-2b9d3e","Pro","14","686.00","8232.00","FALSE","FALSE","FALSE","FALSE","monthly","TRUE","2023-09","2024-11","2024-11-12",\N
"S-5d729e","A-4a267b","Enterprise","29","5771.00","69252.00","FALSE","FALSE","FALSE","FALSE","monthly","TRUE","2024-05","2024-05","2024-05-09",\N
"S-50e517","A-e7a1e2","Basic","12","228.00","2736.00","FALSE","FALSE","FALSE","FALSE","annual","TRUE","2024-07","2024-10","2024-10-28",\N
"S-814624","A-671f31","Enterprise","82","0.00","0.00","TRUE","FALSE","TRUE","FALSE","annual","TRUE","2024-11","2024-12","2024-12-28",\N
"S-f2d47e","A-6dee43","Enterprise","54","0.00","0.00","TRUE","FALSE","FALSE","FALSE","monthly","TRUE","2023-10","2024-05","2024-05-27",\N
"S-a405f7","A-0b0d6d","Pro","22","1078.00","12936.00","FALSE","FALSE","FALSE","FALSE","annual","TRUE","2024-12","2024-12","2024-12-30",\N
"S-0c46bb","A-c45b23","Basic","12","228.00","2736.00","FALSE","FALSE","FALSE","FALSE","annual","TRUE","2023-12","2024-04","2024-04-09",\N
"S-8b486a","A-59f724","Pro","77","0.00","0.00","TRUE","FALSE","FALSE","FALSE","annual","FALSE","2024-01","2024-06","2024-06-12",\N
"S-ddb09e","A-cc1d8d","Enterprise","8","1592.00","19104.00","FALSE","FALSE","FALSE","FALSE","monthly","FALSE","2024-12","2024-12","2024-12-10",\N
"S-561e21","A-87aa7b","Pro","24","0.00","0.00","TRUE","TRUE","FALSE","FALSE","annual","TRUE","2024-05","2024-08","2024-08-29",\N
"S-8b1c37","A-acb7f7","Pro","32","0.00","0.00","TRUE","FALSE","FALSE","FALSE","monthly","FALSE","2024-01","2024-03","2024-03-28",\N
"S-fc6cb4","A-34d880","Basic","41","779.00","9348.00","FALSE","FALSE","FALSE","TRUE","monthly","FALSE","2024-04","2024-08","2024-08-11","2024-09-18"
"S-13dfe7","A-956988","Pro","2","98.00","1176.00","FALSE","FALSE","FALSE","FALSE","annual","TRUE","2024-12","2024-12","2024-12-15",\N
"S-14d060","A-bcf664","Pro","47","2303.00","27636.00","FALSE","FALSE","FALSE","FALSE","annual","TRUE","2023-06","2024-12","2024-12-12",\N
"S-43f9f8","A-712f1c","Basic","24","456.00","5472.00","FALSE","FALSE","FALSE","FALSE","monthly","TRUE","2024-01","2024-01","2024-01-03",\N
"S-8c41e8","A-c16101","Basic","16","304.00","3648.00","FALSE","TRUE","FALSE","FALSE","annual","TRUE","2024-09","2024-09","2024-09-23",\N
"S-0a9660","A-c7e58b","Enterprise","10","1990.00","23880.00","FALSE","FALSE","FALSE","FALSE","monthly","TRUE","2023-08","2024-04","2024-04-04",\N
"S-9c85b0","A-78f02b","Enterprise","11","2189.00","26268.00","FALSE","FALSE","FALSE","FALSE","annual","TRUE","2024-11","2024-11","2024-11-19",\N
"S-f09b6c","A-0f6450","Basic","28","532.00","6384.00","FALSE","FALSE","FALSE","FALSE","monthly","TRUE","2024-12","2024-12","2024-12-27",\N
"S-a1e688","A-2f6a32","Basic","47","893.00","10716.00","FALSE","FALSE","FALSE","FALSE","annual","TRUE","2024-09","2024-11","2024-11-10",\N
"S-0b62cc","A-a09355","Enterprise","17","3383.00","40596.00","FALSE","FALSE","FALSE","FALSE","monthly","TRUE","2024-08","2024-11","2024-11-11",\N
"S-e41941","A-aa9511","Enterprise","30","5970.00","71640.00","FALSE","FALSE","FALSE","FALSE","monthly","FALSE","2023-10","2024-12","2024-12-12",\N
"S-b7deea","A-65aeb5","Enterprise","63","12537.00","150444.00","FALSE","FALSE","FALSE","TRUE","monthly","TRUE","2024-02","2024-03","2024-03-22","2024-12-03"
"S-b81c97","A-0b0d6d","Pro","18","882.00","10584.00","FALSE","FALSE","FALSE","FALSE","monthly","TRUE","2024-12","2024-12","2024-12-31",\N
"S-462547","A-e2cd1b","Basic","119","2261.00","27132.00","FALSE","FALSE","FALSE","FALSE","annual","TRUE","2024-02","2024-12","2024-12-07",\N
"S-38ac0c","A-794a0b","Enterprise","31","6169.00","74028.00","FALSE","FALSE","FALSE","FALSE","monthly","TRUE","2023-08","2024-07","2024-07-05",\N
"S-4704e5","A-6dee43","Basic","3","57.00","684.00","FALSE","FALSE","FALSE","FALSE","monthly","TRUE","2023-10","2024-03","2024-03-15",\N
"S-8b349c","A-32728c","Basic","20","380.00","4560.00","FALSE","FALSE","FALSE","TRUE","annual","TRUE","2023-04","2023-07","2023-07-01","2024-04-07"
"S-33472f","A-f03140","Enterprise","27","5373.00","64476.00","FALSE","FALSE","FALSE","FALSE","monthly","TRUE","2023-12","2024-03","2024-03-31",\N
"S-70c369","A-4bfa33","Pro","72","3528.00","42336.00","FALSE","FALSE","FALSE","FALSE","monthly","TRUE","2024-12","2024-12","2024-12-24",\N
"S-2a6e4a","A-17939a","Pro","31","1519.00","18228.00","FALSE","FALSE","FALSE","FALSE","annual","FALSE","2024-12","2024-12","2024-12-30",\N
"S-091a8d","A-098560","Pro","23","0.00","0.00","TRUE","FALSE","FALSE","FALSE","monthly","TRUE","2023-12","2024-02","2024-02-24",\N
"S-a2afb0","A-139c3b","Enterprise","18","3582.00","42984.00","FALSE","FALSE","FALSE","FALSE","annual","FALSE","2024-11","2024-12","2024-12-21",\N
"S-85022b","A-d62e02","Basic","6","114.00","1368.00","FALSE","TRUE","FALSE","FALSE","monthly","TRUE","2024-09","2024-11","2024-11-06",\N
"S-b71b3a","A-cd458b","Enterprise","47","9353.00","112236.00","FALSE","FALSE","FALSE","FALSE","monthly","TRUE","2024-07","2024-12","2024-12-21",\N
"S-cc80ee","A-034368","Enterprise","23","4577.00","54924.00","FALSE","FALSE","FALSE","FALSE","monthly","TRUE","2023-12","2024-12","2024-12-12",\N
"S-2e8409","A-029f69","Pro","10","490.00","5880.00","FALSE","FALSE","FALSE","FALSE","annual","FALSE","2024-05","2024-12","2024-12-14",\N
"S-de9b4b","A-600734","Pro","36","1764.00","21168.00","FALSE","FALSE","FALSE","FALSE","monthly","TRUE","2024-01","2024-11","2024-11-06",\N
"S-e5efce","A-cea1f0","Pro","8","392.00","4704.00","FALSE","FALSE","FALSE","FALSE","annual","FALSE","2024-06","2024-08","2024-08-06",\N
"S-d925e2","A-ce550d","Pro","35","1715.00","20580.00","FALSE","FALSE","FALSE","FALSE","annual","TRUE","2024-10","2024-12","2024-12-16",\N
"S-0ab4e8","A-6a4e2d","Pro","16","784.00","9408.00","FALSE","FALSE","FALSE","FALSE","monthly","TRUE","2023-05","2023-12","2023-12-04",\N
"S-585c3b","A-cc1d8d","Pro","6","0.00","0.00","TRUE","FALSE","FALSE","FALSE","annual","TRUE","2024-12","2024-12","2024-12-13",\N
"S-a4fd17","A-cbbe12","Basic","40","760.00","9120.00","FALSE","FALSE","TRUE","TRUE","monthly","FALSE","2023-07","2024-05","2024-05-11","2024-07-20"
"S-68b261","A-d535f6","Pro","19","931.00","11172.00","FALSE","TRUE","FALSE","FALSE","annual","TRUE","2024-09","2024-12","2024-12-11",\N
"S-567afa","A-c16cf7","Pro","18","882.00","10584.00","FALSE","FALSE","FALSE","FALSE","annual","TRUE","2024-10","2024-12","2024-12-07",\N
"S-39b850","A-297a2d","Basic","27","0.00","0.00","TRUE","FALSE","FALSE","FALSE","annual","TRUE","2023-08","2023-08","2023-08-15",\N
"S-2a9676","A-92a3af","Pro","25","1225.00","14700.00","FALSE","FALSE","FALSE","FALSE","annual","TRUE","2024-07","2024-07","2024-07-23",\N
"S-fedcd9","A-65c341","Enterprise","11","2189.00","26268.00","FALSE","FALSE","FALSE","FALSE","annual","TRUE","2024-02","2024-10","2024-10-01",\N
"S-627697","A-977ca0","Basic","26","494.00","5928.00","FALSE","FALSE","FALSE","FALSE","monthly","TRUE","2023-02","2023-03","2023-03-20",\N
"S-65e38d","A-eb1312","Enterprise","25","4975.00","59700.00","FALSE","TRUE","FALSE","FALSE","monthly","TRUE","2024-09","2024-11","2024-11-11",\N
"S-8e5fd4","A-43a9e3","Basic","27","513.00","6156.00","FALSE","TRUE","FALSE","FALSE","annual","TRUE","2023-09","2024-03","2024-03-09",\N
"S-cf55da","A-2f6a32","Basic","19","0.00","0.00","TRUE","FALSE","FALSE","FALSE","monthly","TRUE","2024-09","2024-09","2024-09-16",\N
"S-e8488d","A-52dd88","Enterprise","26","5174.00","62088.00","FALSE","FALSE","FALSE","FALSE","monthly","FALSE","2023-03","2024-08","2024-08-02",\N
"S-344c0d","A-87aa7b","Enterprise","24","4776.00","57312.00","FALSE","FALSE","FALSE","FALSE","annual","TRUE","2024-05","2024-10","2024-10-15",\N
"S-3f0fb6","A-016043","Pro","27","1323.00","15876.00","FALSE","FALSE","FALSE","FALSE","annual","FALSE","2024-08","2024-10","2024-10-20",\N
"S-cd2085","A-7c83a1","Basic","12","228.00","2736.00","FALSE","FALSE","TRUE","TRUE","monthly","TRUE","2024-05","2024-11","2024-11-10","2024-11-26"
"S-91419b","A-94c3cd","Pro","37","1813.00","21756.00","FALSE","FALSE","FALSE","FALSE","annual","FALSE","2024-01","2024-07","2024-07-19",\N
"S-a84c82","A-186a44","Pro","20","980.00","11760.00","FALSE","FALSE","FALSE","FALSE","annual","FALSE","2023-08","2023-11","2023-11-01",\N
"S-c9d323","A-3a7284","Pro","31","1519.00","18228.00","FALSE","FALSE","FALSE","FALSE","monthly","TRUE","2024-11","2024-12","2024-12-12",\N
"S-404ecd","A-592832","Enterprise","18","3582.00","42984.00","FALSE","FALSE","FALSE","TRUE","monthly","TRUE","2024-09","2024-09","2024-09-27","2024-12-18"
"S-d224a1","A-42b791","Pro","29","1421.00","17052.00","FALSE","FALSE","FALSE","FALSE","monthly","TRUE","2024-06","2024-06","2024-06-11",\N
"S-a7ea10","A-96e141","Basic","15","285.00","3420.00","FALSE","FALSE","FALSE","TRUE","annual","TRUE","2023-10","2024-08","2024-08-05","2024-08-17"
"S-3d1043","A-e4144b","Enterprise","41","8159.00","97908.00","FALSE","FALSE","FALSE","FALSE","annual","FALSE","2024-11","2024-12","2024-12-15",\N
"S-7c1eb7","A-02cd81","Pro","44","2156.00","25872.00","FALSE","FALSE","FALSE","FALSE","monthly","TRUE","2024-03","2024-05","2024-05-12",\N
"S-4eb120","A-e1b9cd","Basic","40","760.00","9120.00","FALSE","FALSE","FALSE","FALSE","monthly","TRUE","2023-03","2024-09","2024-09-28",\N
"S-b11225","A-7cfe77","Pro","69","3381.00","40572.00","FALSE","FALSE","FALSE","FALSE","annual","TRUE","2024-07","2024-11","2024-11-21",\N
"S-dbceba","A-3cc791","Pro","36","1764.00","21168.00","FALSE","FALSE","FALSE","FALSE","monthly","TRUE","2024-01","2024-12","2024-12-19",\N
"S-b89305","A-0aaf6e","Basic","4","76.00","912.00","FALSE","FALSE","FALSE","FALSE","monthly","TRUE","2024-06","2024-11","2024-11-09",\N
"S-81b6ee","A-e1b9cd","Pro","40","1960.00","23520.00","FALSE","FALSE","FALSE","FALSE","annual","FALSE","2023-03","2023-11","2023-11-25",\N
"S-fbbd54","A-692f18","Pro","5","0.00","0.00","TRUE","FALSE","FALSE","FALSE","monthly","TRUE","2024-03","2024-06","2024-06-02",\N
"S-f1fa8b","A-ffc04f","Pro","55","2695.00","32340.00","FALSE","FALSE","FALSE","FALSE","monthly","FALSE","2024-06","2024-07","2024-07-31",\N
"S-c6d8ce","A-249769","Pro","11","539.00","6468.00","FALSE","FALSE","FALSE","FALSE","monthly","TRUE","2024-06","2024-06","2024-06-10",\N
"S-226cf3","A-956988","Pro","42","2058.00","24696.00","FALSE","FALSE","TRUE","FALSE","monthly","TRUE","2024-12","2024-12","2024-12-18",\N
"S-9e2c78","A-e4144b","Basic","41","0.00","0.00","TRUE","FALSE","FALSE","FALSE","annual","TRUE","2024-11","2024-12","2024-12-18",\N
"S-61bcfb","A-4e631b","Basic","22","418.00","5016.00","FALSE","FALSE","FALSE","FALSE","monthly","TRUE","2024-03","2024-11","2024-11-05",\N
"S-96a469","A-e693b6","Pro","55","2695.00","32340.00","FALSE","FALSE","FALSE","FALSE","annual","TRUE","2023-08","2023-10","2023-10-08",\N
"S-5c2991","A-94c3cd","Enterprise","32","0.00","0.00","TRUE","FALSE","FALSE","FALSE","annual","TRUE","2024-01","2024-01","2024-01-06",\N
"S-771f7b","A-5c9849","Enterprise","62","12338.00","148056.00","FALSE","FALSE","FALSE","FALSE","annual","TRUE","2024-11","2024-11","2024-11-30",\N
"S-bdd5df","A-a45270","Enterprise","25","4975.00","59700.00","FALSE","FALSE","FALSE","FALSE","monthly","FALSE","2024-07","2024-07","2024-07-18",\N
"S-c46499","A-00cac8","Basic","8","152.00","1824.00","FALSE","FALSE","FALSE","FALSE","annual","TRUE","2023-09","2024-03","2024-03-03",\N
"S-03a5b0","A-068fc6","Enterprise","35","6965.00","83580.00","FALSE","FALSE","FALSE","FALSE","monthly","TRUE","2023-10","2024-07","2024-07-13",\N
"S-973e8e","A-0a282f","Enterprise","6","1194.00","14328.00","FALSE","FALSE","FALSE","TRUE","annual","TRUE","2024-08","2024-09","2024-09-28","2024-12-16"
"S-8c8905","A-ba6516","Enterprise","27","5373.00","64476.00","FALSE","FALSE","FALSE","FALSE","annual","TRUE","2024-01","2024-05","2024-05-18",\N
"S-6d09f2","A-f92792","Basic","3","57.00","684.00","FALSE","FALSE","FALSE","FALSE","monthly","TRUE","2024-07","2024-11","2024-11-24",\N
"S-32d56d","A-9f9299","Enterprise","28","5572.00","66864.00","FALSE","FALSE","FALSE","FALSE","annual","TRUE","2023-11","2023-11","2023-11-27",\N
"S-54e8b2","A-19b2c8","Pro","20","980.00","11760.00","FALSE","FALSE","FALSE","FALSE","monthly","TRUE","2023-06","2024-05","2024-05-18",\N
"S-2664e1","A-2d4502","Enterprise","41","8159.00","97908.00","FALSE","TRUE","FALSE","FALSE","annual","TRUE","2024-04","2024-07","2024-07-19",\N
"S-ceaff7","A-a8b49c","Basic","16","304.00","3648.00","FALSE","FALSE","FALSE","FALSE","annual","TRUE","2023-10","2024-02","2024-02-16",\N
"S-307b2b","A-4e44e8","Pro","8","392.00","4704.00","FALSE","FALSE","FALSE","TRUE","annual","TRUE","2024-08","2024-09","2024-09-21","2024-10-26"
"S-491216","A-b7ef83","Pro","31","1519.00","18228.00","FALSE","FALSE","FALSE","FALSE","annual","TRUE","2024-06","2024-09","2024-09-16",\N
"S-a70baa","A-883b7d","Enterprise","17","3383.00","40596.00","FALSE","FALSE","FALSE","FALSE","annual","TRUE","2024-04","2024-08","2024-08-10",\N
"S-b5337b","A-7c6b6b","Pro","7","343.00","4116.00","FALSE","FALSE","FALSE","FALSE","annual","TRUE","2024-12","2024-12","2024-12-10",\N
"S-b2b1b9","A-49b828","Enterprise","49","9751.00","117012.00","FALSE","TRUE","FALSE","FALSE","annual","TRUE","2023-05","2023-10","2023-10-06",\N
"S-6a02fe","A-35083d","Basic","25","475.00","5700.00","FALSE","FALSE","FALSE","FALSE","monthly","TRUE","2023-06","2023-11","2023-11-07",\N
"S-0865f1","A-95b24a","Basic","38","722.00","8664.00","FALSE","FALSE","FALSE","FALSE","annual","TRUE","2023-07","2023-12","2023-12-10",\N
"S-4f21c1","A-9f9299","Enterprise","28","5572.00","66864.00","FALSE","FALSE","FALSE","TRUE","annual","TRUE","2023-11","2023-11","2023-11-24","2024-07-20"
"S-0ce88b","A-9ee962","Basic","9","171.00","2052.00","FALSE","FALSE","FALSE","FALSE","annual","TRUE","2023-06","2024-07","2024-07-18",\N
"S-446c54","A-296d7c","Enterprise","2","398.00","4776.00","FALSE","FALSE","FALSE","FALSE","annual","TRUE","2024-01","2024-11","2024-11-05",\N
"S-55aafd","A-e89151","Basic","8","152.00","1824.00","FALSE","TRUE","FALSE","FALSE","monthly","TRUE","2023-11","2024-05","2024-05-23",\N
"S-f4caa8","A-9badbd","Basic","23","437.00","5244.00","FALSE","FALSE","FALSE","TRUE","annual","TRUE","2024-06","2024-09","2024-09-16","2024-10-12"
"S-7c24f6","A-f25509","Enterprise","32","0.00","0.00","TRUE","FALSE","FALSE","FALSE","annual","FALSE","2024-05","2024-06","2024-06-16",\N
"S-c555c4","A-bcf87c","Enterprise","17","3383.00","40596.00","FALSE","FALSE","FALSE","FALSE","monthly","TRUE","2024-07","2024-12","2024-12-13",\N
"S-503afa","A-4e631b","Enterprise","40","7960.00","95520.00","FALSE","FALSE","FALSE","FALSE","monthly","FALSE","2024-03","2024-03","2024-03-18",\N
"S-98f176","A-05d3b3","Basic","55","0.00","0.00","TRUE","FALSE","FALSE","FALSE","annual","TRUE","2023-07","2023-08","2023-08-14",\N
"S-de473d","A-e6afc1","Pro","6","294.00","3528.00","FALSE","FALSE","FALSE","FALSE","monthly","TRUE","2023-05","2023-05","2023-05-31",\N
"S-1876fb","A-4f18f0","Enterprise","59","11741.00","140892.00","FALSE","FALSE","FALSE","FALSE","monthly","FALSE","2024-04","2024-10","2024-10-12",\N
"S-8fd22d","A-354f12","Enterprise","1","199.00","2388.00","FALSE","FALSE","FALSE","FALSE","monthly","TRUE","2024-05","2024-08","2024-08-01",\N
"S-7ded4d","A-0f3e88","Basic","17","323.00","3876.00","FALSE","FALSE","FALSE","FALSE","monthly","TRUE","2023-08","2024-06","2024-06-18",\N
"S-2cb298","A-9077b0","Enterprise","2","398.00","4776.00","FALSE","TRUE","FALSE","FALSE","annual","TRUE","2024-08","2024-12","2024-12-20",\N
"S-dfbd79","A-977ca0","Pro","14","686.00","8232.00","FALSE","FALSE","FALSE","TRUE","annual","TRUE","2023-02","2024-11","2024-11-24","2024-11-24"
"S-162e73","A-55f257","Enterprise","38","0.00","0.00","TRUE","FALSE","FALSE","FALSE","annual","TRUE","2024-01","2024-01","2024-01-12",\N
"S-f0c747","A-5b1bcd","Enterprise","73","14527.00","174324.00","FALSE","FALSE","FALSE","FALSE","monthly","TRUE","2023-09","2024-09","2024-09-24",\N
"S-cf72c8","A-2e3bad","Basic","61","1159.00","13908.00","FALSE","FALSE","FALSE","FALSE","annual","TRUE","2023-08","2024-10","2024-10-27",\N
"S-befdba","A-ff79f2","Basic","36","684.00","8208.00","FALSE","FALSE","FALSE","TRUE","annual","FALSE","2024-05","2024-11","2024-11-15","2024-11-19"
"S-921f19","A-eb7c38","Pro","39","0.00","0.00","TRUE","FALSE","FALSE","FALSE","monthly","TRUE","2024-04","2024-09","2024-09-16",\N
"S-e9395e","A-180abf","Pro","64","3136.00","37632.00","FALSE","TRUE","FALSE","FALSE","monthly","TRUE","2023-09","2024-12","2024-12-20",\N
"S-24cdb5","A-592832","Basic","35","665.00","7980.00","FALSE","FALSE","FALSE","FALSE","annual","TRUE","2024-09","2024-10","2024-10-21",\N
"S-5aa4ba","A-2d1036","Pro","69","3381.00","40572.00","FALSE","FALSE","FALSE","FALSE","monthly","TRUE","2024-07","2024-09","2024-09-25",\N
"S-207046","A-94d3da","Pro","41","0.00","0.00","TRUE","FALSE","FALSE","FALSE","annual","TRUE","2023-06","2024-03","2024-03-03",\N
"S-0d6ea4","A-f44180","Enterprise","9","1791.00","21492.00","FALSE","FALSE","FALSE","TRUE","monthly","FALSE","2023-03","2023-12","2023-12-27","2024-10-30"
"S-5de79e","A-1619f8","Basic","29","551.00","6612.00","FALSE","TRUE","FALSE","FALSE","annual","FALSE","2024-06","2024-11","2024-11-06",\N
"S-a04ec4","A-4ef964","Pro","17","833.00","9996.00","FALSE","FALSE","FALSE","FALSE","annual","TRUE","2024-04","2024-06","2024-06-17",\N
"S-33deb8","A-427b69","Pro","17","833.00","9996.00","FALSE","FALSE","FALSE","FALSE","annual","TRUE","2024-09","2024-11","2024-11-30",\N
"S-08f8d3","A-bcf87c","Pro","21","1029.00","12348.00","FALSE","FALSE","FALSE","FALSE","monthly","TRUE","2024-07","2024-11","2024-11-27",\N
"S-292c06","A-089363","Pro","26","1274.00","15288.00","FALSE","FALSE","FALSE","FALSE","monthly","TRUE","2023-06","2024-07","2024-07-11",\N
"S-0e9334","A-8ed5dd","Basic","23","437.00","5244.00","FALSE","FALSE","FALSE","FALSE","monthly","TRUE","2023-08","2024-09","2024-09-07",\N
"S-6a7c79","A-4ef964","Pro","17","0.00","0.00","TRUE","FALSE","FALSE","FALSE","monthly","TRUE","2024-04","2024-08","2024-08-28",\N
"S-1cfab2","A-712f1c","Enterprise","37","7363.00","88356.00","FALSE","FALSE","FALSE","FALSE","monthly","TRUE","2024-01","2024-12","2024-12-01",\N
"S-0c0691","A-19b2c8","Enterprise","20","3980.00","47760.00","FALSE","FALSE","FALSE","FALSE","monthly","TRUE","2023-06","2024-10","2024-10-25",\N
"S-b18ae9","A-b78bf8","Pro","33","1617.00","19404.00","FALSE","FALSE","FALSE","FALSE","monthly","TRUE","2024-11","2024-12","2024-12-14",\N
"S-a0abcf","A-42b791","Pro","14","686.00","8232.00","FALSE","FALSE","FALSE","FALSE","annual","FALSE","2024-06","2024-12","2024-12-11",\N
"S-567f8f","A-02cd81","Enterprise","44","8756.00","105072.00","FALSE","FALSE","FALSE","FALSE","annual","TRUE","2024-03","2024-06","2024-06-01",\N
"S-3673f2","A-cd458b","Enterprise","47","9353.00","112236.00","FALSE","FALSE","FALSE","FALSE","annual","TRUE","2024-07","2024-08","2024-08-17",\N
"S-3ff7bb","A-10b8f2","Basic","47","0.00","0.00","TRUE","TRUE","FALSE","FALSE","monthly","TRUE","2023-02","2024-08","2024-08-15",\N
"S-b9d674","A-cc98bc","Enterprise","32","6368.00","76416.00","FALSE","FALSE","FALSE","FALSE","monthly","TRUE","2023-05","2023-07","2023-07-09",\N
"S-381917","A-474ad4","Pro","17","833.00","9996.00","FALSE","FALSE","FALSE","FALSE","monthly","TRUE","2023-12","2024-07","2024-07-02",\N
"S-67c1d8","A-328bd0","Pro","18","882.00","10584.00","FALSE","FALSE","TRUE","FALSE","annual","TRUE","2023-08","2024-12","2024-12-18",\N
"S-c85c63","A-5c046d","Basic","93","1767.00","21204.00","FALSE","FALSE","FALSE","FALSE","monthly","FALSE","2024-07","2024-12","2024-12-02",\N
"S-8dd1cf","A-4d1e75","Basic","20","380.00","4560.00","FALSE","TRUE","FALSE","FALSE","monthly","FALSE","2024-09","2024-12","2024-12-17",\N
"S-3741b9","A-c16b88","Basic","23","0.00","0.00","TRUE","FALSE","FALSE","TRUE","annual","TRUE","2024-03","2024-06","2024-06-20","2024-07-11"
"S-90dd19","A-297a2d","Pro","27","1323.00","15876.00","FALSE","TRUE","FALSE","FALSE","annual","TRUE","2023-08","2024-03","2024-03-04",\N
"S-d62a15","A-089363","Enterprise","10","1990.00","23880.00","FALSE","FALSE","FALSE","FALSE","annual","TRUE","2023-06","2024-08","2024-08-08",\N
"S-2a928c","A-fa3095","Basic","70","1330.00","15960.00","FALSE","FALSE","FALSE","FALSE","monthly","TRUE","2023-09","2024-12","2024-12-16",\N
"S-be86e3","A-3a5ad8","Enterprise","11","2189.00","26268.00","FALSE","FALSE","TRUE","FALSE","annual","TRUE","2023-12","2024-01","2024-01-14",\N
"S-3dc46b","A-5790f4","Pro","12","588.00","7056.00","FALSE","FALSE","FALSE","FALSE","monthly","FALSE","2024-12","2024-12","2024-12-23",\N
"S-d6106b","A-0a282f","Basic","6","114.00","1368.00","FALSE","FALSE","FALSE","FALSE","monthly","TRUE","2024-08","2024-10","2024-10-16",\N
"S-c5a75d","A-66224b","Pro","92","4508.00","54096.00","FALSE","FALSE","FALSE","FALSE","annual","TRUE","2024-10","2024-12","2024-12-18",\N
"S-2f11bb","A-82d8a6","Pro","5","245.00","2940.00","FALSE","FALSE","FALSE","FALSE","annual","TRUE","2024-12","2024-12","2024-12-29",\N
"S-8f2b13","A-034368","Enterprise","28","5572.00","66864.00","FALSE","FALSE","FALSE","FALSE","annual","TRUE","2023-12","2024-10","2024-10-14",\N
"S-4047a8","A-e19ff6","Basic","1","19.00","228.00","FALSE","FALSE","FALSE","FALSE","monthly","FALSE","2023-08","2024-06","2024-06-01",\N
"S-969c1d","A-5b4ebb","Basic","29","551.00","6612.00","FALSE","FALSE","FALSE","FALSE","monthly","TRUE","2024-07","2024-07","2024-07-13",\N
"S-f41a31","A-659280","Enterprise","13","2587.00","31044.00","FALSE","FALSE","FALSE","FALSE","monthly","FALSE","2023-11","2023-11","2023-11-25",\N
"S-7a36ee","A-b11cd0","Basic","26","494.00","5928.00","FALSE","FALSE","FALSE","TRUE","monthly","TRUE","2023-02","2023-02","2023-02-16","2024-06-22"
"S-b1d153","A-3793ee","Pro","49","2401.00","28812.00","FALSE","FALSE","FALSE","TRUE","monthly","TRUE","2023-11","2023-11","2023-11-23","2024-10-08"
"S-515485","A-f3ff05","Pro","35","1715.00","20580.00","FALSE","FALSE","FALSE","FALSE","monthly","TRUE","2024-08","2024-09","2024-09-21",\N
"S-fe910d","A-241e75","Basic","5","95.00","1140.00","FALSE","FALSE","FALSE","FALSE","monthly","TRUE","2024-07","2024-10","2024-10-19",\N
"S-cd74b9","A-157070","Enterprise","16","3184.00","38208.00","FALSE","TRUE","FALSE","FALSE","annual","TRUE","2023-12","2024-01","2024-01-26",\N
"S-604bd0","A-0e966d","Pro","57","2793.00","33516.00","FALSE","FALSE","FALSE","FALSE","monthly","FALSE","2024-06","2024-10","2024-10-27",\N
"S-cea51e","A-cc1d8d","Enterprise","20","0.00","0.00","TRUE","FALSE","FALSE","FALSE","monthly","TRUE","2024-12","2024-12","2024-12-22",\N
"S-1d63bf","A-69fad4","Enterprise","22","4378.00","52536.00","FALSE","FALSE","FALSE","TRUE","monthly","TRUE","2023-07","2024-02","2024-02-01","2024-08-19"
"S-951c06","A-0532a9","Basic","19","361.00","4332.00","FALSE","FALSE","FALSE","FALSE","annual","TRUE","2024-09","2024-09","2024-09-26",\N
"S-6e780e","A-de58ca","Enterprise","36","7164.00","85968.00","FALSE","FALSE","FALSE","FALSE","annual","TRUE","2023-04","2024-09","2024-09-01",\N
"S-501046","A-c4ea60","Pro","18","882.00","10584.00","FALSE","FALSE","FALSE","FALSE","annual","TRUE","2023-04","2024-07","2024-07-20",\N
"S-d88f58","A-4ef964","Basic","17","323.00","3876.00","FALSE","FALSE","FALSE","FALSE","monthly","TRUE","2024-04","2024-11","2024-11-11",\N
"S-3012fa","A-902ef7","Pro","83","4067.00","48804.00","FALSE","FALSE","FALSE","FALSE","annual","TRUE","2024-09","2024-09","2024-09-05",\N
"S-936e80","A-5a3eb9","Pro","18","882.00","10584.00","FALSE","FALSE","FALSE","FALSE","annual","TRUE","2023-09","2023-09","2023-09-21",\N
"S-7bebc1","A-054577","Basic","24","456.00","5472.00","FALSE","FALSE","FALSE","FALSE","annual","TRUE","2024-05","2024-08","2024-08-27",\N
"S-cd8a6a","A-96215d","Pro","10","490.00","5880.00","FALSE","FALSE","FALSE","FALSE","annual","FALSE","2024-08","2024-11","2024-11-04",\N
"S-810a67","A-592832","Pro","18","882.00","10584.00","FALSE","FALSE","FALSE","FALSE","monthly","TRUE","2024-09","2024-10","2024-10-15",\N
"S-370135","A-e693b6","Pro","55","2695.00","32340.00","FALSE","FALSE","FALSE","FALSE","monthly","FALSE","2023-08","2024-05","2024-05-11",\N
"S-1ad030","A-92a3af","Enterprise","25","4975.00","59700.00","FALSE","FALSE","FALSE","FALSE","annual","FALSE","2024-07","2024-09","2024-09-01",\N
"S-fc155b","A-ccabf0","Enterprise","1","199.00","2388.00","FALSE","FALSE","FALSE","FALSE","annual","TRUE","2023-11","2024-09","2024-09-09",\N
"S-9c23e1","A-f92792","Enterprise","18","3582.00","42984.00","FALSE","FALSE","FALSE","FALSE","annual","TRUE","2024-07","2024-09","2024-09-17",\N
"S-af5a51","A-ccb686","Enterprise","53","10547.00","126564.00","FALSE","TRUE","FALSE","FALSE","annual","TRUE","2024-02","2024-08","2024-08-22",\N
"S-7e86a2","A-7c5768","Basic","3","57.00","684.00","FALSE","FALSE","FALSE","FALSE","monthly","TRUE","2024-03","2024-10","2024-10-29",\N
"S-12902a","A-3932db","Enterprise","19","3781.00","45372.00","FALSE","TRUE","FALSE","FALSE","monthly","TRUE","2023-12","2024-09","2024-09-21",\N
"S-7d4240","A-09316c","Basic","70","1330.00","15960.00","FALSE","FALSE","FALSE","FALSE","monthly","TRUE","2024-09","2024-11","2024-11-11",\N
"S-a94f54","A-e888d1","Enterprise","16","3184.00","38208.00","FALSE","TRUE","FALSE","TRUE","monthly","TRUE","2023-05","2023-09","2023-09-04","2024-05-12"
"S-64b181","A-bbe56f","Pro","21","1029.00","12348.00","FALSE","FALSE","FALSE","FALSE","annual","TRUE","2023-08","2024-04","2024-04-16",\N
"S-239429","A-65aeb5","Enterprise","9","0.00","0.00","TRUE","FALSE","FALSE","FALSE","monthly","TRUE","2024-02","2024-05","2024-05-11",\N
"S-c1ad26","A-10b8da","Pro","14","686.00","8232.00","FALSE","FALSE","FALSE","FALSE","annual","TRUE","2023-05","2024-05","2024-05-09",\N
"S-02b3a1","A-e6afc1","Basic","18","342.00","4104.00","FALSE","FALSE","FALSE","FALSE","monthly","TRUE","2023-05","2023-08","2023-08-05",\N
"S-83b45d","A-5a92e7","Pro","5","0.00","0.00","TRUE","FALSE","FALSE","FALSE","annual","TRUE","2024-06","2024-06","2024-06-27",\N
"S-43aa0e","A-4d1e75","Basic","36","0.00","0.00","TRUE","FALSE","FALSE","FALSE","monthly","TRUE","2024-09","2024-10","2024-10-18",\N
"S-ab06f4","A-90a8c8","Pro","15","735.00","8820.00","FALSE","FALSE","FALSE","FALSE","annual","TRUE","2024-08","2024-10","2024-10-29",\N
"S-4d2011","A-751c58","Enterprise","15","2985.00","35820.00","FALSE","FALSE","FALSE","FALSE","annual","FALSE","2024-07","2024-07","2024-07-29",\N
"S-dc28c6","A-e7beab","Enterprise","58","0.00","0.00","TRUE","FALSE","FALSE","FALSE","monthly","TRUE","2023-10","2024-01","2024-01-05",\N
"S-709b46","A-ed510f","Pro","42","2058.00","24696.00","FALSE","FALSE","FALSE","FALSE","annual","FALSE","2023-03","2023-03","2023-03-09",\N
"S-05eff5","A-118f1c","Basic","32","608.00","7296.00","FALSE","FALSE","FALSE","FALSE","monthly","TRUE","2024-10","2024-12","2024-12-23",\N
"S-e11cde","A-0f6450","Enterprise","28","5572.00","66864.00","FALSE","FALSE","FALSE","FALSE","monthly","FALSE","2024-12","2024-12","2024-12-31",\N
"S-db47af","A-d535f6","Basic","54","1026.00","12312.00","FALSE","FALSE","FALSE","FALSE","monthly","TRUE","2024-09","2024-11","2024-11-13",\N
"S-9af385","A-157070","Basic","27","513.00","6156.00","FALSE","FALSE","FALSE","FALSE","monthly","TRUE","2023-12","2024-09","2024-09-26",\N
"S-491caf","A-6f50ae","Basic","19","361.00","4332.00","FALSE","FALSE","TRUE","FALSE","annual","FALSE","2023-11","2024-03","2024-03-24",\N
"S-6bd30a","A-5c9849","Enterprise","91","18109.00","217308.00","FALSE","FALSE","FALSE","TRUE","monthly","TRUE","2024-11","2024-12","2024-12-01","2024-12-16"
"S-6cdfb7","A-432483","Pro","31","1519.00","18228.00","FALSE","FALSE","FALSE","FALSE","annual","TRUE","2023-04","2024-11","2024-11-29",\N
"S-2b7664","A-cb6cc6","Basic","13","247.00","2964.00","FALSE","FALSE","FALSE","FALSE","monthly","TRUE","2023-04","2023-08","2023-08-22",\N
"S-e6b35a","A-3c1a3f","Basic","4","76.00","912.00","FALSE","FALSE","FALSE","FALSE","monthly","TRUE","2023-08","2024-03","2024-03-25",\N
"S-221db6","A-1d5444","Pro","24","0.00","0.00","TRUE","FALSE","FALSE","FALSE","annual","TRUE","2024-03","2024-09","2024-09-16",\N
"S-408c2f","A-993085","Basic","31","589.00","7068.00","FALSE","FALSE","FALSE","FALSE","annual","TRUE","2023-08","2023-11","2023-11-23",\N
"S-f690b4","A-dfbd31","Pro","35","1715.00","20580.00","FALSE","FALSE","TRUE","FALSE","annual","TRUE","2023-12","2024-12","2024-12-04",\N
"S-f4dc54","A-eb1312","Basic","25","475.00","5700.00","FALSE","FALSE","FALSE","FALSE","monthly","TRUE","2024-09","2024-12","2024-12-10",\N
"S-5717da","A-54d94a","Pro","27","1323.00","15876.00","FALSE","FALSE","FALSE","FALSE","monthly","TRUE","2023-11","2024-10","2024-10-24",\N
"S-36c07b","A-2922b6","Pro","15","735.00","8820.00","FALSE","FALSE","FALSE","FALSE","annual","TRUE","2024-12","2024-12","2024-12-11",\N
"S-01afa4","A-a09355","Enterprise","14","2786.00","33432.00","FALSE","FALSE","TRUE","FALSE","annual","TRUE","2024-08","2024-12","2024-12-05",\N
"S-f7234f","A-5f7781","Pro","85","0.00","0.00","TRUE","FALSE","FALSE","FALSE","monthly","FALSE","2024-08","2024-08","2024-08-27",\N
"S-dd1d46","A-72799b","Enterprise","20","0.00","0.00","TRUE","FALSE","FALSE","FALSE","monthly","TRUE","2023-11","2023-11","2023-11-18",\N
"S-fa0094","A-2bc93d","Pro","14","686.00","8232.00","FALSE","FALSE","FALSE","FALSE","annual","TRUE","2023-07","2024-02","2024-02-23",\N
"S-bf89e6","A-812c5b","Pro","130","6370.00","76440.00","FALSE","FALSE","FALSE","FALSE","monthly","TRUE","2024-04","2024-05","2024-05-19",\N
"S-078c2b","A-354f12","Basic","7","133.00","1596.00","FALSE","FALSE","FALSE","FALSE","monthly","TRUE","2024-05","2024-11","2024-11-08",\N
"S-496c1e","A-f19b24","Basic","29","551.00","6612.00","FALSE","FALSE","FALSE","FALSE","annual","TRUE","2024-03","2024-08","2024-08-20",\N
"S-40dcf4","A-249769","Enterprise","56","11144.00","133728.00","FALSE","FALSE","FALSE","FALSE","annual","TRUE","2024-06","2024-08","2024-08-05",\N
"S-4cd678","A-40de06","Pro","28","1372.00","16464.00","FALSE","FALSE","FALSE","FALSE","monthly","FALSE","2023-06","2024-03","2024-03-24",\N
"S-f981fe","A-3cc791","Enterprise","22","4378.00","52536.00","FALSE","FALSE","FALSE","FALSE","monthly","TRUE","2024-01","2024-06","2024-06-01",\N
"S-5da6e7","A-5a215a","Pro","87","4263.00","51156.00","FALSE","FALSE","FALSE","TRUE","annual","TRUE","2024-01","2024-07","2024-07-29","2024-09-19"
"S-1a5fa7","A-1f559b","Enterprise","26","5174.00","62088.00","FALSE","FALSE","FALSE","FALSE","annual","FALSE","2023-12","2024-02","2024-02-27",\N
"S-067edc","A-075038","Pro","23","0.00","0.00","TRUE","TRUE","FALSE","FALSE","monthly","TRUE","2023-07","2023-11","2023-11-30",\N
"S-16ce94","A-c4ea60","Pro","18","882.00","10584.00","FALSE","FALSE","FALSE","FALSE","annual","TRUE","2023-04","2024-09","2024-09-09",\N
"S-f2710b","A-309e54","Enterprise","46","0.00","0.00","TRUE","FALSE","FALSE","FALSE","annual","TRUE","2024-12","2024-12","2024-12-13",\N
"S-709f67","A-484819","Enterprise","18","3582.00","42984.00","FALSE","FALSE","FALSE","FALSE","annual","TRUE","2023-02","2023-05","2023-05-27",\N
"S-1bc5a4","A-560d27","Enterprise","23","4577.00","54924.00","FALSE","FALSE","FALSE","FALSE","monthly","FALSE","2024-05","2024-07","2024-07-31",\N
"S-4d5623","A-d40bf7","Enterprise","59","11741.00","140892.00","FALSE","FALSE","FALSE","FALSE","annual","TRUE","2024-11","2024-11","2024-11-09",\N
"S-91b63c","A-f17767","Enterprise","39","7761.00","93132.00","FALSE","FALSE","FALSE","FALSE","annual","TRUE","2023-02","2023-12","2023-12-07",\N
"S-f5bef8","A-993085","Enterprise","40","7960.00","95520.00","FALSE","FALSE","TRUE","FALSE","monthly","TRUE","2023-08","2023-09","2023-09-22",\N
"S-e6c900","A-cd458b","Pro","10","490.00","5880.00","FALSE","FALSE","FALSE","FALSE","annual","TRUE","2024-07","2024-09","2024-09-18",\N
"S-3c9115","A-9badbd","Enterprise","30","5970.00","71640.00","FALSE","FALSE","FALSE","FALSE","monthly","FALSE","2024-06","2024-07","2024-07-01",\N
"S-79af01","A-4ae22a","Enterprise","6","1194.00","14328.00","FALSE","FALSE","FALSE","FALSE","monthly","TRUE","2024-05","2024-07","2024-07-24",\N
"S-9fa738","A-977ca0","Basic","10","0.00","0.00","TRUE","FALSE","FALSE","FALSE","monthly","FALSE","2023-02","2024-02","2024-02-02",\N
"S-786ead","A-88c6ca","Pro","8","392.00","4704.00","FALSE","FALSE","FALSE","FALSE","monthly","TRUE","2024-11","2024-12","2024-12-02",\N
"S-9b5be4","A-ffdfd5","Enterprise","4","796.00","9552.00","FALSE","FALSE","FALSE","FALSE","monthly","FALSE","2024-04","2024-10","2024-10-23",\N
"S-3a4336","A-c1dfe1","Enterprise","26","5174.00","62088.00","FALSE","FALSE","TRUE","FALSE","monthly","TRUE","2023-10","2024-07","2024-07-07",\N
"S-9a410c","A-d535f6","Pro","46","2254.00","27048.00","FALSE","FALSE","TRUE","FALSE","annual","TRUE","2024-09","2024-12","2024-12-11",\N
"S-cd3f49","A-b2225d","Enterprise","47","0.00","0.00","TRUE","FALSE","FALSE","FALSE","annual","TRUE","2024-04","2024-05","2024-05-22",\N
"S-896293","A-337bc1","Basic","30","0.00","0.00","TRUE","TRUE","FALSE","FALSE","monthly","TRUE","2023-08","2024-09","2024-09-12",\N
"S-643ccd","A-45ce7a","Basic","16","304.00","3648.00","FALSE","FALSE","FALSE","FALSE","annual","FALSE","2023-08","2024-09","2024-09-30",\N
"S-34f8ad","A-484819","Basic","18","342.00","4104.00","FALSE","FALSE","FALSE","FALSE","annual","TRUE","2023-02","2024-05","2024-05-22",\N
"S-d85c2f","A-e6afc1","Pro","85","4165.00","49980.00","FALSE","FALSE","FALSE","FALSE","annual","TRUE","2023-05","2024-08","2024-08-15",\N
"S-826d19","A-5790f4","Enterprise","8","1592.00","19104.00","FALSE","FALSE","FALSE","TRUE","annual","TRUE","2024-12","2024-12","2024-12-26","2024-12-29"
"S-323f3e","A-b48f73","Pro","80","3920.00","47040.00","FALSE","FALSE","FALSE","FALSE","annual","FALSE","2024-11","2024-12","2024-12-27",\N
"S-202695","A-d535f6","Basic","12","228.00","2736.00","FALSE","FALSE","FALSE","FALSE","monthly","TRUE","2024-09","2024-09","2024-09-23",\N
"S-905752","A-bcf664","Basic","30","570.00","6840.00","FALSE","FALSE","FALSE","FALSE","monthly","TRUE","2023-06","2024-08","2024-08-29",\N
"S-e53224","A-d82ef9","Pro","26","0.00","0.00","TRUE","FALSE","TRUE","FALSE","annual","TRUE","2024-07","2024-08","2024-08-25",\N
"S-040422","A-463db0","Basic","15","285.00","3420.00","FALSE","FALSE","FALSE","FALSE","annual","TRUE","2024-12","2024-12","2024-12-28",\N
"S-aef80b","A-ccabf0","Enterprise","13","2587.00","31044.00","FALSE","FALSE","FALSE","FALSE","annual","TRUE","2023-11","2024-01","2024-01-05",\N
"S-dda23d","A-1b707d","Pro","7","343.00","4116.00","FALSE","FALSE","FALSE","FALSE","annual","FALSE","2023-11","2023-11","2023-11-14",\N
"S-d29830","A-684255","Basic","9","171.00","2052.00","FALSE","FALSE","FALSE","FALSE","annual","TRUE","2024-04","2024-07","2024-07-01",\N
"S-fc86d6","A-038089","Pro","5","245.00","2940.00","FALSE","FALSE","FALSE","FALSE","annual","TRUE","2024-06","2024-06","2024-06-27",\N
"S-7179fd","A-bcf664","Basic","59","1121.00","13452.00","FALSE","FALSE","FALSE","FALSE","monthly","TRUE","2023-06","2023-06","2023-06-16",\N
"S-01daf5","A-9affe6","Pro","23","1127.00","13524.00","FALSE","FALSE","FALSE","FALSE","monthly","TRUE","2023-04","2024-11","2024-11-14",\N
"S-916876","A-5ed98d","Pro","24","1176.00","14112.00","FALSE","FALSE","FALSE","FALSE","monthly","TRUE","2024-06","2024-09","2024-09-08",\N
"S-4eef1a","A-3a7284","Basic","31","589.00","7068.00","FALSE","FALSE","FALSE","FALSE","monthly","TRUE","2024-11","2024-12","2024-12-18",\N
"S-166024","A-443b7c","Basic","24","456.00","5472.00","FALSE","FALSE","FALSE","FALSE","monthly","TRUE","2024-09","2024-10","2024-10-20",\N
"S-3ee288","A-05d3b3","Enterprise","19","3781.00","45372.00","FALSE","FALSE","FALSE","FALSE","annual","TRUE","2023-07","2024-10","2024-10-01",\N
"S-4da04b","A-54ecc2","Pro","7","343.00","4116.00","FALSE","FALSE","TRUE","FALSE","annual","TRUE","2023-08","2024-09","2024-09-16",\N
"S-2d494e","A-922109","Basic","5","0.00","0.00","TRUE","FALSE","FALSE","FALSE","monthly","TRUE","2024-03","2024-12","2024-12-01",\N
"S-a80511","A-993085","Pro","31","1519.00","18228.00","FALSE","FALSE","FALSE","FALSE","annual","TRUE","2023-08","2024-09","2024-09-14",\N
"S-bc4da7","A-02cd81","Basic","44","0.00","0.00","TRUE","FALSE","FALSE","FALSE","annual","TRUE","2024-03","2024-09","2024-09-10",\N
"S-149409","A-0cc442","Pro","45","0.00","0.00","TRUE","TRUE","TRUE","TRUE","monthly","TRUE","2024-07","2024-09","2024-09-15","2024-10-28"
"S-5488ba","A-d3c88e","Enterprise","16","3184.00","38208.00","FALSE","FALSE","FALSE","FALSE","annual","TRUE","2024-10","2024-12","2024-12-13",\N
"S-d5ce9f","A-acb7f7","Basic","39","741.00","8892.00","FALSE","FALSE","FALSE","FALSE","monthly","TRUE","2024-01","2024-02","2024-02-20",\N
"S-680dbe","A-b07b56","Enterprise","25","4975.00","59700.00","FALSE","FALSE","FALSE","FALSE","annual","TRUE","2024-11","2024-12","2024-12-18",\N
"S-129a62","A-8bde0c","Basic","34","0.00","0.00","TRUE","FALSE","FALSE","FALSE","monthly","FALSE","2024-11","2024-12","2024-12-15",\N
"S-b821f4","A-adc1f3","Enterprise","5","995.00","11940.00","FALSE","FALSE","FALSE","FALSE","monthly","TRUE","2024-08","2024-12","2024-12-21",\N
"S-b5d3cc","A-d3c88e","Enterprise","16","3184.00","38208.00","FALSE","FALSE","FALSE","FALSE","monthly","TRUE","2024-10","2024-12","2024-12-29",\N
"S-115510","A-3b37d9","Enterprise","23","0.00","0.00","TRUE","FALSE","FALSE","FALSE","monthly","TRUE","2023-04","2024-05","2024-05-28",\N
"S-244df8","A-94d3da","Basic","41","779.00","9348.00","FALSE","FALSE","FALSE","FALSE","monthly","TRUE","2023-06","2024-10","2024-10-28",\N
"S-688851","A-50f3f7","Basic","51","969.00","11628.00","FALSE","FALSE","FALSE","FALSE","annual","TRUE","2024-01","2024-04","2024-04-05",\N
"S-36aedb","A-2bc93d","Enterprise","14","2786.00","33432.00","FALSE","TRUE","FALSE","FALSE","annual","FALSE","2023-07","2024-09","2024-09-10",\N
"S-642365","A-bd4513","Basic","50","950.00","11400.00","FALSE","FALSE","FALSE","FALSE","annual","TRUE","2024-11","2024-12","2024-12-13",\N
"S-4d47e3","A-7f4db3","Pro","4","196.00","2352.00","FALSE","FALSE","FALSE","TRUE","monthly","TRUE","2023-03","2023-03","2023-03-28","2024-06-17"
"S-69b3ac","A-de58ca","Enterprise","80","0.00","0.00","TRUE","FALSE","FALSE","FALSE","annual","FALSE","2023-04","2023-05","2023-05-07",\N
"S-650c13","A-692f18","Basic","6","114.00","1368.00","FALSE","FALSE","FALSE","FALSE","monthly","TRUE","2024-03","2024-08","2024-08-06",\N
"S-380617","A-b2225d","Basic","47","893.00","10716.00","FALSE","FALSE","FALSE","FALSE","annual","TRUE","2024-04","2024-12","2024-12-10",\N
"S-a1874c","A-9174e0","Pro","37","1813.00","21756.00","FALSE","FALSE","FALSE","FALSE","monthly","TRUE","2024-12","2024-12","2024-12-09",\N
"S-26dbbf","A-432483","Pro","19","931.00","11172.00","FALSE","FALSE","FALSE","FALSE","monthly","TRUE","2023-04","2023-12","2023-12-17",\N
"S-467918","A-396e5f","Pro","34","1666.00","19992.00","FALSE","FALSE","FALSE","FALSE","monthly","FALSE","2024-10","2024-12","2024-12-19",\N
"S-5a4fb5","A-462d45","Pro","13","637.00","7644.00","FALSE","TRUE","FALSE","FALSE","annual","TRUE","2024-01","2024-02","2024-02-13",\N
"S-023f5f","A-b2225d","Basic","47","893.00","10716.00","FALSE","FALSE","FALSE","FALSE","annual","TRUE","2024-04","2024-08","2024-08-18",\N
"S-4793bb","A-0f7d77","Pro","3","147.00","1764.00","FALSE","FALSE","FALSE","FALSE","annual","FALSE","2024-11","2024-12","2024-12-08",\N
"S-0da8be","A-cc8c8f","Basic","23","0.00","0.00","TRUE","FALSE","FALSE","TRUE","monthly","TRUE","2024-06","2024-07","2024-07-16","2024-09-05"
"S-6d6ab6","A-54d94a","Basic","27","513.00","6156.00","FALSE","FALSE","FALSE","FALSE","annual","TRUE","2023-11","2024-12","2024-12-21",\N
"S-c033fa","A-151c9a","Pro","52","2548.00","30576.00","FALSE","FALSE","FALSE","FALSE","monthly","FALSE","2023-05","2024-06","2024-06-26",\N
"S-330989","A-671f31","Pro","59","2891.00","34692.00","FALSE","FALSE","FALSE","FALSE","annual","TRUE","2024-11","2024-11","2024-11-27",\N
"S-2632a2","A-5a3eb9","Basic","18","342.00","4104.00","FALSE","FALSE","TRUE","FALSE","annual","TRUE","2023-09","2024-03","2024-03-15",\N
"S-e195f5","A-956988","Enterprise","12","2388.00","28656.00","FALSE","FALSE","FALSE","FALSE","monthly","TRUE","2024-12","2024-12","2024-12-26",\N
"S-132103","A-a2485e","Pro","9","441.00","5292.00","FALSE","FALSE","FALSE","FALSE","monthly","TRUE","2024-08","2024-08","2024-08-08",\N
"S-53361d","A-1ac5e0","Enterprise","33","0.00","0.00","TRUE","FALSE","FALSE","FALSE","monthly","FALSE","2024-10","2024-12","2024-12-30",\N
"S-0c42bc","A-712426","Pro","9","441.00","5292.00","FALSE","FALSE","FALSE","FALSE","annual","TRUE","2024-11","2024-12","2024-12-16",\N
"S-b2cfac","A-7f8241","Enterprise","34","6766.00","81192.00","FALSE","FALSE","FALSE","FALSE","monthly","FALSE","2023-03","2024-12","2024-12-24",\N
"S-fe2139","A-0f6450","Pro","28","1372.00","16464.00","FALSE","FALSE","FALSE","FALSE","monthly","TRUE","2024-12","2024-12","2024-12-28",\N
"S-0386c2","A-0f6450","Enterprise","28","5572.00","66864.00","FALSE","FALSE","FALSE","FALSE","annual","TRUE","2024-12","2024-12","2024-12-28",\N
"S-3fb8f4","A-118f1c","Enterprise","32","6368.00","76416.00","FALSE","FALSE","FALSE","FALSE","annual","FALSE","2024-10","2024-12","2024-12-28",\N
"S-022a1e","A-c42f1f","Pro","11","539.00","6468.00","FALSE","FALSE","FALSE","FALSE","annual","TRUE","2024-07","2024-07","2024-07-28",\N
"S-a7a7c7","A-2ebb4b","Basic","41","0.00","0.00","TRUE","FALSE","FALSE","FALSE","monthly","TRUE","2023-06","2023-11","2023-11-02",\N
"S-89d586","A-970c97","Pro","29","1421.00","17052.00","FALSE","FALSE","FALSE","FALSE","annual","TRUE","2024-03","2024-11","2024-11-02",\N
"S-fdc127","A-7641d3","Pro","76","0.00","0.00","TRUE","FALSE","FALSE","FALSE","monthly","TRUE","2023-04","2024-03","2024-03-11",\N
"S-5fb9ab","A-7f6b86","Enterprise","45","0.00","0.00","TRUE","FALSE","FALSE","FALSE","annual","FALSE","2023-08","2024-10","2024-10-27",\N
"S-e36ccb","A-30b4ca","Enterprise","86","17114.00","205368.00","FALSE","FALSE","FALSE","FALSE","monthly","TRUE","2024-05","2024-06","2024-06-30",\N
"S-88bc66","A-544d0a","Pro","43","2107.00","25284.00","FALSE","FALSE","FALSE","FALSE","monthly","FALSE","2024-05","2024-05","2024-05-24",\N
"S-6aa72f","A-58b9ff","Enterprise","3","0.00","0.00","TRUE","FALSE","FALSE","FALSE","annual","FALSE","2024-06","2024-07","2024-07-05",\N
"S-029065","A-4c56c9","Basic","11","0.00","0.00","TRUE","FALSE","FALSE","FALSE","annual","TRUE","2024-05","2024-07","2024-07-28",\N
"S-7070de","A-bcbe98","Enterprise","46","9154.00","109848.00","FALSE","FALSE","FALSE","FALSE","annual","TRUE","2024-07","2024-10","2024-10-24",\N
"S-76b06c","A-54d94a","Pro","27","1323.00","15876.00","FALSE","FALSE","FALSE","FALSE","monthly","TRUE","2023-11","2024-08","2024-08-06",\N
"S-a102aa","A-ccc747","Pro","37","1813.00","21756.00","FALSE","TRUE","FALSE","FALSE","monthly","FALSE","2024-05","2024-06","2024-06-24",\N
"S-79c82e","A-40906c","Basic","92","1748.00","20976.00","FALSE","FALSE","FALSE","FALSE","monthly","TRUE","2024-05","2024-09","2024-09-11",\N
"S-af4059","A-acb7f7","Enterprise","32","6368.00","76416.00","FALSE","FALSE","FALSE","FALSE","annual","TRUE","2024-01","2024-01","2024-01-07",\N
"S-22eb3c","A-0a282f","Basic","60","1140.00","13680.00","FALSE","FALSE","FALSE","FALSE","monthly","TRUE","2024-08","2024-12","2024-12-20",\N
"S-4e0220","A-fa2041","Enterprise","15","2985.00","35820.00","FALSE","FALSE","FALSE","FALSE","annual","TRUE","2024-06","2024-10","2024-10-18",\N
"S-0ecec7","A-756192","Enterprise","19","3781.00","45372.00","FALSE","FALSE","FALSE","FALSE","monthly","TRUE","2023-09","2024-07","2024-07-17",\N
"S-1b8454","A-d4e0d4","Enterprise","117","23283.00","279396.00","FALSE","FALSE","FALSE","FALSE","monthly","TRUE","2024-10","2024-10","2024-10-27",\N
"S-ad8055","A-bc87bc","Enterprise","3","597.00","7164.00","FALSE","FALSE","FALSE","FALSE","monthly","TRUE","2024-09","2024-11","2024-11-07",\N
"S-f762a3","A-158f4e","Enterprise","61","12139.00","145668.00","FALSE","FALSE","FALSE","FALSE","annual","TRUE","2023-06","2024-03","2024-03-22",\N
"S-d29575","A-0cc442","Enterprise","45","8955.00","107460.00","FALSE","FALSE","FALSE","FALSE","monthly","TRUE","2024-07","2024-09","2024-09-01",\N
"S-0756ce","A-9badbd","Pro","77","3773.00","45276.00","FALSE","FALSE","FALSE","FALSE","monthly","TRUE","2024-06","2024-10","2024-10-15",\N
"S-f6bb38","A-b2af2e","Basic","11","209.00","2508.00","FALSE","FALSE","FALSE","FALSE","monthly","FALSE","2024-08","2024-08","2024-08-26",\N
"S-5685bf","A-524364","Enterprise","108","0.00","0.00","TRUE","FALSE","FALSE","FALSE","annual","TRUE","2024-12","2024-12","2024-12-31",\N
"S-7c727c","A-adc1f3","Enterprise","8","1592.00","19104.00","FALSE","FALSE","FALSE","FALSE","annual","FALSE","2024-08","2024-08","2024-08-28",\N
"S-1c643d","A-5a92e7","Basic","6","114.00","1368.00","FALSE","FALSE","FALSE","FALSE","monthly","TRUE","2024-06","2024-12","2024-12-11",\N
"S-7c633c","A-dbc825","Basic","19","0.00","0.00","TRUE","FALSE","FALSE","FALSE","annual","TRUE","2024-01","2024-07","2024-07-10",\N
"S-5de583","A-dbc825","Basic","19","361.00","4332.00","FALSE","FALSE","FALSE","FALSE","monthly","TRUE","2024-01","2024-11","2024-11-12",\N
"S-80af53","A-fd7ad3","Enterprise","12","2388.00","28656.00","FALSE","TRUE","FALSE","TRUE","monthly","TRUE","2024-11","2024-12","2024-12-23","2024-12-29"
"S-9210e7","A-dec005","Enterprise","21","4179.00","50148.00","FALSE","FALSE","FALSE","FALSE","annual","TRUE","2023-10","2024-03","2024-03-03",\N
"S-f9bd62","A-66224b","Basic","92","0.00","0.00","TRUE","FALSE","FALSE","FALSE","monthly","TRUE","2024-10","2024-12","2024-12-27",\N
"S-d7c21d","A-8145a0","Basic","15","285.00","3420.00","FALSE","FALSE","FALSE","FALSE","monthly","TRUE","2023-08","2024-12","2024-12-17",\N
"S-0b73bd","A-118d55","Enterprise","16","3184.00","38208.00","FALSE","FALSE","TRUE","FALSE","monthly","FALSE","2024-10","2024-11","2024-11-24",\N
"S-9a8a30","A-4a267b","Enterprise","25","4975.00","59700.00","FALSE","FALSE","FALSE","TRUE","annual","TRUE","2024-05","2024-09","2024-09-15","2024-12-24"
"S-50e9f3","A-adc1f3","Enterprise","6","1194.00","14328.00","FALSE","FALSE","FALSE","FALSE","annual","TRUE","2024-08","2024-08","2024-08-10",\N
"S-f5f01f","A-b179bf","Basic","43","817.00","9804.00","FALSE","FALSE","FALSE","FALSE","annual","TRUE","2024-10","2024-12","2024-12-24",\N
"S-0ec1d3","A-86fc1d","Pro","56","2744.00","32928.00","FALSE","FALSE","FALSE","FALSE","annual","TRUE","2024-08","2024-08","2024-08-08",\N
"S-b784a1","A-59f724","Pro","6","294.00","3528.00","FALSE","FALSE","FALSE","FALSE","monthly","TRUE","2024-01","2024-05","2024-05-29",\N
"S-01ae7f","A-b179bf","Pro","43","0.00","0.00","TRUE","FALSE","FALSE","FALSE","annual","TRUE","2024-10","2024-12","2024-12-25",\N
"S-1fabe5","A-0baac2","Basic","19","361.00","4332.00","FALSE","FALSE","FALSE","FALSE","monthly","TRUE","2024-06","2024-12","2024-12-10",\N
"S-2b8a8b","A-9f2731","Pro","13","637.00","7644.00","FALSE","FALSE","FALSE","FALSE","annual","TRUE","2024-10","2024-11","2024-11-08",\N
"S-c455ec","A-856b1e","Pro","19","931.00","11172.00","FALSE","FALSE","FALSE","FALSE","monthly","TRUE","2023-11","2023-11","2023-11-02",\N
"S-f4d491","A-9779ad","Enterprise","40","7960.00","95520.00","FALSE","FALSE","FALSE","FALSE","monthly","TRUE","2024-04","2024-05","2024-05-09",\N
"S-30bb47","A-c16cf7","Enterprise","13","2587.00","31044.00","FALSE","FALSE","FALSE","FALSE","annual","FALSE","2024-10","2024-11","2024-11-13",\N
"S-9dbe8c","A-d3c88e","Basic","16","0.00","0.00","TRUE","FALSE","FALSE","FALSE","monthly","TRUE","2024-10","2024-10","2024-10-27",\N
"S-679c73","A-271f46","Pro","38","0.00","0.00","TRUE","FALSE","FALSE","FALSE","monthly","TRUE","2023-03","2024-01","2024-01-12",\N
"S-d9f26e","A-b7724f","Basic","29","551.00","6612.00","FALSE","FALSE","FALSE","FALSE","monthly","TRUE","2023-06","2024-12","2024-12-27",\N
"S-e6c842","A-8b0451","Basic","41","779.00","9348.00","FALSE","FALSE","FALSE","FALSE","annual","TRUE","2024-09","2024-11","2024-11-10",\N
"S-b53850","A-cd458b","Basic","29","551.00","6612.00","FALSE","FALSE","FALSE","TRUE","annual","TRUE","2024-07","2024-08","2024-08-18","2024-09-14"
"S-0aba5b","A-180abf","Pro","64","0.00","0.00","TRUE","FALSE","FALSE","FALSE","monthly","TRUE","2023-09","2024-12","2024-12-16",\N
"S-99271f","A-d62e02","Enterprise","27","5373.00","64476.00","FALSE","FALSE","FALSE","FALSE","monthly","FALSE","2024-09","2024-11","2024-11-13",\N
"S-b8a352","A-5f7781","Enterprise","22","4378.00","52536.00","FALSE","FALSE","FALSE","FALSE","annual","TRUE","2024-08","2024-09","2024-09-07",\N
"S-be509c","A-49b828","Enterprise","6","0.00","0.00","TRUE","FALSE","FALSE","FALSE","annual","TRUE","2023-05","2023-08","2023-08-10",\N
"S-07c2c2","A-f1f639","Basic","5","95.00","1140.00","FALSE","FALSE","FALSE","FALSE","monthly","TRUE","2023-07","2023-07","2023-07-03",\N
"S-0e057d","A-cc98bc","Pro","57","2793.00","33516.00","FALSE","FALSE","FALSE","FALSE","annual","TRUE","2023-05","2023-06","2023-06-27",\N
"S-606d6d","A-054577","Enterprise","14","2786.00","33432.00","FALSE","FALSE","FALSE","FALSE","monthly","TRUE","2024-05","2024-12","2024-12-01",\N
"S-2ae21d","A-0f6450","Basic","28","532.00","6384.00","FALSE","FALSE","FALSE","FALSE","annual","TRUE","2024-12","2024-12","2024-12-28",\N
"S-e60f46","A-eb7fac","Enterprise","7","1393.00","16716.00","FALSE","FALSE","FALSE","FALSE","annual","TRUE","2023-12","2024-03","2024-03-30",\N
"S-87e8d3","A-8145a0","Enterprise","4","796.00","9552.00","FALSE","FALSE","FALSE","FALSE","monthly","TRUE","2023-08","2023-08","2023-08-07",\N
"S-b409d1","A-e98302","Pro","18","882.00","10584.00","FALSE","FALSE","FALSE","FALSE","annual","TRUE","2024-01","2024-01","2024-01-21",\N
"S-fb6734","A-bd4513","Enterprise","50","9950.00","119400.00","FALSE","FALSE","FALSE","FALSE","annual","TRUE","2024-11","2024-11","2024-11-12",\N
"S-8a46fe","A-7d514c","Enterprise","17","3383.00","40596.00","FALSE","FALSE","FALSE","FALSE","monthly","TRUE","2024-02","2024-12","2024-12-05",\N
"S-ee3fa2","A-977ca0","Pro","6","294.00","3528.00","FALSE","FALSE","FALSE","FALSE","annual","TRUE","2023-02","2024-03","2024-03-19",\N
"S-8bf576","A-cbbe12","Enterprise","40","7960.00","95520.00","FALSE","FALSE","FALSE","FALSE","monthly","TRUE","2023-07","2024-12","2024-12-16",\N
"S-9fa080","A-c1e51e","Enterprise","29","5771.00","69252.00","FALSE","TRUE","FALSE","FALSE","monthly","TRUE","2024-10","2024-12","2024-12-24",\N
"S-30e0c1","A-977ca0","Pro","35","1715.00","20580.00","FALSE","FALSE","FALSE","FALSE","monthly","TRUE","2023-02","2024-08","2024-08-02",\N
"S-9eb13e","A-4c38bc","Basic","36","684.00","8208.00","FALSE","FALSE","FALSE","FALSE","monthly","TRUE","2024-03","2024-04","2024-04-30",\N
"S-d1b062","A-a6d261","Enterprise","14","2786.00","33432.00","FALSE","FALSE","FALSE","FALSE","monthly","TRUE","2023-12","2024-03","2024-03-07",\N
"S-9ffb31","A-a8d89d","Pro","13","637.00","7644.00","FALSE","FALSE","FALSE","FALSE","annual","TRUE","2023-12","2024-08","2024-08-24",\N
"S-9e2819","A-e43bf7","Enterprise","44","8756.00","105072.00","FALSE","FALSE","FALSE","FALSE","annual","TRUE","2023-05","2024-07","2024-07-28",\N
"S-f9b1d0","A-65a46c","Basic","18","342.00","4104.00","FALSE","FALSE","FALSE","FALSE","monthly","TRUE","2024-03","2024-03","2024-03-07",\N
"S-7f28f3","A-396e5f","Pro","10","490.00","5880.00","FALSE","TRUE","TRUE","FALSE","annual","TRUE","2024-10","2024-10","2024-10-18",\N
"S-c1164e","A-4ef964","Pro","70","3430.00","41160.00","FALSE","FALSE","FALSE","FALSE","monthly","FALSE","2024-04","2024-09","2024-09-06",\N
"S-a9fb74","A-c45b23","Pro","5","0.00","0.00","TRUE","FALSE","FALSE","FALSE","annual","TRUE","2023-12","2024-08","2024-08-04",\N
"S-3e5a20","A-eafc6e","Basic","76","1444.00","17328.00","FALSE","FALSE","FALSE","FALSE","monthly","FALSE","2023-08","2024-07","2024-07-17",\N
"S-78da0b","A-b20d99","Enterprise","20","3980.00","47760.00","FALSE","FALSE","FALSE","FALSE","monthly","TRUE","2024-01","2024-01","2024-01-26",\N
"S-e9bcb2","A-eb2fdc","Basic","43","817.00","9804.00","FALSE","FALSE","FALSE","FALSE","monthly","TRUE","2024-02","2024-05","2024-05-15",\N
"S-4d30ba","A-600734","Basic","29","551.00","6612.00","FALSE","FALSE","FALSE","FALSE","annual","TRUE","2024-01","2024-02","2024-02-25",\N
"S-654529","A-8b25f2","Enterprise","6","0.00","0.00","TRUE","FALSE","FALSE","FALSE","annual","TRUE","2024-02","2024-10","2024-10-17",\N
"S-342708","A-ffc04f","Pro","41","2009.00","24108.00","FALSE","FALSE","FALSE","TRUE","annual","TRUE","2024-06","2024-11","2024-11-30","2024-12-21"
"S-c067fc","A-249769","Basic","5","95.00","1140.00","FALSE","FALSE","FALSE","FALSE","monthly","TRUE","2024-06","2024-07","2024-07-18",\N
"S-e31e0c","A-977ca0","Pro","92","4508.00","54096.00","FALSE","FALSE","FALSE","FALSE","monthly","TRUE","2023-02","2023-04","2023-04-04",\N
"S-cd79c0","A-ccabf0","Enterprise","16","3184.00","38208.00","FALSE","FALSE","FALSE","FALSE","monthly","TRUE","2023-11","2023-11","2023-11-07",\N
"S-b69d76","A-b54c01","Pro","29","1421.00","17052.00","FALSE","FALSE","FALSE","FALSE","monthly","TRUE","2024-10","2024-10","2024-10-28",\N
"S-612bfb","A-180abf","Enterprise","64","12736.00","152832.00","FALSE","TRUE","FALSE","FALSE","annual","TRUE","2023-09","2024-04","2024-04-16",\N
"S-51673a","A-5a92e7","Pro","9","0.00","0.00","TRUE","FALSE","FALSE","FALSE","monthly","TRUE","2024-06","2024-12","2024-12-17",\N
"S-0f9910","A-af0cd2","Basic","19","0.00","0.00","TRUE","FALSE","FALSE","TRUE","monthly","TRUE","2023-01","2023-07","2023-07-10","2024-07-15"
"S-d4a76b","A-a45270","Basic","29","551.00","6612.00","FALSE","TRUE","FALSE","FALSE","monthly","TRUE","2024-07","2024-09","2024-09-23",\N
"S-2abffe","A-a8b49c","Pro","9","441.00","5292.00","FALSE","FALSE","FALSE","FALSE","monthly","FALSE","2023-10","2024-03","2024-03-02",\N
"S-938952","A-df1e44","Pro","12","588.00","7056.00","FALSE","FALSE","FALSE","FALSE","monthly","TRUE","2024-03","2024-12","2024-12-18",\N
"S-4f5eb2","A-781cc0","Basic","12","228.00","2736.00","FALSE","FALSE","FALSE","FALSE","monthly","FALSE","2024-09","2024-09","2024-09-07",\N
"S-7f92bd","A-4f18f0","Basic","24","456.00","5472.00","FALSE","FALSE","TRUE","TRUE","monthly","TRUE","2024-04","2024-06","2024-06-04","2024-08-10"
"S-ad45ea","A-c1e51e","Basic","19","361.00","4332.00","FALSE","FALSE","FALSE","FALSE","monthly","TRUE","2024-10","2024-12","2024-12-11",\N
"S-f78a1a","A-fd7ad3","Basic","3","57.00","684.00","FALSE","FALSE","FALSE","FALSE","annual","TRUE","2024-11","2024-11","2024-11-02",\N
"S-3ad221","A-6f50ae","Basic","19","361.00","4332.00","FALSE","FALSE","FALSE","FALSE","monthly","TRUE","2023-11","2023-11","2023-11-11",\N
"S-8b3331","A-53f4e3","Basic","18","342.00","4104.00","FALSE","FALSE","FALSE","FALSE","annual","TRUE","2024-06","2024-11","2024-11-28",\N
"S-e4ce2c","A-5ed98d","Pro","24","1176.00","14112.00","FALSE","FALSE","FALSE","FALSE","annual","TRUE","2024-06","2024-08","2024-08-14",\N
"S-8b0498","A-180abf","Pro","64","3136.00","37632.00","FALSE","FALSE","FALSE","FALSE","monthly","FALSE","2023-09","2024-02","2024-02-19",\N
"S-2971ae","A-9c18c4","Enterprise","11","2189.00","26268.00","FALSE","TRUE","FALSE","FALSE","monthly","TRUE","2023-08","2024-10","2024-10-13",\N
"S-447189","A-378b99","Basic","68","1292.00","15504.00","FALSE","FALSE","FALSE","FALSE","monthly","TRUE","2024-09","2024-09","2024-09-19",\N
"S-474001","A-adc1f3","Pro","2","98.00","1176.00","FALSE","FALSE","FALSE","FALSE","annual","FALSE","2024-08","2024-12","2024-12-19",\N
"S-4c7591","A-17939a","Pro","28","1372.00","16464.00","FALSE","FALSE","FALSE","FALSE","monthly","TRUE","2024-12","2024-12","2024-12-30",\N
"S-477a57","A-ccabf0","Enterprise","59","11741.00","140892.00","FALSE","FALSE","FALSE","FALSE","monthly","TRUE","2023-11","2023-11","2023-11-29",\N
"S-a60299","A-716841","Pro","45","0.00","0.00","TRUE","FALSE","FALSE","FALSE","monthly","TRUE","2024-05","2024-09","2024-09-20",\N
"S-f8bff8","A-71615e","Basic","15","285.00","3420.00","FALSE","FALSE","FALSE","FALSE","annual","TRUE","2024-06","2024-07","2024-07-20",\N
"S-8f181e","A-5790f4","Enterprise","18","3582.00","42984.00","FALSE","FALSE","FALSE","FALSE","annual","TRUE","2024-12","2024-12","2024-12-24",\N
"S-0ec903","A-039727","Basic","25","475.00","5700.00","FALSE","FALSE","FALSE","FALSE","annual","TRUE","2024-11","2024-12","2024-12-18",\N
"S-591a64","A-c7e58b","Basic","3","57.00","684.00","FALSE","FALSE","FALSE","FALSE","annual","TRUE","2023-08","2023-08","2023-08-30",\N
"S-3af70e","A-3b37d9","Enterprise","23","4577.00","54924.00","FALSE","FALSE","FALSE","FALSE","annual","TRUE","2023-04","2024-11","2024-11-17",\N
"S-d44088","A-0651a4","Pro","16","0.00","0.00","TRUE","FALSE","FALSE","TRUE","annual","TRUE","2024-10","2024-12","2024-12-21","2024-12-23"
"S-fb95f2","A-d4ac0e","Enterprise","25","4975.00","59700.00","FALSE","FALSE","FALSE","FALSE","annual","TRUE","2024-05","2024-10","2024-10-28",\N
"S-d07886","A-0dbdc6","Pro","30","1470.00","17640.00","FALSE","FALSE","FALSE","FALSE","annual","TRUE","2023-06","2024-07","2024-07-02",\N
"S-977d49","A-a865bd","Enterprise","38","7562.00","90744.00","FALSE","FALSE","FALSE","FALSE","monthly","TRUE","2024-01","2024-04","2024-04-11",\N
"S-270e94","A-22f2df","Basic","6","114.00","1368.00","FALSE","TRUE","FALSE","FALSE","annual","TRUE","2024-12","2024-12","2024-12-21",\N
"S-b8ee76","A-7f4db3","Pro","6","294.00","3528.00","FALSE","FALSE","FALSE","FALSE","monthly","TRUE","2023-03","2023-10","2023-10-31",\N
"S-c3472f","A-038089","Pro","36","1764.00","21168.00","FALSE","FALSE","FALSE","FALSE","monthly","TRUE","2024-06","2024-07","2024-07-23",\N
"S-46dfac","A-6dee43","Pro","17","0.00","0.00","TRUE","FALSE","FALSE","FALSE","annual","TRUE","2023-10","2024-10","2024-10-16",\N
"S-eb8b81","A-1f7acb","Basic","64","1216.00","14592.00","FALSE","FALSE","FALSE","FALSE","monthly","TRUE","2023-09","2023-10","2023-10-31",\N
"S-7ea264","A-10b8f2","Enterprise","47","9353.00","112236.00","FALSE","FALSE","FALSE","FALSE","annual","TRUE","2023-02","2024-04","2024-04-10",\N
"S-209456","A-95b24a","Pro","38","1862.00","22344.00","FALSE","FALSE","FALSE","FALSE","annual","TRUE","2023-07","2023-07","2023-07-18",\N
"S-c63e51","A-cab532","Pro","11","539.00","6468.00","FALSE","FALSE","FALSE","FALSE","annual","TRUE","2023-04","2024-07","2024-07-07",\N
"S-40d87e","A-f03140","Pro","28","1372.00","16464.00","FALSE","FALSE","FALSE","FALSE","annual","TRUE","2023-12","2024-05","2024-05-28",\N
"S-2ee7ec","A-c16101","Basic","12","228.00","2736.00","FALSE","FALSE","FALSE","FALSE","monthly","TRUE","2024-09","2024-10","2024-10-24",\N
"S-2c11c6","A-76fa4d","Pro","69","0.00","0.00","TRUE","FALSE","FALSE","TRUE","monthly","TRUE","2024-11","2024-12","2024-12-08","2024-12-28"
"S-d232ad","A-1619f8","Pro","29","0.00","0.00","TRUE","FALSE","FALSE","FALSE","monthly","FALSE","2024-06","2024-06","2024-06-10",\N
"S-3a28cc","A-80eeb6","Basic","33","627.00","7524.00","FALSE","FALSE","FALSE","FALSE","monthly","TRUE","2023-07","2024-02","2024-02-16",\N
"S-775dd1","A-378b99","Pro","19","931.00","11172.00","FALSE","FALSE","FALSE","FALSE","monthly","TRUE","2024-09","2024-09","2024-09-10",\N
"S-4c2f78","A-533452","Pro","51","2499.00","29988.00","FALSE","FALSE","FALSE","FALSE","monthly","TRUE","2024-11","2024-11","2024-11-24",\N
"S-91cd9b","A-cdf020","Pro","45","2205.00","26460.00","FALSE","FALSE","FALSE","TRUE","annual","TRUE","2023-12","2024-01","2024-01-31","2024-07-03"
"S-e0a4c5","A-fabe19","Enterprise","1","0.00","0.00","TRUE","TRUE","FALSE","FALSE","monthly","FALSE","2024-11","2024-12","2024-12-26",\N
"S-76c065","A-716841","Enterprise","45","8955.00","107460.00","FALSE","FALSE","FALSE","FALSE","annual","TRUE","2024-05","2024-11","2024-11-14",\N
"S-3cae3d","A-ce550d","Pro","35","1715.00","20580.00","FALSE","FALSE","FALSE","FALSE","annual","FALSE","2024-10","2024-12","2024-12-04",\N
"S-71c67c","A-0f6450","Pro","28","1372.00","16464.00","FALSE","FALSE","FALSE","FALSE","monthly","TRUE","2024-12","2024-12","2024-12-30",\N
"S-fe6eb1","A-2446e3","Enterprise","27","5373.00","64476.00","FALSE","FALSE","FALSE","FALSE","monthly","TRUE","2024-01","2024-12","2024-12-09",\N
"S-2dc99d","A-cc102e","Basic","22","418.00","5016.00","FALSE","FALSE","FALSE","FALSE","monthly","TRUE","2024-05","2024-11","2024-11-04",\N
"S-cd4dcd","A-cb5333","Pro","33","1617.00","19404.00","FALSE","FALSE","FALSE","FALSE","monthly","TRUE","2024-04","2024-07","2024-07-11",\N
"S-21ebb6","A-0baac2","Enterprise","31","6169.00","74028.00","FALSE","FALSE","FALSE","FALSE","annual","TRUE","2024-06","2024-10","2024-10-27",\N
"S-94c6a5","A-40de06","Pro","28","1372.00","16464.00","FALSE","TRUE","FALSE","FALSE","monthly","TRUE","2023-06","2024-08","2024-08-22",\N
"S-89c7ff","A-2f6a32","Pro","33","1617.00","19404.00","FALSE","FALSE","FALSE","FALSE","annual","TRUE","2024-09","2024-10","2024-10-13",\N
"S-6da42f","A-039727","Pro","25","1225.00","14700.00","FALSE","TRUE","TRUE","FALSE","monthly","TRUE","2024-11","2024-11","2024-11-30",\N
"S-ec242e","A-8e47ca","Enterprise","31","6169.00","74028.00","FALSE","FALSE","FALSE","FALSE","monthly","TRUE","2024-02","2024-04","2024-04-26",\N
"S-7003c5","A-038089","Basic","5","95.00","1140.00","FALSE","FALSE","FALSE","FALSE","annual","TRUE","2024-06","2024-12","2024-12-30",\N
"S-ac6f24","A-fdfc91","Pro","29","0.00","0.00","TRUE","FALSE","FALSE","FALSE","monthly","TRUE","2023-07","2024-05","2024-05-03",\N
"S-52b74f","A-249769","Enterprise","7","1393.00","16716.00","FALSE","FALSE","FALSE","FALSE","annual","TRUE","2024-06","2024-08","2024-08-11",\N
"S-e89b90","A-756192","Pro","38","1862.00","22344.00","FALSE","FALSE","FALSE","FALSE","annual","TRUE","2023-09","2024-12","2024-12-12",\N
"S-70d15d","A-8adedc","Enterprise","57","11343.00","136116.00","FALSE","FALSE","FALSE","TRUE","monthly","TRUE","2024-02","2024-02","2024-02-22","2024-03-09"
"S-0d497d","A-432483","Enterprise","41","8159.00","97908.00","FALSE","FALSE","FALSE","FALSE","annual","TRUE","2023-04","2024-01","2024-01-10",\N
"S-14f672","A-692f18","Pro","12","588.00","7056.00","FALSE","FALSE","FALSE","FALSE","monthly","TRUE","2024-03","2024-07","2024-07-10",\N
"S-7be132","A-cea1f0","Basic","14","266.00","3192.00","FALSE","FALSE","FALSE","FALSE","annual","TRUE","2024-06","2024-10","2024-10-21",\N
"S-0fdcfe","A-4c38bc","Enterprise","36","7164.00","85968.00","FALSE","TRUE","FALSE","FALSE","annual","TRUE","2024-03","2024-08","2024-08-24",\N
"S-600e05","A-600734","Basic","29","551.00","6612.00","FALSE","FALSE","FALSE","FALSE","monthly","FALSE","2024-01","2024-04","2024-04-17",\N
"S-2b0a2d","A-c1dfe1","Basic","26","494.00","5928.00","FALSE","TRUE","FALSE","FALSE","annual","TRUE","2023-10","2024-02","2024-02-04",\N
"S-3a6a71","A-462d45","Basic","61","1159.00","13908.00","FALSE","FALSE","FALSE","FALSE","monthly","FALSE","2024-01","2024-04","2024-04-19",\N
"S-c27df9","A-6f50ae","Pro","19","0.00","0.00","TRUE","FALSE","FALSE","FALSE","monthly","TRUE","2023-11","2024-04","2024-04-05",\N
"S-abddce","A-7d514c","Enterprise","43","8557.00","102684.00","FALSE","FALSE","FALSE","TRUE","monthly","TRUE","2024-02","2024-07","2024-07-01","2024-11-12"
"S-5d0af1","A-977ca0","Pro","17","833.00","9996.00","FALSE","FALSE","FALSE","FALSE","monthly","FALSE","2023-02","2023-04","2023-04-19",\N
"S-a2d132","A-66224b","Pro","111","0.00","0.00","TRUE","FALSE","FALSE","FALSE","annual","TRUE","2024-10","2024-11","2024-11-28",\N
"S-a610f6","A-98a59a","Basic","56","1064.00","12768.00","FALSE","FALSE","FALSE","FALSE","annual","FALSE","2023-09","2023-11","2023-11-25",\N
"S-60890c","A-ff3c73","Pro","21","1029.00","12348.00","FALSE","FALSE","FALSE","FALSE","monthly","FALSE","2023-04","2023-04","2023-04-06",\N
"S-be53ea","A-526d93","Pro","43","2107.00","25284.00","FALSE","FALSE","FALSE","FALSE","annual","TRUE","2024-04","2024-07","2024-07-28",\N
"S-710a78","A-f6b2fb","Enterprise","23","0.00","0.00","TRUE","FALSE","FALSE","FALSE","annual","TRUE","2024-05","2024-10","2024-10-21",\N
"S-9bd0ec","A-fe79a5","Enterprise","9","1791.00","21492.00","FALSE","FALSE","FALSE","FALSE","annual","TRUE","2024-03","2024-12","2024-12-26",\N
"S-f36088","A-8adedc","Enterprise","43","0.00","0.00","TRUE","FALSE","FALSE","FALSE","annual","TRUE","2024-02","2024-05","2024-05-24",\N
"S-a55d16","A-7da956","Basic","13","247.00","2964.00","FALSE","FALSE","FALSE","FALSE","monthly","FALSE","2024-06","2024-07","2024-07-23",\N
"S-7f94c2","A-9bfc9f","Pro","53","0.00","0.00","TRUE","FALSE","FALSE","FALSE","monthly","TRUE","2023-09","2023-10","2023-10-16",\N
"S-bff4f8","A-b07346","Enterprise","51","10149.00","121788.00","FALSE","FALSE","FALSE","FALSE","annual","FALSE","2024-11","2024-11","2024-11-21",\N
"S-07a006","A-40906c","Enterprise","92","18308.00","219696.00","FALSE","FALSE","FALSE","FALSE","monthly","TRUE","2024-05","2024-11","2024-11-18",\N
"S-35a9b6","A-c16cf7","Pro","13","637.00","7644.00","FALSE","FALSE","FALSE","FALSE","annual","FALSE","2024-10","2024-10","2024-10-27",\N
"S-c7190f","A-56962b","Pro","163","7987.00","95844.00","FALSE","TRUE","FALSE","FALSE","monthly","TRUE","2024-05","2024-09","2024-09-08",\N
"S-7dab19","A-de58ca","Basic","47","893.00","10716.00","FALSE","FALSE","FALSE","TRUE","annual","FALSE","2023-04","2023-12","2023-12-24","2024-11-04"
"S-a7ce33","A-e89151","Enterprise","23","4577.00","54924.00","FALSE","TRUE","FALSE","FALSE","monthly","TRUE","2023-11","2024-03","2024-03-28",\N
"S-ddf5ff","A-1f559b","Basic","58","1102.00","13224.00","FALSE","FALSE","FALSE","TRUE","monthly","FALSE","2023-12","2024-06","2024-06-21","2024-09-29"
"S-b262a1","A-180abf","Basic","64","1216.00","14592.00","FALSE","FALSE","FALSE","FALSE","annual","TRUE","2023-09","2024-11","2024-11-09",\N
"S-db37e1","A-4a267b","Enterprise","63","12537.00","150444.00","FALSE","FALSE","FALSE","FALSE","annual","FALSE","2024-05","2024-10","2024-10-12",\N
"S-a67bb7","A-09316c","Enterprise","70","13930.00","167160.00","FALSE","FALSE","FALSE","FALSE","monthly","TRUE","2024-09","2024-09","2024-09-19",\N
"S-2ec763","A-068fc6","Pro","35","1715.00","20580.00","FALSE","FALSE","FALSE","FALSE","monthly","TRUE","2023-10","2024-12","2024-12-03",\N
"S-142456","A-22d9d2","Basic","10","0.00","0.00","TRUE","FALSE","FALSE","TRUE","annual","TRUE","2024-03","2024-04","2024-04-30","2024-09-06"
"S-81d580","A-f03140","Basic","27","513.00","6156.00","FALSE","FALSE","FALSE","FALSE","annual","FALSE","2023-12","2024-07","2024-07-09",\N
"S-47cfb3","A-22f2df","Basic","11","209.00","2508.00","FALSE","FALSE","FALSE","FALSE","annual","TRUE","2024-12","2024-12","2024-12-30",\N
"S-d5bf88","A-462d45","Enterprise","52","10348.00","124176.00","FALSE","FALSE","TRUE","FALSE","annual","TRUE","2024-01","2024-02","2024-02-21",\N
"S-62b93c","A-692f18","Enterprise","6","0.00","0.00","TRUE","FALSE","FALSE","FALSE","annual","TRUE","2024-03","2024-09","2024-09-19",\N
"S-8bac4e","A-558c72","Pro","12","588.00","7056.00","FALSE","FALSE","FALSE","FALSE","monthly","TRUE","2023-06","2023-12","2023-12-17",\N
"S-35cf1c","A-1b9609","Basic","49","931.00","11172.00","FALSE","FALSE","FALSE","FALSE","monthly","TRUE","2023-12","2024-02","2024-02-17",\N
"S-820711","A-71615e","Enterprise","60","11940.00","143280.00","FALSE","FALSE","FALSE","FALSE","annual","FALSE","2024-06","2024-11","2024-11-05",\N
"S-304196","A-bcf664","Basic","6","114.00","1368.00","FALSE","FALSE","FALSE","FALSE","monthly","TRUE","2023-06","2024-09","2024-09-02",\N
"S-39e396","A-443b7c","Basic","8","152.00","1824.00","FALSE","FALSE","FALSE","FALSE","annual","TRUE","2024-09","2024-11","2024-11-29",\N
"S-1e8910","A-9b9fe9","Pro","5","0.00","0.00","TRUE","FALSE","FALSE","FALSE","monthly","TRUE","2023-10","2024-05","2024-05-26",\N
"S-b465a7","A-66224b","Enterprise","92","18308.00","219696.00","FALSE","FALSE","FALSE","FALSE","monthly","TRUE","2024-10","2024-10","2024-10-20",\N
"S-5163bd","A-7988d1","Basic","33","627.00","7524.00","FALSE","FALSE","FALSE","FALSE","annual","TRUE","2024-03","2024-05","2024-05-18",\N
"S-20d02a","A-40a557","Enterprise","16","3184.00","38208.00","FALSE","FALSE","FALSE","TRUE","annual","TRUE","2024-01","2024-01","2024-01-11","2024-01-16"
"S-34b845","A-432483","Pro","8","392.00","4704.00","FALSE","FALSE","FALSE","FALSE","monthly","TRUE","2023-04","2024-05","2024-05-02",\N
"S-12ca50","A-425e76","Enterprise","8","1592.00","19104.00","FALSE","TRUE","FALSE","FALSE","monthly","TRUE","2023-06","2023-06","2023-06-21",\N
"S-6dff9e","A-76fa4d","Enterprise","69","13731.00","164772.00","FALSE","FALSE","FALSE","FALSE","monthly","TRUE","2024-11","2024-11","2024-11-27",\N
"S-a24aa1","A-c608c8","Pro","21","1029.00","12348.00","FALSE","TRUE","FALSE","FALSE","monthly","TRUE","2023-06","2024-03","2024-03-07",\N
"S-a7360b","A-00bed1","Basic","61","1159.00","13908.00","FALSE","TRUE","FALSE","FALSE","annual","TRUE","2023-11","2023-11","2023-11-16",\N
"S-1082f7","A-c7ffc2","Basic","57","1083.00","12996.00","FALSE","FALSE","FALSE","FALSE","annual","TRUE","2023-05","2023-08","2023-08-21",\N
"S-d747bc","A-068fc6","Basic","35","665.00","7980.00","FALSE","TRUE","FALSE","FALSE","monthly","TRUE","2023-10","2024-03","2024-03-17",\N
"S-4d1a78","A-7dacce","Basic","49","0.00","0.00","TRUE","FALSE","FALSE","FALSE","monthly","TRUE","2024-09","2024-11","2024-11-02",\N
"S-a79d1f","A-f45426","Enterprise","9","0.00","0.00","TRUE","FALSE","FALSE","FALSE","monthly","TRUE","2024-08","2024-09","2024-09-23",\N
"S-0bd442","A-ad296b","Enterprise","38","7562.00","90744.00","FALSE","FALSE","FALSE","FALSE","monthly","TRUE","2024-07","2024-08","2024-08-08",\N
"S-71cefe","A-cb5333","Basic","33","627.00","7524.00","FALSE","FALSE","FALSE","FALSE","annual","TRUE","2024-04","2024-06","2024-06-19",\N
"S-a36a36","A-4ef964","Pro","17","833.00","9996.00","FALSE","FALSE","FALSE","FALSE","annual","FALSE","2024-04","2024-05","2024-05-01",\N
"S-9d505c","A-8bde0c","Basic","61","1159.00","13908.00","FALSE","FALSE","FALSE","FALSE","monthly","TRUE","2024-11","2024-12","2024-12-14",\N
"S-e7416c","A-6dee43","Pro","16","784.00","9408.00","FALSE","FALSE","FALSE","FALSE","annual","TRUE","2023-10","2024-05","2024-05-15",\N
"S-a7cab8","A-94d3da","Basic","41","779.00","9348.00","FALSE","FALSE","FALSE","FALSE","monthly","FALSE","2023-06","2023-12","2023-12-26",\N
"S-5ae105","A-296d7c","Basic","19","361.00","4332.00","FALSE","FALSE","FALSE","FALSE","monthly","TRUE","2024-01","2024-04","2024-04-21",\N
"S-ed9451","A-bd4513","Pro","50","2450.00","29400.00","FALSE","FALSE","FALSE","TRUE","annual","TRUE","2024-11","2024-12","2024-12-17","2024-12-17"
"S-bfd04c","A-2e3bad","Basic","61","1159.00","13908.00","FALSE","FALSE","FALSE","FALSE","monthly","FALSE","2023-08","2024-04","2024-04-03",\N
"S-fc2742","A-c9bb3e","Enterprise","11","2189.00","26268.00","FALSE","FALSE","FALSE","FALSE","annual","TRUE","2024-04","2024-08","2024-08-13",\N
"S-8e9e9b","A-4e44e8","Basic","3","57.00","684.00","FALSE","TRUE","FALSE","FALSE","annual","FALSE","2024-08","2024-09","2024-09-06",\N
"S-2f0291","A-ba6516","Enterprise","27","5373.00","64476.00","FALSE","FALSE","FALSE","FALSE","annual","TRUE","2024-01","2024-11","2024-11-24",\N
"S-74a274","A-02fac6","Enterprise","22","4378.00","52536.00","FALSE","FALSE","FALSE","FALSE","monthly","TRUE","2023-10","2024-10","2024-10-06",\N
"S-82848e","A-bece89","Enterprise","26","5174.00","62088.00","FALSE","FALSE","FALSE","FALSE","annual","TRUE","2024-01","2024-01","2024-01-18",\N
"S-6a0399","A-df1e44","Enterprise","12","2388.00","28656.00","FALSE","FALSE","TRUE","TRUE","monthly","TRUE","2024-03","2024-09","2024-09-08","2024-12-15"
"S-29597a","A-0532a9","Enterprise","27","5373.00","64476.00","FALSE","FALSE","FALSE","FALSE","annual","FALSE","2024-09","2024-10","2024-10-17",\N
"S-4c8ab8","A-39ddf4","Pro","40","1960.00","23520.00","FALSE","FALSE","FALSE","FALSE","monthly","TRUE","2024-12","2024-12","2024-12-26",\N
"S-0638dc","A-9779ad","Enterprise","40","7960.00","95520.00","FALSE","FALSE","FALSE","FALSE","annual","TRUE","2024-04","2024-04","2024-04-07",\N
"S-2557d9","A-692f18","Enterprise","10","1990.00","23880.00","FALSE","TRUE","FALSE","FALSE","monthly","TRUE","2024-03","2024-12","2024-12-14",\N
"S-bd1ee1","A-bd4708","Enterprise","37","7363.00","88356.00","FALSE","FALSE","FALSE","FALSE","monthly","TRUE","2024-07","2024-12","2024-12-18",\N
"S-ee3466","A-7d514c","Enterprise","17","0.00","0.00","TRUE","TRUE","FALSE","FALSE","monthly","TRUE","2024-02","2024-02","2024-02-13",\N
"S-477317","A-d5a319","Enterprise","70","13930.00","167160.00","FALSE","TRUE","FALSE","FALSE","annual","TRUE","2023-06","2024-01","2024-01-01",\N
"S-5bb13f","A-089363","Enterprise","15","2985.00","35820.00","FALSE","FALSE","FALSE","FALSE","monthly","FALSE","2023-06","2024-01","2024-01-10",\N
"S-6ee6c9","A-396e5f","Pro","53","2597.00","31164.00","FALSE","FALSE","FALSE","FALSE","annual","TRUE","2024-10","2024-10","2024-10-19",\N
"S-4a2fc6","A-10b8f2","Basic","47","0.00","0.00","TRUE","FALSE","FALSE","FALSE","annual","TRUE","2023-02","2023-08","2023-08-05",\N
"S-e768c6","A-9289f6","Basic","22","418.00","5016.00","FALSE","FALSE","FALSE","FALSE","annual","TRUE","2023-07","2023-07","2023-07-08",\N
"S-5cce27","A-d42431","Basic","22","418.00","5016.00","FALSE","FALSE","FALSE","FALSE","annual","TRUE","2024-06","2024-09","2024-09-01",\N
"S-8707e7","A-17939a","Basic","14","266.00","3192.00","FALSE","FALSE","FALSE","FALSE","annual","TRUE","2024-12","2024-12","2024-12-31",\N
"S-2ff0ab","A-712f1c","Basic","17","323.00","3876.00","FALSE","TRUE","FALSE","FALSE","monthly","TRUE","2024-01","2024-05","2024-05-11",\N
"S-5b58b1","A-87aa7b","Pro","24","1176.00","14112.00","FALSE","FALSE","FALSE","FALSE","annual","TRUE","2024-05","2024-11","2024-11-19",\N
"S-0ba1fe","A-5a184f","Enterprise","46","9154.00","109848.00","FALSE","FALSE","TRUE","FALSE","monthly","TRUE","2023-08","2024-01","2024-01-15",\N
"S-c58d66","A-42b791","Basic","3","57.00","684.00","FALSE","FALSE","FALSE","FALSE","monthly","TRUE","2024-06","2024-11","2024-11-06",\N
"S-2cc962","A-3d957b","Enterprise","14","2786.00","33432.00","FALSE","FALSE","FALSE","FALSE","annual","FALSE","2024-07","2024-10","2024-10-16",\N
"S-235670","A-3a7284","Enterprise","33","6567.00","78804.00","FALSE","FALSE","TRUE","FALSE","monthly","TRUE","2024-11","2024-12","2024-12-15",\N
"S-98126d","A-8145a0","Basic","12","228.00","2736.00","FALSE","FALSE","FALSE","FALSE","monthly","TRUE","2023-08","2024-09","2024-09-09",\N
"S-ebfbbe","A-00cac8","Basic","8","152.00","1824.00","FALSE","FALSE","FALSE","FALSE","monthly","TRUE","2023-09","2024-08","2024-08-04",\N
"S-7a55d9","A-7e0a10","Basic","46","874.00","10488.00","FALSE","FALSE","FALSE","FALSE","monthly","TRUE","2023-11","2024-01","2024-01-03",\N
"S-6ce221","A-65aeb5","Basic","9","171.00","2052.00","FALSE","FALSE","FALSE","TRUE","annual","TRUE","2024-02","2024-10","2024-10-10","2024-12-03"
"S-4cff80","A-f97b9a","Enterprise","16","0.00","0.00","TRUE","FALSE","FALSE","FALSE","monthly","TRUE","2023-09","2023-12","2023-12-24",\N
"S-7e2e5c","A-7df7a7","Basic","7","133.00","1596.00","FALSE","FALSE","FALSE","FALSE","monthly","FALSE","2023-02","2024-04","2024-04-06",\N
"S-af8f54","A-712426","Enterprise","9","1791.00","21492.00","FALSE","FALSE","FALSE","TRUE","monthly","TRUE","2024-11","2024-11","2024-11-28","2024-12-26"
"S-b152d6","A-c16101","Pro","7","343.00","4116.00","FALSE","FALSE","FALSE","FALSE","monthly","TRUE","2024-09","2024-12","2024-12-25",\N
"S-276555","A-d792a6","Pro","36","1764.00","21168.00","FALSE","FALSE","FALSE","FALSE","annual","TRUE","2023-02","2024-01","2024-01-26",\N
"S-fcd20b","A-157070","Pro","16","784.00","9408.00","FALSE","FALSE","FALSE","FALSE","annual","TRUE","2023-12","2024-07","2024-07-07",\N
"S-41bb1b","A-993085","Basic","31","589.00","7068.00","FALSE","FALSE","FALSE","FALSE","annual","TRUE","2023-08","2024-08","2024-08-17",\N
"S-0c63de","A-592832","Pro","18","882.00","10584.00","FALSE","FALSE","FALSE","FALSE","annual","FALSE","2024-09","2024-12","2024-12-31",\N
"S-658f5f","A-716841","Pro","45","2205.00","26460.00","FALSE","FALSE","FALSE","FALSE","monthly","TRUE","2024-05","2024-05","2024-05-27",\N
"S-4994d6","A-5a3eb9","Basic","44","836.00","10032.00","FALSE","FALSE","TRUE","FALSE","annual","TRUE","2023-09","2024-08","2024-08-26",\N
"S-3a897f","A-53f4e3","Pro","93","4557.00","54684.00","FALSE","FALSE","FALSE","FALSE","annual","TRUE","2024-06","2024-10","2024-10-10",\N
"S-afa2a9","A-4f18f0","Enterprise","24","4776.00","57312.00","FALSE","FALSE","FALSE","FALSE","annual","TRUE","2024-04","2024-07","2024-07-26",\N
"S-998ec2","A-f446b6","Basic","5","95.00","1140.00","FALSE","FALSE","FALSE","FALSE","annual","TRUE","2023-05","2024-04","2024-04-17",\N
"S-d19797","A-fd7ad3","Basic","1","19.00","228.00","FALSE","FALSE","FALSE","FALSE","monthly","TRUE","2024-11","2024-11","2024-11-10",\N
"S-40e528","A-a0ca4e","Enterprise","19","0.00","0.00","TRUE","FALSE","FALSE","FALSE","annual","TRUE","2024-03","2024-11","2024-11-19",\N
"S-5c4b5d","A-4bfa33","Pro","8","392.00","4704.00","FALSE","FALSE","FALSE","FALSE","annual","TRUE","2024-12","2024-12","2024-12-19",\N
"S-89c6dc","A-55f257","Pro","24","1176.00","14112.00","FALSE","TRUE","FALSE","FALSE","annual","TRUE","2024-01","2024-06","2024-06-29",\N
"S-4291f7","A-afa505","Enterprise","70","13930.00","167160.00","FALSE","TRUE","FALSE","FALSE","monthly","FALSE","2024-01","2024-11","2024-11-19",\N
"S-151fce","A-f03140","Basic","27","513.00","6156.00","FALSE","FALSE","FALSE","FALSE","annual","FALSE","2023-12","2023-12","2023-12-11",\N
"S-dfaf24","A-970c97","Basic","27","513.00","6156.00","FALSE","FALSE","FALSE","TRUE","annual","FALSE","2024-03","2024-12","2024-12-15","2024-12-21"
"S-1dfa14","A-d3c88e","Enterprise","16","3184.00","38208.00","FALSE","FALSE","FALSE","FALSE","annual","FALSE","2024-10","2024-11","2024-11-19",\N
"S-f9e2ca","A-151c9a","Enterprise","23","4577.00","54924.00","FALSE","FALSE","FALSE","FALSE","annual","TRUE","2023-05","2024-06","2024-06-10",\N
"S-294fb2","A-bb2f49","Enterprise","49","9751.00","117012.00","FALSE","FALSE","FALSE","FALSE","annual","TRUE","2023-06","2023-07","2023-07-26",\N
"S-673c51","A-b7ef83","Enterprise","9","1791.00","21492.00","FALSE","FALSE","FALSE","FALSE","monthly","FALSE","2024-06","2024-09","2024-09-14",\N
"S-c2b60b","A-5a184f","Basic","1","19.00","228.00","FALSE","FALSE","FALSE","FALSE","annual","TRUE","2023-08","2024-10","2024-10-20",\N
"S-2756ac","A-df1e44","Enterprise","39","0.00","0.00","TRUE","FALSE","FALSE","FALSE","monthly","TRUE","2024-03","2024-03","2024-03-08",\N
"S-5e7357","A-9f9299","Pro","32","1568.00","18816.00","FALSE","FALSE","FALSE","FALSE","monthly","TRUE","2023-11","2024-07","2024-07-07",\N
"S-f2be88","A-5c046d","Enterprise","93","18507.00","222084.00","FALSE","FALSE","FALSE","FALSE","monthly","TRUE","2024-07","2024-09","2024-09-07",\N
"S-461334","A-a0ca4e","Basic","11","209.00","2508.00","FALSE","FALSE","FALSE","FALSE","annual","TRUE","2024-03","2024-05","2024-05-06",\N
"S-23dcff","A-aa9511","Enterprise","54","10746.00","128952.00","FALSE","FALSE","FALSE","FALSE","monthly","TRUE","2023-10","2024-10","2024-10-05",\N
"S-ed61a2","A-bb1486","Pro","69","3381.00","40572.00","FALSE","FALSE","FALSE","FALSE","monthly","TRUE","2024-11","2024-11","2024-11-17",\N
"S-28e491","A-337bc1","Pro","30","0.00","0.00","TRUE","FALSE","TRUE","FALSE","annual","TRUE","2023-08","2024-09","2024-09-28",\N
"S-e32bf8","A-3ce5b8","Enterprise","8","1592.00","19104.00","FALSE","FALSE","FALSE","FALSE","annual","TRUE","2023-12","2024-06","2024-06-05",\N
"S-09251c","A-8adedc","Enterprise","16","3184.00","38208.00","FALSE","FALSE","FALSE","TRUE","monthly","TRUE","2024-02","2024-07","2024-07-17","2024-10-30"
"S-9a7851","A-4c38bc","Pro","36","1764.00","21168.00","FALSE","FALSE","FALSE","TRUE","annual","TRUE","2024-03","2024-12","2024-12-27","2024-12-28"
"S-ef398a","A-b44e3e","Enterprise","40","7960.00","95520.00","FALSE","FALSE","FALSE","FALSE","annual","TRUE","2024-02","2024-05","2024-05-29",\N
"S-e3b379","A-1f559b","Basic","13","247.00","2964.00","FALSE","FALSE","TRUE","FALSE","monthly","TRUE","2023-12","2024-02","2024-02-08",\N
"S-dbf124","A-659280","Basic","13","247.00","2964.00","FALSE","FALSE","FALSE","FALSE","monthly","TRUE","2023-11","2024-07","2024-07-25",\N
"S-df3e3d","A-44dc83","Enterprise","13","0.00","0.00","TRUE","FALSE","FALSE","FALSE","annual","TRUE","2024-06","2024-11","2024-11-26",\N
"S-57f1a7","A-2789e3","Enterprise","11","2189.00","26268.00","FALSE","FALSE","FALSE","FALSE","annual","TRUE","2024-09","2024-11","2024-11-06",\N
"S-991f61","A-5247b3","Basic","18","342.00","4104.00","FALSE","FALSE","FALSE","FALSE","monthly","TRUE","2024-03","2024-10","2024-10-18",\N
"S-8fb49f","A-8e47ca","Enterprise","20","3980.00","47760.00","FALSE","FALSE","FALSE","FALSE","monthly","TRUE","2024-02","2024-05","2024-05-20",\N
"S-450fa9","A-186a44","Basic","20","380.00","4560.00","FALSE","FALSE","FALSE","TRUE","monthly","FALSE","2023-08","2024-12","2024-12-17","2024-12-25"
"S-2d04a6","A-fda07f","Basic","8","152.00","1824.00","FALSE","TRUE","FALSE","FALSE","monthly","TRUE","2024-08","2024-10","2024-10-04",\N
"S-7c47af","A-396e5f","Basic","18","342.00","4104.00","FALSE","FALSE","FALSE","FALSE","annual","TRUE","2024-10","2024-10","2024-10-25",\N
"S-fb9972","A-0158bb","Pro","45","2205.00","26460.00","FALSE","TRUE","FALSE","FALSE","annual","TRUE","2024-05","2024-12","2024-12-31",\N
"S-804fb3","A-b7724f","Basic","71","1349.00","16188.00","FALSE","FALSE","FALSE","FALSE","monthly","TRUE","2023-06","2024-12","2024-12-26",\N
"S-1883dc","A-05f0e5","Basic","56","1064.00","12768.00","FALSE","FALSE","FALSE","FALSE","annual","TRUE","2023-06","2024-02","2024-02-28",\N
"S-a8bed8","A-9badbd","Basic","17","323.00","3876.00","FALSE","FALSE","FALSE","FALSE","annual","TRUE","2024-06","2024-08","2024-08-28",\N
"S-049667","A-ac14bb","Basic","28","532.00","6384.00","FALSE","TRUE","FALSE","FALSE","annual","TRUE","2023-09","2024-07","2024-07-03",\N
"S-9a952b","A-bcf664","Basic","5","0.00","0.00","TRUE","FALSE","FALSE","FALSE","monthly","TRUE","2023-06","2023-08","2023-08-30",\N
"S-ac462f","A-313be3","Basic","47","0.00","0.00","TRUE","FALSE","FALSE","FALSE","monthly","TRUE","2023-11","2024-12","2024-12-03",\N
"S-ff582b","A-3b5cd1","Enterprise","13","2587.00","31044.00","FALSE","FALSE","FALSE","FALSE","monthly","TRUE","2023-09","2023-12","2023-12-29",\N
"S-05555d","A-4437e4","Enterprise","16","3184.00","38208.00","FALSE","TRUE","FALSE","FALSE","annual","TRUE","2023-11","2024-07","2024-07-20",\N
"S-9fc9f5","A-970c97","Pro","14","686.00","8232.00","FALSE","FALSE","FALSE","FALSE","annual","FALSE","2024-03","2024-11","2024-11-04",\N
"S-a30f36","A-dcc2f0","Pro","15","735.00","8820.00","FALSE","FALSE","FALSE","FALSE","annual","TRUE","2023-10","2024-10","2024-10-03",\N
"S-5521f5","A-098560","Pro","25","1225.00","14700.00","FALSE","FALSE","FALSE","FALSE","monthly","FALSE","2023-12","2024-04","2024-04-13",\N
"S-9f123c","A-9c18c4","Enterprise","11","0.00","0.00","TRUE","FALSE","FALSE","FALSE","annual","TRUE","2023-08","2024-07","2024-07-30",\N
"S-694aa7","A-779e4e","Basic","98","1862.00","22344.00","FALSE","FALSE","FALSE","FALSE","annual","TRUE","2023-01","2024-09","2024-09-18",\N
"S-b72911","A-7c83a1","Basic","12","228.00","2736.00","FALSE","FALSE","FALSE","FALSE","monthly","FALSE","2024-05","2024-07","2024-07-29",\N
"S-1d5f4e","A-ab438f","Pro","13","637.00","7644.00","FALSE","FALSE","FALSE","TRUE","monthly","FALSE","2024-10","2024-12","2024-12-11","2024-12-15"
"S-dd85c4","A-65c341","Enterprise","31","6169.00","74028.00","FALSE","FALSE","FALSE","TRUE","monthly","TRUE","2024-02","2024-02","2024-02-26","2024-07-18"
"S-cdcf4a","A-22d9d2","Enterprise","16","3184.00","38208.00","FALSE","FALSE","FALSE","FALSE","annual","FALSE","2024-03","2024-11","2024-11-08",\N
"S-c8fedf","A-fd9422","Enterprise","58","11542.00","138504.00","FALSE","FALSE","FALSE","FALSE","monthly","TRUE","2024-05","2024-11","2024-11-01",\N
"S-fa8c75","A-43a9e3","Pro","18","882.00","10584.00","FALSE","FALSE","FALSE","FALSE","monthly","TRUE","2023-09","2024-07","2024-07-08",\N
"S-3abf3f","A-6a7c9d","Basic","27","513.00","6156.00","FALSE","FALSE","FALSE","FALSE","annual","TRUE","2024-11","2024-12","2024-12-09",\N
"S-58c146","A-e3bd71","Basic","41","779.00","9348.00","FALSE","FALSE","FALSE","FALSE","annual","FALSE","2023-04","2024-06","2024-06-21",\N
"S-0e594f","A-af0cd2","Basic","45","0.00","0.00","TRUE","FALSE","FALSE","FALSE","annual","TRUE","2023-01","2024-09","2024-09-21",\N
"S-d3ecc2","A-9123ac","Enterprise","10","1990.00","23880.00","FALSE","FALSE","FALSE","FALSE","monthly","TRUE","2023-10","2024-10","2024-10-19",\N
"S-7252b5","A-5247b3","Pro","16","784.00","9408.00","FALSE","FALSE","FALSE","FALSE","monthly","TRUE","2024-03","2024-09","2024-09-25",\N
"S-da0c62","A-d4ac0e","Enterprise","21","0.00","0.00","TRUE","FALSE","FALSE","FALSE","monthly","TRUE","2024-05","2024-07","2024-07-02",\N
"S-e2a10c","A-118d55","Basic","18","342.00","4104.00","FALSE","TRUE","TRUE","FALSE","annual","TRUE","2024-10","2024-12","2024-12-24",\N
"S-e8a2fa","A-bf7919","Basic","10","0.00","0.00","TRUE","FALSE","FALSE","FALSE","annual","TRUE","2024-12","2024-12","2024-12-26",\N
"S-198dbe","A-18793f","Pro","148","7252.00","87024.00","FALSE","FALSE","FALSE","FALSE","monthly","TRUE","2024-12","2024-12","2024-12-19",\N
"S-4a8ce0","A-5a184f","Basic","6","114.00","1368.00","FALSE","FALSE","FALSE","FALSE","monthly","TRUE","2023-08","2024-01","2024-01-21",\N
"S-be05fd","A-32728c","Enterprise","20","0.00","0.00","TRUE","FALSE","FALSE","FALSE","monthly","TRUE","2023-04","2024-03","2024-03-23",\N
"S-afed2d","A-726cfa","Pro","11","539.00","6468.00","FALSE","FALSE","FALSE","TRUE","annual","TRUE","2023-07","2024-05","2024-05-30","2024-12-12"
"S-22e21a","A-ad296b","Enterprise","38","7562.00","90744.00","FALSE","FALSE","FALSE","FALSE","annual","TRUE","2024-07","2024-09","2024-09-18",\N
"S-a2da20","A-ac9111","Enterprise","32","6368.00","76416.00","FALSE","FALSE","FALSE","FALSE","monthly","TRUE","2023-09","2024-11","2024-11-13",\N
"S-342037","A-bb3bd4","Enterprise","23","4577.00","54924.00","FALSE","TRUE","FALSE","FALSE","annual","TRUE","2024-04","2024-04","2024-04-05",\N
"S-e7c172","A-6a4e2d","Basic","22","418.00","5016.00","FALSE","FALSE","FALSE","FALSE","monthly","TRUE","2023-05","2024-03","2024-03-12",\N
"S-b37b2a","A-78f02b","Pro","11","539.00","6468.00","FALSE","TRUE","FALSE","FALSE","annual","TRUE","2024-11","2024-12","2024-12-08",\N
"S-3c87b4","A-2ebb4b","Pro","41","2009.00","24108.00","FALSE","FALSE","FALSE","FALSE","monthly","TRUE","2023-06","2024-12","2024-12-10",\N
"S-4522a0","A-0aaf6e","Basic","18","0.00","0.00","TRUE","FALSE","FALSE","FALSE","annual","FALSE","2024-06","2024-07","2024-07-16",\N
"S-628884","A-f3ff05","Basic","19","361.00","4332.00","FALSE","FALSE","FALSE","FALSE","annual","TRUE","2024-08","2024-08","2024-08-03",\N
"S-bf893c","A-6965e1","Enterprise","38","7562.00","90744.00","FALSE","FALSE","FALSE","FALSE","monthly","FALSE","2024-12","2024-12","2024-12-07",\N
"S-305a67","A-6da850","Basic","12","228.00","2736.00","FALSE","FALSE","FALSE","FALSE","annual","TRUE","2023-10","2024-04","2024-04-12",\N
"S-58a7c0","A-18793f","Enterprise","148","0.00","0.00","TRUE","FALSE","FALSE","FALSE","monthly","TRUE","2024-12","2024-12","2024-12-24",\N
"S-4d8612","A-f97b9a","Enterprise","16","0.00","0.00","TRUE","FALSE","FALSE","FALSE","monthly","FALSE","2023-09","2023-09","2023-09-10",\N
"S-eadebb","A-87aa7b","Pro","24","1176.00","14112.00","FALSE","FALSE","FALSE","FALSE","annual","TRUE","2024-05","2024-08","2024-08-23",\N
"S-f61f42","A-72799b","Enterprise","20","3980.00","47760.00","FALSE","FALSE","FALSE","FALSE","monthly","TRUE","2023-11","2024-05","2024-05-17",\N
"S-d3f138","A-560d27","Enterprise","23","4577.00","54924.00","FALSE","FALSE","FALSE","TRUE","monthly","FALSE","2024-05","2024-10","2024-10-21","2024-11-18"
"S-0f3df6","A-68f37c","Enterprise","121","24079.00","288948.00","FALSE","FALSE","FALSE","FALSE","annual","TRUE","2023-07","2023-07","2023-07-24",\N
"S-7791c3","A-856b1e","Pro","19","931.00","11172.00","FALSE","FALSE","FALSE","FALSE","monthly","TRUE","2023-11","2024-01","2024-01-13",\N
"S-1bbdb1","A-0651a4","Basic","54","0.00","0.00","TRUE","FALSE","FALSE","FALSE","annual","FALSE","2024-10","2024-12","2024-12-13",\N
"S-cc4bf0","A-a1bbb6","Enterprise","28","5572.00","66864.00","FALSE","FALSE","FALSE","FALSE","annual","FALSE","2023-04","2023-05","2023-05-10",\N
"S-46b63b","A-d5a319","Enterprise","31","6169.00","74028.00","FALSE","FALSE","TRUE","FALSE","monthly","TRUE","2023-06","2024-09","2024-09-29",\N
"S-f020d4","A-50f3f7","Enterprise","31","6169.00","74028.00","FALSE","FALSE","FALSE","FALSE","annual","TRUE","2024-01","2024-12","2024-12-17",\N
"S-63671f","A-df1e44","Pro","12","588.00","7056.00","FALSE","FALSE","FALSE","FALSE","annual","TRUE","2024-03","2024-06","2024-06-12",\N
"S-6c9763","A-f9cc74","Basic","30","570.00","6840.00","FALSE","FALSE","FALSE","FALSE","annual","TRUE","2024-10","2024-11","2024-11-29",\N
"S-e78857","A-432483","Enterprise","10","1990.00","23880.00","FALSE","TRUE","FALSE","TRUE","monthly","TRUE","2023-04","2023-09","2023-09-09","2024-12-30"
"S-5bb58e","A-5a215a","Basic","87","1653.00","19836.00","FALSE","FALSE","FALSE","FALSE","annual","FALSE","2024-01","2024-01","2024-01-31",\N
"S-cd13b5","A-6e7827","Pro","35","1715.00","20580.00","FALSE","FALSE","FALSE","FALSE","monthly","TRUE","2023-06","2024-04","2024-04-30",\N
"S-7554c2","A-d40bf7","Pro","59","0.00","0.00","TRUE","FALSE","FALSE","FALSE","annual","TRUE","2024-11","2024-12","2024-12-13",\N
"S-06c096","A-eb2fdc","Pro","31","1519.00","18228.00","FALSE","FALSE","FALSE","FALSE","annual","TRUE","2024-02","2024-11","2024-11-02",\N
"S-883efd","A-089363","Pro","2","0.00","0.00","TRUE","FALSE","FALSE","FALSE","monthly","TRUE","2023-06","2024-06","2024-06-09",\N
"S-a9762e","A-902ef7","Pro","83","4067.00","48804.00","FALSE","FALSE","FALSE","FALSE","annual","TRUE","2024-09","2024-12","2024-12-05",\N
"S-85c06f","A-bb2f49","Enterprise","8","1592.00","19104.00","FALSE","TRUE","FALSE","FALSE","annual","TRUE","2023-06","2023-12","2023-12-13",\N
"S-cccce3","A-3b5cd1","Pro","13","637.00","7644.00","FALSE","TRUE","FALSE","FALSE","monthly","TRUE","2023-09","2023-11","2023-11-18",\N
"S-d69e2c","A-39ddf4","Pro","40","1960.00","23520.00","FALSE","FALSE","FALSE","FALSE","annual","FALSE","2024-12","2024-12","2024-12-27",\N
"S-16fb78","A-6843f2","Enterprise","21","4179.00","50148.00","FALSE","FALSE","FALSE","FALSE","monthly","TRUE","2024-12","2024-12","2024-12-15",\N
"S-b01b1c","A-76fa4d","Pro","69","3381.00","40572.00","FALSE","FALSE","FALSE","FALSE","monthly","TRUE","2024-11","2024-12","2024-12-24",\N
"S-574b52","A-039727","Enterprise","25","4975.00","59700.00","FALSE","FALSE","FALSE","FALSE","monthly","TRUE","2024-11","2024-11","2024-11-15",\N
"S-de705a","A-f44180","Basic","17","0.00","0.00","TRUE","FALSE","FALSE","FALSE","annual","FALSE","2023-03","2024-12","2024-12-10",\N
"S-0ae114","A-309e54","Basic","71","1349.00","16188.00","FALSE","FALSE","FALSE","FALSE","monthly","TRUE","2024-12","2024-12","2024-12-27",\N
"S-8e701b","A-4437e4","Enterprise","3","597.00","7164.00","FALSE","FALSE","FALSE","FALSE","monthly","FALSE","2023-11","2024-04","2024-04-21",\N
"S-374be8","A-b7ef83","Basic","23","437.00","5244.00","FALSE","FALSE","FALSE","FALSE","annual","FALSE","2024-06","2024-06","2024-06-12",\N
"S-737994","A-712533","Basic","24","456.00","5472.00","FALSE","FALSE","FALSE","FALSE","monthly","TRUE","2023-08","2024-11","2024-11-27",\N
"S-41acf0","A-378b99","Enterprise","16","3184.00","38208.00","FALSE","FALSE","FALSE","FALSE","annual","TRUE","2024-09","2024-11","2024-11-05",\N
"S-faf395","A-a6d261","Basic","9","171.00","2052.00","FALSE","FALSE","FALSE","FALSE","annual","TRUE","2023-12","2024-07","2024-07-08",\N
"S-ab7022","A-7df7a7","Basic","85","0.00","0.00","TRUE","FALSE","FALSE","FALSE","monthly","TRUE","2023-02","2023-03","2023-03-03",\N
"S-76cdf1","A-aa9511","Pro","23","1127.00","13524.00","FALSE","FALSE","FALSE","FALSE","monthly","TRUE","2023-10","2024-06","2024-06-16",\N
"S-cb5020","A-2ebb4b","Enterprise","41","8159.00","97908.00","FALSE","FALSE","FALSE","FALSE","monthly","TRUE","2023-06","2024-06","2024-06-02",\N
"S-b7cbc2","A-940b8b","Enterprise","7","0.00","0.00","TRUE","FALSE","FALSE","FALSE","annual","TRUE","2024-04","2024-11","2024-11-11",\N
"S-6b97b7","A-50f3f7","Enterprise","31","6169.00","74028.00","FALSE","FALSE","FALSE","FALSE","annual","TRUE","2024-01","2024-11","2024-11-09",\N
"S-3c853b","A-22d9d2","Basic","8","152.00","1824.00","FALSE","FALSE","FALSE","FALSE","monthly","TRUE","2024-03","2024-03","2024-03-27",\N
"S-21bd25","A-7f8241","Pro","34","1666.00","19992.00","FALSE","FALSE","FALSE","FALSE","monthly","TRUE","2023-03","2023-07","2023-07-16",\N
"S-a175c2","A-d40bf7","Enterprise","59","0.00","0.00","TRUE","TRUE","FALSE","FALSE","annual","TRUE","2024-11","2024-12","2024-12-15",\N
"S-2f2ba3","A-50f3f7","Enterprise","31","6169.00","74028.00","FALSE","FALSE","FALSE","FALSE","monthly","TRUE","2024-01","2024-12","2024-12-11",\N
"S-f29e7f","A-bbe56f","Basic","22","418.00","5016.00","FALSE","FALSE","FALSE","FALSE","annual","TRUE","2023-08","2024-10","2024-10-15",\N
"S-783131","A-51ec1b","Enterprise","7","1393.00","16716.00","FALSE","FALSE","FALSE","TRUE","annual","TRUE","2024-02","2024-10","2024-10-03","2024-11-27"
"S-c87441","A-b07b56","Basic","25","475.00","5700.00","FALSE","FALSE","FALSE","FALSE","annual","TRUE","2024-11","2024-11","2024-11-16",\N
"S-39a28e","A-08e34e","Enterprise","14","0.00","0.00","TRUE","FALSE","FALSE","FALSE","monthly","TRUE","2024-07","2024-12","2024-12-26",\N
"S-775719","A-34d880","Pro","4","196.00","2352.00","FALSE","FALSE","FALSE","FALSE","annual","FALSE","2024-04","2024-04","2024-04-21",\N
"S-8e3b74","A-08e34e","Enterprise","29","5771.00","69252.00","FALSE","FALSE","FALSE","FALSE","monthly","FALSE","2024-07","2024-11","2024-11-06",\N
"S-7553fb","A-54d94a","Enterprise","52","0.00","0.00","TRUE","FALSE","FALSE","TRUE","monthly","FALSE","2023-11","2023-11","2023-11-29","2024-01-28"
"S-8e5ceb","A-7f4db3","Enterprise","9","0.00","0.00","TRUE","FALSE","FALSE","TRUE","monthly","TRUE","2023-03","2024-11","2024-11-07","2024-11-18"
"S-9c8d9e","A-5f2961","Pro","24","1176.00","14112.00","FALSE","FALSE","FALSE","FALSE","monthly","TRUE","2024-11","2024-12","2024-12-20",\N
"S-c2c321","A-684255","Enterprise","14","0.00","0.00","TRUE","TRUE","FALSE","TRUE","monthly","TRUE","2024-04","2024-06","2024-06-18","2024-08-09"
"S-43af5a","A-f3ff05","Pro","4","196.00","2352.00","FALSE","FALSE","FALSE","FALSE","monthly","TRUE","2024-08","2024-11","2024-11-26",\N
"S-39539d","A-2bc93d","Enterprise","14","2786.00","33432.00","FALSE","FALSE","FALSE","FALSE","annual","TRUE","2023-07","2023-07","2023-07-19",\N
"S-aa0c6b","A-702032","Basic","28","0.00","0.00","TRUE","FALSE","FALSE","TRUE","monthly","FALSE","2024-04","2024-07","2024-07-07","2024-10-23"
"S-a01486","A-52dd88","Basic","23","437.00","5244.00","FALSE","FALSE","FALSE","FALSE","annual","FALSE","2023-03","2023-12","2023-12-25",\N
"S-951053","A-4814a3","Pro","87","4263.00","51156.00","FALSE","TRUE","FALSE","FALSE","monthly","FALSE","2024-09","2024-11","2024-11-24",\N
"S-b5e9e7","A-e7a1e2","Enterprise","12","2388.00","28656.00","FALSE","FALSE","FALSE","FALSE","annual","TRUE","2024-07","2024-10","2024-10-26",\N
"S-246942","A-0b0d6d","Enterprise","45","8955.00","107460.00","FALSE","FALSE","FALSE","FALSE","monthly","TRUE","2024-12","2024-12","2024-12-31",\N
"S-1d7003","A-a33200","Enterprise","29","5771.00","69252.00","FALSE","FALSE","FALSE","FALSE","monthly","TRUE","2024-09","2024-09","2024-09-27",\N
"S-3e24ed","A-e2cd1b","Basic","44","836.00","10032.00","FALSE","FALSE","FALSE","FALSE","monthly","TRUE","2024-02","2024-02","2024-02-22",\N
"S-4bfab2","A-544d0a","Basic","2","38.00","456.00","FALSE","FALSE","FALSE","FALSE","monthly","TRUE","2024-05","2024-12","2024-12-07",\N
"S-003fc0","A-65c341","Basic","11","0.00","0.00","TRUE","FALSE","FALSE","FALSE","annual","TRUE","2024-02","2024-10","2024-10-03",\N
"S-b7f657","A-019782","Enterprise","13","2587.00","31044.00","FALSE","FALSE","FALSE","FALSE","annual","TRUE","2023-06","2023-08","2023-08-28",\N
"S-3d6100","A-854864","Pro","20","980.00","11760.00","FALSE","FALSE","FALSE","FALSE","annual","TRUE","2024-12","2024-12","2024-12-24",\N
"S-5818be","A-692f18","Pro","5","245.00","2940.00","FALSE","FALSE","FALSE","FALSE","annual","TRUE","2024-03","2024-06","2024-06-19",\N
"S-125201","A-7f8241","Enterprise","34","0.00","0.00","TRUE","TRUE","FALSE","FALSE","annual","TRUE","2023-03","2023-11","2023-11-29",\N
"S-987539","A-9c18c4","Enterprise","19","3781.00","45372.00","FALSE","FALSE","FALSE","FALSE","monthly","TRUE","2023-08","2023-12","2023-12-20",\N
"S-127844","A-f446b6","Enterprise","7","1393.00","16716.00","FALSE","FALSE","FALSE","FALSE","monthly","TRUE","2023-05","2024-02","2024-02-11",\N
"S-bc5755","A-ffdfd5","Enterprise","7","1393.00","16716.00","FALSE","FALSE","FALSE","FALSE","monthly","TRUE","2024-04","2024-10","2024-10-20",\N
"S-882f1d","A-249769","Basic","7","133.00","1596.00","FALSE","FALSE","FALSE","FALSE","annual","TRUE","2024-06","2024-11","2024-11-21",\N
"S-0ec442","A-d4e0d4","Pro","117","5733.00","68796.00","FALSE","FALSE","FALSE","FALSE","monthly","TRUE","2024-10","2024-12","2024-12-12",\N
"S-62c824","A-0e966d","Basic","11","209.00","2508.00","FALSE","FALSE","FALSE","TRUE","annual","TRUE","2024-06","2024-11","2024-11-26","2024-11-30"
"S-11dba6","A-9badbd","Basic","41","779.00","9348.00","FALSE","FALSE","FALSE","FALSE","annual","FALSE","2024-06","2024-11","2024-11-02",\N
"S-8fd62c","A-8145a0","Enterprise","2","398.00","4776.00","FALSE","FALSE","FALSE","FALSE","monthly","TRUE","2023-08","2024-03","2024-03-27",\N
"S-05ad41","A-139c3b","Pro","41","2009.00","24108.00","FALSE","FALSE","FALSE","FALSE","monthly","FALSE","2024-11","2024-12","2024-12-12",\N
"S-77ca30","A-82d8a6","Pro","37","1813.00","21756.00","FALSE","TRUE","FALSE","FALSE","monthly","TRUE","2024-12","2024-12","2024-12-12",\N
"S-6450ac","A-b2225d","Basic","47","0.00","0.00","TRUE","FALSE","FALSE","FALSE","annual","TRUE","2024-04","2024-09","2024-09-17",\N
"S-d2863b","A-ac9111","Basic","21","399.00","4788.00","FALSE","FALSE","FALSE","TRUE","annual","TRUE","2023-09","2023-10","2023-10-04","2024-01-01"
"S-fade3d","A-2edab2","Basic","17","323.00","3876.00","FALSE","TRUE","FALSE","FALSE","annual","TRUE","2023-11","2024-07","2024-07-24",\N
"S-2223bf","A-5a215a","Pro","87","4263.00","51156.00","FALSE","FALSE","FALSE","TRUE","monthly","TRUE","2024-01","2024-10","2024-10-23","2024-11-26"
"S-6bbf29","A-a09355","Basic","14","266.00","3192.00","FALSE","FALSE","FALSE","FALSE","annual","TRUE","2024-08","2024-08","2024-08-22",\N
"S-d76f8b","A-e1b9cd","Basic","40","760.00","9120.00","FALSE","FALSE","FALSE","FALSE","annual","TRUE","2023-03","2024-03","2024-03-30",\N
"S-b7d290","A-7920cc","Enterprise","69","13731.00","164772.00","FALSE","FALSE","FALSE","FALSE","annual","TRUE","2023-11","2024-12","2024-12-06",\N
"S-b36569","A-ff3c73","Basic","21","399.00","4788.00","FALSE","TRUE","FALSE","FALSE","annual","TRUE","2023-04","2024-09","2024-09-23",\N
"S-79d1e0","A-ce550d","Enterprise","109","21691.00","260292.00","FALSE","FALSE","FALSE","TRUE","monthly","TRUE","2024-10","2024-12","2024-12-31","2024-12-31"
"S-089fa7","A-9174e0","Enterprise","37","7363.00","88356.00","FALSE","FALSE","FALSE","FALSE","annual","TRUE","2024-12","2024-12","2024-12-16",\N
"S-de059a","A-35083d","Enterprise","19","3781.00","45372.00","FALSE","FALSE","FALSE","FALSE","monthly","TRUE","2023-06","2024-05","2024-05-11",\N
"S-eccbe0","A-e3bd71","Pro","31","1519.00","18228.00","FALSE","FALSE","FALSE","FALSE","annual","FALSE","2023-04","2024-12","2024-12-07",\N
"S-9a4589","A-3a7284","Pro","31","1519.00","18228.00","FALSE","FALSE","FALSE","FALSE","annual","TRUE","2024-11","2024-12","2024-12-15",\N
"S-e83351","A-bd4708","Pro","69","3381.00","40572.00","FALSE","TRUE","FALSE","FALSE","annual","TRUE","2024-07","2024-10","2024-10-02",\N
"S-6e8126","A-560d27","Basic","23","437.00","5244.00","FALSE","FALSE","FALSE","FALSE","annual","FALSE","2024-05","2024-11","2024-11-04",\N
"S-134439","A-cbd1a3","Pro","6","294.00","3528.00","FALSE","FALSE","FALSE","FALSE","annual","FALSE","2024-11","2024-11","2024-11-30",\N
"S-8bab7f","A-72799b","Basic","20","380.00","4560.00","FALSE","FALSE","TRUE","TRUE","monthly","TRUE","2023-11","2024-04","2024-04-21","2024-09-30"
"S-dd3b36","A-1b7577","Basic","4","76.00","912.00","FALSE","FALSE","FALSE","TRUE","monthly","TRUE","2024-10","2024-11","2024-11-26","2024-12-06"
"S-085f96","A-2bc93d","Enterprise","40","7960.00","95520.00","FALSE","TRUE","FALSE","FALSE","annual","TRUE","2023-07","2023-12","2023-12-31",\N
"S-6895d0","A-5a92e7","Pro","29","1421.00","17052.00","FALSE","FALSE","FALSE","FALSE","monthly","FALSE","2024-06","2024-06","2024-06-13",\N
"S-670476","A-8b0451","Enterprise","41","8159.00","97908.00","FALSE","FALSE","FALSE","TRUE","monthly","TRUE","2024-09","2024-11","2024-11-18","2024-12-31"
"S-2d807a","A-34d880","Enterprise","53","10547.00","126564.00","FALSE","FALSE","FALSE","FALSE","monthly","TRUE","2024-04","2024-04","2024-04-18",\N
"S-2245c0","A-6f50ae","Enterprise","19","3781.00","45372.00","FALSE","FALSE","FALSE","FALSE","monthly","TRUE","2023-11","2024-11","2024-11-19",\N
"S-0a5cd7","A-ffdfd5","Enterprise","30","5970.00","71640.00","FALSE","FALSE","FALSE","FALSE","annual","TRUE","2024-04","2024-11","2024-11-16",\N
"S-f93185","A-7df7a7","Enterprise","10","1990.00","23880.00","FALSE","FALSE","FALSE","FALSE","monthly","FALSE","2023-02","2024-12","2024-12-05",\N
"S-3c072b","A-ced9aa","Basic","3","57.00","684.00","FALSE","FALSE","FALSE","FALSE","monthly","TRUE","2024-10","2024-12","2024-12-01",\N
"S-7c81dd","A-104f1a","Pro","40","1960.00","23520.00","FALSE","FALSE","FALSE","FALSE","monthly","TRUE","2024-09","2024-09","2024-09-05",\N
"S-a7a9c3","A-fd9422","Basic","58","1102.00","13224.00","FALSE","FALSE","FALSE","FALSE","annual","TRUE","2024-05","2024-10","2024-10-01",\N
"S-8856af","A-c70870","Basic","31","0.00","0.00","TRUE","FALSE","FALSE","FALSE","annual","TRUE","2024-11","2024-12","2024-12-09",\N
"S-0a8acf","A-55f257","Pro","13","637.00","7644.00","FALSE","TRUE","FALSE","FALSE","monthly","TRUE","2024-01","2024-02","2024-02-16",\N
"S-dbad62","A-58b9ff","Basic","12","228.00","2736.00","FALSE","FALSE","FALSE","FALSE","annual","FALSE","2024-06","2024-10","2024-10-16",\N
"S-7134c2","A-544d0a","Pro","29","1421.00","17052.00","FALSE","FALSE","FALSE","FALSE","annual","FALSE","2024-05","2024-09","2024-09-02",\N
"S-18f80d","A-484819","Enterprise","18","3582.00","42984.00","FALSE","FALSE","FALSE","FALSE","annual","TRUE","2023-02","2023-02","2023-02-23",\N
"S-92d873","A-e83938","Enterprise","13","0.00","0.00","TRUE","FALSE","FALSE","FALSE","monthly","TRUE","2024-02","2024-04","2024-04-25",\N
"S-37bdb4","A-6dee43","Enterprise","80","15920.00","191040.00","FALSE","TRUE","FALSE","FALSE","annual","FALSE","2023-10","2024-04","2024-04-05",\N
"S-c226ae","A-b20d99","Basic","34","646.00","7752.00","FALSE","FALSE","FALSE","FALSE","annual","FALSE","2024-01","2024-03","2024-03-27",\N
"S-16b6dc","A-794a0b","Pro","23","1127.00","13524.00","FALSE","FALSE","FALSE","FALSE","monthly","TRUE","2023-08","2024-04","2024-04-02",\N
"S-3b98b1","A-0a282f","Enterprise","29","5771.00","69252.00","FALSE","FALSE","FALSE","FALSE","monthly","TRUE","2024-08","2024-10","2024-10-10",\N
"S-234115","A-bd4513","Basic","50","950.00","11400.00","FALSE","FALSE","FALSE","FALSE","monthly","FALSE","2024-11","2024-11","2024-11-28",\N
"S-862572","A-6e08f3","Basic","8","152.00","1824.00","FALSE","FALSE","FALSE","FALSE","monthly","TRUE","2023-07","2024-07","2024-07-14",\N
"S-aad754","A-902ef7","Basic","83","1577.00","18924.00","FALSE","FALSE","FALSE","FALSE","annual","TRUE","2024-09","2024-11","2024-11-07",\N
"S-59fe1d","A-9badbd","Basic","21","0.00","0.00","TRUE","FALSE","FALSE","FALSE","monthly","TRUE","2024-06","2024-10","2024-10-21",\N
"S-3a3d0f","A-751c58","Basic","18","342.00","4104.00","FALSE","FALSE","FALSE","FALSE","annual","TRUE","2024-07","2024-09","2024-09-20",\N
"S-575bef","A-68f37c","Pro","15","735.00","8820.00","FALSE","FALSE","FALSE","FALSE","annual","TRUE","2023-07","2024-08","2024-08-01",\N
"S-74761f","A-9123ac","Enterprise","42","8358.00","100296.00","FALSE","FALSE","FALSE","FALSE","annual","TRUE","2023-10","2023-12","2023-12-23",\N
"S-79123c","A-4c38bc","Enterprise","36","7164.00","85968.00","FALSE","FALSE","FALSE","FALSE","annual","TRUE","2024-03","2024-10","2024-10-19",\N
"S-600ea7","A-726cfa","Pro","11","539.00","6468.00","FALSE","FALSE","FALSE","FALSE","annual","TRUE","2023-07","2023-11","2023-11-21",\N
"S-fc7e8e","A-0a282f","Enterprise","2","398.00","4776.00","FALSE","FALSE","FALSE","FALSE","monthly","TRUE","2024-08","2024-10","2024-10-11",\N
"S-b2f038","A-1b707d","Pro","13","637.00","7644.00","FALSE","FALSE","FALSE","FALSE","monthly","TRUE","2023-11","2024-01","2024-01-24",\N
"S-1170cb","A-84ebe4","Pro","18","882.00","10584.00","FALSE","FALSE","FALSE","FALSE","annual","TRUE","2023-05","2024-04","2024-04-19",\N
"S-ba69a4","A-0158bb","Basic","25","0.00","0.00","TRUE","FALSE","FALSE","FALSE","monthly","TRUE","2024-05","2024-05","2024-05-30",\N
"S-56122a","A-ac85cd","Enterprise","61","12139.00","145668.00","FALSE","FALSE","FALSE","FALSE","annual","TRUE","2024-08","2024-11","2024-11-30",\N
"S-29a901","A-378b99","Pro","8","392.00","4704.00","FALSE","FALSE","FALSE","FALSE","annual","TRUE","2024-09","2024-10","2024-10-24",\N
"S-c6c2f6","A-4e0e85","Enterprise","104","0.00","0.00","TRUE","FALSE","FALSE","FALSE","monthly","TRUE","2024-02","2024-08","2024-08-22",\N
"S-13b606","A-5b1bcd","Pro","73","3577.00","42924.00","FALSE","TRUE","FALSE","FALSE","annual","TRUE","2023-09","2024-10","2024-10-04",\N
"S-1dceca","A-f92792","Basic","15","285.00","3420.00","FALSE","FALSE","FALSE","FALSE","monthly","FALSE","2024-07","2024-08","2024-08-01",\N
"S-c14f97","A-7e0a10","Pro","46","2254.00","27048.00","FALSE","TRUE","FALSE","FALSE","monthly","TRUE","2023-11","2024-02","2024-02-05",\N
"S-8a7e47","A-c7ffc2","Basic","49","931.00","11172.00","FALSE","FALSE","FALSE","FALSE","monthly","FALSE","2023-05","2024-12","2024-12-27",\N
"S-feba2a","A-e3bd71","Pro","69","0.00","0.00","TRUE","FALSE","FALSE","FALSE","monthly","TRUE","2023-04","2024-03","2024-03-09",\N
"S-02d46a","A-8ed5dd","Pro","5","245.00","2940.00","FALSE","FALSE","FALSE","FALSE","annual","TRUE","2023-08","2024-11","2024-11-01",\N
"S-b5165e","A-bcf664","Pro","32","1568.00","18816.00","FALSE","FALSE","FALSE","FALSE","monthly","TRUE","2023-06","2023-08","2023-08-11",\N
"S-bb47b9","A-e4144b","Enterprise","41","8159.00","97908.00","FALSE","FALSE","FALSE","FALSE","monthly","TRUE","2024-11","2024-11","2024-11-10",\N
"S-4920e0","A-52dd88","Basic","23","437.00","5244.00","FALSE","FALSE","FALSE","FALSE","annual","TRUE","2023-03","2023-12","2023-12-05",\N
"S-3781d0","A-5a215a","Enterprise","87","17313.00","207756.00","FALSE","FALSE","FALSE","TRUE","annual","TRUE","2024-01","2024-05","2024-05-10","2024-12-06"
"S-fec1cd","A-186a44","Enterprise","20","3980.00","47760.00","FALSE","TRUE","FALSE","FALSE","monthly","FALSE","2023-08","2024-12","2024-12-04",\N
"S-75cba6","A-5a215a","Enterprise","87","17313.00","207756.00","FALSE","FALSE","FALSE","FALSE","monthly","TRUE","2024-01","2024-09","2024-09-18",\N
"S-f5ce8e","A-8b25f2","Enterprise","13","2587.00","31044.00","FALSE","FALSE","FALSE","FALSE","monthly","TRUE","2024-02","2024-12","2024-12-15",\N
"S-444c6a","A-95b24a","Basic","38","722.00","8664.00","FALSE","FALSE","FALSE","FALSE","annual","FALSE","2023-07","2023-10","2023-10-07",\N
"S-1a2f35","A-832ec2","Basic","12","228.00","2736.00","FALSE","FALSE","FALSE","FALSE","monthly","FALSE","2024-01","2024-04","2024-04-07",\N
"S-9d8525","A-cab532","Enterprise","11","2189.00","26268.00","FALSE","FALSE","FALSE","FALSE","monthly","FALSE","2023-04","2023-04","2023-04-21",\N
"S-9b8421","A-6a4e2d","Pro","56","0.00","0.00","TRUE","FALSE","FALSE","TRUE","annual","FALSE","2023-05","2023-05","2023-05-29","2024-07-19"
"S-704cf3","A-5a215a","Basic","87","1653.00","19836.00","FALSE","FALSE","FALSE","FALSE","monthly","TRUE","2024-01","2024-11","2024-11-24",\N
"S-d31de5","A-f45426","Pro","17","833.00","9996.00","FALSE","FALSE","TRUE","FALSE","monthly","TRUE","2024-08","2024-11","2024-11-22",\N
"S-383fc5","A-474ad4","Enterprise","8","0.00","0.00","TRUE","FALSE","FALSE","FALSE","monthly","TRUE","2023-12","2024-07","2024-07-03",\N
"S-ce0d60","A-712426","Pro","14","686.00","8232.00","FALSE","FALSE","FALSE","FALSE","annual","TRUE","2024-11","2024-11","2024-11-17",\N
"S-5e8d9f","A-df10db","Enterprise","33","6567.00","78804.00","FALSE","FALSE","FALSE","FALSE","annual","TRUE","2023-08","2024-05","2024-05-30",\N
"S-5bbfe3","A-1ac5e0","Basic","33","627.00","7524.00","FALSE","FALSE","FALSE","FALSE","monthly","TRUE","2024-10","2024-11","2024-11-29",\N
"S-c935b8","A-684255","Basic","32","608.00","7296.00","FALSE","FALSE","FALSE","FALSE","annual","TRUE","2024-04","2024-04","2024-04-14",\N
"S-e4b79e","A-2e3bad","Pro","61","2989.00","35868.00","FALSE","FALSE","FALSE","FALSE","annual","FALSE","2023-08","2024-01","2024-01-06",\N
"S-76767f","A-068fc6","Pro","35","1715.00","20580.00","FALSE","FALSE","FALSE","FALSE","monthly","TRUE","2023-10","2023-10","2023-10-28",\N
"S-e07b30","A-029f69","Pro","3","147.00","1764.00","FALSE","TRUE","FALSE","FALSE","annual","TRUE","2024-05","2024-11","2024-11-13",\N
"S-da78bb","A-712426","Basic","9","171.00","2052.00","FALSE","FALSE","FALSE","FALSE","monthly","TRUE","2024-11","2024-11","2024-11-17",\N
"S-1862f2","A-098560","Basic","29","551.00","6612.00","FALSE","FALSE","FALSE","TRUE","annual","TRUE","2023-12","2024-07","2024-07-29","2024-10-21"
"S-f9cb2b","A-6965e1","Enterprise","34","6766.00","81192.00","FALSE","FALSE","FALSE","FALSE","annual","FALSE","2024-12","2024-12","2024-12-18",\N
"S-02a3aa","A-e2cd1b","Basic","15","0.00","0.00","TRUE","FALSE","FALSE","FALSE","annual","TRUE","2024-02","2024-06","2024-06-24",\N
"S-ce61e0","A-f3ff05","Basic","2","38.00","456.00","FALSE","TRUE","FALSE","TRUE","monthly","TRUE","2024-08","2024-08","2024-08-02","2024-09-01"
"S-e98bfd","A-8adedc","Basic","4","76.00","912.00","FALSE","FALSE","FALSE","FALSE","annual","TRUE","2024-02","2024-05","2024-05-18",\N
"S-1b524a","A-4a4c2d","Basic","54","1026.00","12312.00","FALSE","FALSE","TRUE","FALSE","annual","TRUE","2023-07","2023-08","2023-08-11",\N
"S-bc2633","A-ba6516","Pro","27","1323.00","15876.00","FALSE","FALSE","FALSE","FALSE","monthly","TRUE","2024-01","2024-11","2024-11-03",\N
"S-1d69ca","A-cea1f0","Basic","30","570.00","6840.00","FALSE","FALSE","FALSE","FALSE","monthly","FALSE","2024-06","2024-06","2024-06-24",\N
"S-dcf449","A-adc1f3","Enterprise","50","9950.00","119400.00","FALSE","FALSE","FALSE","FALSE","annual","TRUE","2024-08","2024-11","2024-11-20",\N
"S-67965d","A-bc87bc","Pro","3","147.00","1764.00","FALSE","FALSE","FALSE","FALSE","annual","TRUE","2024-09","2024-12","2024-12-07",\N
"S-c86cb0","A-4ae22a","Enterprise","6","1194.00","14328.00","FALSE","FALSE","FALSE","FALSE","monthly","TRUE","2024-05","2024-10","2024-10-17",\N
"S-9c4090","A-6f50ae","Basic","19","361.00","4332.00","FALSE","FALSE","FALSE","FALSE","annual","FALSE","2023-11","2024-05","2024-05-01",\N
"S-162441","A-249769","Enterprise","4","796.00","9552.00","FALSE","FALSE","FALSE","FALSE","monthly","TRUE","2024-06","2024-09","2024-09-06",\N
"S-a63da6","A-157070","Pro","30","1470.00","17640.00","FALSE","FALSE","FALSE","FALSE","monthly","FALSE","2023-12","2024-09","2024-09-10",\N
"S-4b5470","A-b78bf8","Enterprise","33","6567.00","78804.00","FALSE","FALSE","FALSE","FALSE","monthly","TRUE","2024-11","2024-11","2024-11-17",\N
"S-fd2307","A-bbe56f","Enterprise","21","4179.00","50148.00","FALSE","FALSE","FALSE","FALSE","annual","TRUE","2023-08","2023-08","2023-08-29",\N
"S-78f738","A-c70870","Enterprise","170","33830.00","405960.00","FALSE","FALSE","TRUE","FALSE","monthly","TRUE","2024-11","2024-12","2024-12-29",\N
"S-81d174","A-271f46","Enterprise","38","7562.00","90744.00","FALSE","FALSE","FALSE","FALSE","annual","TRUE","2023-03","2024-05","2024-05-02",\N
"S-cfd4a3","A-8bde0c","Pro","93","4557.00","54684.00","FALSE","FALSE","FALSE","FALSE","annual","TRUE","2024-11","2024-12","2024-12-23",\N
"S-86673a","A-ced9aa","Basic","22","418.00","5016.00","FALSE","FALSE","FALSE","FALSE","monthly","TRUE","2024-10","2024-11","2024-11-08",\N
"S-df262a","A-43a9e3","Enterprise","28","5572.00","66864.00","FALSE","TRUE","FALSE","FALSE","monthly","TRUE","2023-09","2023-11","2023-11-06",\N
"S-58d2c8","A-a6d261","Basic","13","247.00","2964.00","FALSE","TRUE","FALSE","FALSE","annual","TRUE","2023-12","2024-11","2024-11-19",\N
"S-02949d","A-bd4708","Pro","37","1813.00","21756.00","FALSE","FALSE","FALSE","FALSE","annual","TRUE","2024-07","2024-12","2024-12-02",\N
"S-d5c6cc","A-34ea2f","Pro","83","4067.00","48804.00","FALSE","FALSE","FALSE","FALSE","annual","TRUE","2024-09","2024-10","2024-10-10",\N
"S-35c7c8","A-f51f16","Basic","4","76.00","912.00","FALSE","FALSE","FALSE","FALSE","monthly","TRUE","2024-02","2024-02","2024-02-23",\N
"S-f9ec8f","A-30b4ca","Basic","86","1634.00","19608.00","FALSE","FALSE","FALSE","FALSE","annual","TRUE","2024-05","2024-10","2024-10-03",\N
"S-5da1b8","A-684255","Pro","20","980.00","11760.00","FALSE","FALSE","FALSE","TRUE","annual","FALSE","2024-04","2024-06","2024-06-28","2024-08-01"
"S-0e9f1e","A-7c83a1","Basic","12","228.00","2736.00","FALSE","FALSE","FALSE","FALSE","monthly","TRUE","2024-05","2024-11","2024-11-24",\N
"S-8d516f","A-d535f6","Enterprise","12","2388.00","28656.00","FALSE","FALSE","FALSE","FALSE","monthly","TRUE","2024-09","2024-09","2024-09-29",\N
"S-34a131","A-2e4581","Enterprise","9","1791.00","21492.00","FALSE","FALSE","FALSE","FALSE","annual","FALSE","2024-10","2024-11","2024-11-29",\N
"S-ee4c5c","A-5b1bcd","Enterprise","73","14527.00","174324.00","FALSE","FALSE","FALSE","FALSE","annual","TRUE","2023-09","2023-10","2023-10-28",\N
"S-9781fe","A-40de06","Pro","28","1372.00","16464.00","FALSE","FALSE","FALSE","TRUE","annual","TRUE","2023-06","2023-09","2023-09-21","2024-12-23"
"S-527d18","A-5b1bcd","Enterprise","73","14527.00","174324.00","FALSE","FALSE","FALSE","FALSE","monthly","TRUE","2023-09","2023-10","2023-10-15",\N
"S-060019","A-d535f6","Basic","19","0.00","0.00","TRUE","FALSE","TRUE","FALSE","annual","TRUE","2024-09","2024-10","2024-10-18",\N
"S-bc2ca5","A-7988d1","Basic","33","627.00","7524.00","FALSE","FALSE","FALSE","FALSE","monthly","TRUE","2024-03","2024-04","2024-04-29",\N
"S-abdeb7","A-40de06","Enterprise","28","0.00","0.00","TRUE","FALSE","FALSE","FALSE","annual","TRUE","2023-06","2024-06","2024-06-02",\N
"S-d55d8a","A-dec005","Enterprise","21","4179.00","50148.00","FALSE","FALSE","FALSE","FALSE","monthly","TRUE","2023-10","2024-08","2024-08-28",\N
"S-99aaa4","A-f6b2fb","Basic","23","437.00","5244.00","FALSE","TRUE","FALSE","FALSE","annual","TRUE","2024-05","2024-08","2024-08-14",\N
"S-cb117a","A-671f31","Enterprise","59","11741.00","140892.00","FALSE","FALSE","FALSE","FALSE","annual","TRUE","2024-11","2024-12","2024-12-07",\N
"S-e5fdf9","A-9208f0","Basic","17","0.00","0.00","TRUE","FALSE","FALSE","FALSE","annual","TRUE","2023-05","2024-08","2024-08-09",\N
"S-455183","A-22d9d2","Pro","8","392.00","4704.00","FALSE","FALSE","FALSE","FALSE","monthly","TRUE","2024-03","2024-06","2024-06-05",\N
"S-57bdc2","A-c70870","Pro","31","0.00","0.00","TRUE","FALSE","FALSE","FALSE","monthly","TRUE","2024-11","2024-11","2024-11-14",\N
"S-96b8d5","A-659280","Basic","20","380.00","4560.00","FALSE","FALSE","FALSE","FALSE","annual","FALSE","2023-11","2024-02","2024-02-15",\N
"S-bc7cab","A-cc8c8f","Basic","48","0.00","0.00","TRUE","FALSE","TRUE","FALSE","annual","TRUE","2024-06","2024-12","2024-12-19",\N
"S-751802","A-592832","Basic","18","342.00","4104.00","FALSE","FALSE","FALSE","FALSE","monthly","TRUE","2024-09","2024-11","2024-11-03",\N
"S-2e2d6c","A-f6b2fb","Enterprise","24","4776.00","57312.00","FALSE","FALSE","FALSE","FALSE","monthly","TRUE","2024-05","2024-08","2024-08-01",\N
"S-90a2c8","A-44dc83","Basic","24","456.00","5472.00","FALSE","FALSE","FALSE","FALSE","annual","TRUE","2024-06","2024-06","2024-06-17",\N
"S-08fc73","A-7df7a7","Enterprise","7","1393.00","16716.00","FALSE","FALSE","FALSE","FALSE","annual","TRUE","2023-02","2024-05","2024-05-07",\N
"S-89e27e","A-94f8c9","Basic","13","247.00","2964.00","FALSE","FALSE","TRUE","FALSE","monthly","TRUE","2024-04","2024-12","2024-12-23",\N
"S-e4df5d","A-65c341","Pro","17","833.00","9996.00","FALSE","FALSE","FALSE","FALSE","annual","TRUE","2024-02","2024-02","2024-02-15",\N
"S-73d0eb","A-592832","Basic","60","1140.00","13680.00","FALSE","FALSE","FALSE","FALSE","monthly","TRUE","2024-09","2024-10","2024-10-09",\N
"S-cb38be","A-f92792","Basic","2","38.00","456.00","FALSE","FALSE","TRUE","FALSE","annual","TRUE","2024-07","2024-09","2024-09-05",\N
"S-415065","A-9174e0","Enterprise","37","7363.00","88356.00","FALSE","FALSE","FALSE","FALSE","monthly","TRUE","2024-12","2024-12","2024-12-24",\N
"S-0e1d53","A-016043","Basic","6","114.00","1368.00","FALSE","FALSE","FALSE","FALSE","annual","FALSE","2024-08","2024-08","2024-08-02",\N
"S-20a297","A-34ea2f","Basic","8","152.00","1824.00","FALSE","FALSE","FALSE","FALSE","monthly","TRUE","2024-09","2024-09","2024-09-05",\N
"S-bf424e","A-8b0451","Enterprise","41","8159.00","97908.00","FALSE","FALSE","FALSE","FALSE","annual","TRUE","2024-09","2024-12","2024-12-22",\N
"S-0b80b4","A-659280","Pro","47","2303.00","27636.00","FALSE","TRUE","FALSE","FALSE","annual","TRUE","2023-11","2024-02","2024-02-08",\N
"S-c5cfb0","A-8b0451","Basic","41","0.00","0.00","TRUE","FALSE","FALSE","FALSE","monthly","FALSE","2024-09","2024-10","2024-10-05",\N
"S-f4a4c8","A-c37cab","Enterprise","98","19502.00","234024.00","FALSE","TRUE","FALSE","TRUE","monthly","TRUE","2024-07","2024-10","2024-10-05","2024-12-13"
"S-16a545","A-592832","Basic","35","665.00","7980.00","FALSE","FALSE","FALSE","FALSE","annual","TRUE","2024-09","2024-09","2024-09-30",\N
"S-f95951","A-02fac6","Pro","22","1078.00","12936.00","FALSE","FALSE","FALSE","FALSE","monthly","TRUE","2023-10","2024-09","2024-09-10",\N
"S-1e349b","A-2e4581","Basic","102","1938.00","23256.00","FALSE","FALSE","FALSE","FALSE","monthly","TRUE","2024-10","2024-11","2024-11-13",\N
"S-d660d6","A-cab532","Basic","33","627.00","7524.00","FALSE","FALSE","TRUE","FALSE","annual","TRUE","2023-04","2024-05","2024-05-01",\N
"S-1bb4f4","A-6843f2","Basic","21","399.00","4788.00","FALSE","FALSE","FALSE","FALSE","annual","TRUE","2024-12","2024-12","2024-12-19",\N
"S-c43200","A-94c3cd","Enterprise","32","6368.00","76416.00","FALSE","FALSE","FALSE","FALSE","monthly","TRUE","2024-01","2024-12","2024-12-15",\N
"S-1da72c","A-4bfa33","Basic","20","380.00","4560.00","FALSE","FALSE","FALSE","FALSE","monthly","TRUE","2024-12","2024-12","2024-12-12",\N
"S-9e15d0","A-02fac6","Pro","22","1078.00","12936.00","FALSE","FALSE","FALSE","FALSE","monthly","TRUE","2023-10","2024-01","2024-01-19",\N
"S-9e7060","A-c62e55","Basic","10","190.00","2280.00","FALSE","FALSE","FALSE","FALSE","annual","FALSE","2023-11","2024-01","2024-01-15",\N
"S-15a8c0","A-700ade","Basic","50","950.00","11400.00","FALSE","FALSE","FALSE","FALSE","monthly","FALSE","2024-11","2024-12","2024-12-29",\N
"S-27ab7f","A-dcc2f0","Basic","25","475.00","5700.00","FALSE","FALSE","FALSE","FALSE","annual","TRUE","2023-10","2023-12","2023-12-23",\N
"S-bedd26","A-20736a","Enterprise","50","9950.00","119400.00","FALSE","FALSE","FALSE","FALSE","monthly","TRUE","2024-05","2024-09","2024-09-03",\N
"S-1319ac","A-e3bd71","Basic","91","1729.00","20748.00","FALSE","FALSE","FALSE","FALSE","annual","TRUE","2023-04","2024-06","2024-06-02",\N
"S-abd9be","A-2b9d3e","Pro","18","882.00","10584.00","FALSE","TRUE","FALSE","FALSE","monthly","TRUE","2023-09","2024-03","2024-03-23",\N
"S-56ed05","A-bbc346","Pro","19","0.00","0.00","TRUE","FALSE","TRUE","FALSE","annual","TRUE","2024-08","2024-12","2024-12-24",\N
"S-d20d7c","A-970c97","Enterprise","28","5572.00","66864.00","FALSE","FALSE","FALSE","FALSE","monthly","FALSE","2024-03","2024-07","2024-07-14",\N
"S-da4a98","A-d4e0d4","Basic","117","2223.00","26676.00","FALSE","FALSE","FALSE","FALSE","monthly","TRUE","2024-10","2024-10","2024-10-18",\N
"S-4a90fd","A-d27f50","Pro","44","2156.00","25872.00","FALSE","FALSE","FALSE","FALSE","annual","FALSE","2024-07","2024-08","2024-08-26",\N
"S-cd4d67","A-40de06","Basic","28","532.00","6384.00","FALSE","TRUE","FALSE","FALSE","monthly","TRUE","2023-06","2024-09","2024-09-08",\N
"S-d6cffe","A-e7a1e2","Enterprise","6","0.00","0.00","TRUE","FALSE","FALSE","FALSE","annual","TRUE","2024-07","2024-10","2024-10-10",\N
"S-53bced","A-a1bbb6","Pro","5","245.00","2940.00","FALSE","FALSE","FALSE","TRUE","monthly","FALSE","2023-04","2023-07","2023-07-06","2023-11-13"
"S-772ef0","A-c7ffc2","Pro","30","1470.00","17640.00","FALSE","FALSE","FALSE","FALSE","annual","TRUE","2023-05","2024-02","2024-02-25",\N
"S-f4059b","A-c70870","Pro","43","0.00","0.00","TRUE","TRUE","FALSE","FALSE","annual","TRUE","2024-11","2024-12","2024-12-15",\N
"S-71827b","A-65c341","Pro","39","1911.00","22932.00","FALSE","FALSE","FALSE","TRUE","monthly","TRUE","2024-02","2024-11","2024-11-15","2024-11-23"
"S-063586","A-13466a","Enterprise","22","4378.00","52536.00","FALSE","FALSE","FALSE","TRUE","annual","TRUE","2023-11","2024-05","2024-05-23","2024-09-27"
"S-478ae9","A-e4bf56","Pro","35","1715.00","20580.00","FALSE","FALSE","TRUE","FALSE","monthly","FALSE","2024-11","2024-11","2024-11-26",\N
"S-018501","A-a865bd","Pro","56","2744.00","32928.00","FALSE","FALSE","FALSE","FALSE","monthly","FALSE","2024-01","2024-09","2024-09-19",\N
"S-7536e5","A-3f9cc0","Basic","22","418.00","5016.00","FALSE","FALSE","FALSE","FALSE","annual","TRUE","2024-06","2024-06","2024-06-25",\N
"S-c80ac4","A-43a9e3","Basic","18","342.00","4104.00","FALSE","FALSE","FALSE","FALSE","annual","TRUE","2023-09","2023-11","2023-11-29",\N
"S-9f4914","A-417d2f","Basic","37","703.00","8436.00","FALSE","FALSE","FALSE","FALSE","monthly","TRUE","2023-07","2024-10","2024-10-31",\N
"S-67c2c9","A-396e5f","Pro","7","343.00","4116.00","FALSE","FALSE","FALSE","FALSE","monthly","TRUE","2024-10","2024-11","2024-11-15",\N
"S-5eeb46","A-37f969","Basic","30","570.00","6840.00","FALSE","FALSE","FALSE","FALSE","annual","TRUE","2023-10","2024-06","2024-06-05",\N
"S-e71f4a","A-5a184f","Basic","7","133.00","1596.00","FALSE","FALSE","FALSE","FALSE","monthly","TRUE","2023-08","2024-01","2024-01-20",\N
"S-812c7c","A-f5641b","Basic","31","0.00","0.00","TRUE","FALSE","FALSE","FALSE","monthly","FALSE","2024-04","2024-06","2024-06-08",\N
"S-18356d","A-779e4e","Enterprise","18","3582.00","42984.00","FALSE","TRUE","FALSE","FALSE","annual","TRUE","2023-01","2023-01","2023-01-28",\N
"S-23a6c5","A-dfbd31","Enterprise","24","0.00","0.00","TRUE","FALSE","FALSE","FALSE","monthly","TRUE","2023-12","2023-12","2023-12-31",\N
"S-934bd4","A-ccc747","Basic","16","304.00","3648.00","FALSE","FALSE","FALSE","FALSE","annual","TRUE","2024-05","2024-11","2024-11-04",\N
"S-695606","A-0f3e88","Basic","16","304.00","3648.00","FALSE","FALSE","FALSE","FALSE","monthly","TRUE","2023-08","2023-12","2023-12-31",\N
"S-c59d50","A-7a0d69","Basic","40","0.00","0.00","TRUE","FALSE","FALSE","FALSE","monthly","FALSE","2024-07","2024-07","2024-07-21",\N
"S-009027","A-1b7577","Enterprise","9","1791.00","21492.00","FALSE","FALSE","FALSE","FALSE","annual","TRUE","2024-10","2024-10","2024-10-28",\N
"S-f6f97e","A-02cd81","Pro","44","2156.00","25872.00","FALSE","FALSE","FALSE","TRUE","annual","TRUE","2024-03","2024-06","2024-06-29","2024-08-03"
"S-8b3e35","A-e693b6","Enterprise","55","0.00","0.00","TRUE","FALSE","FALSE","FALSE","annual","TRUE","2023-08","2024-07","2024-07-19",\N
"S-d1201a","A-b2af2e","Pro","18","882.00","10584.00","FALSE","FALSE","FALSE","FALSE","monthly","FALSE","2024-08","2024-08","2024-08-27",\N
"S-c7c366","A-9208f0","Enterprise","38","0.00","0.00","TRUE","FALSE","FALSE","FALSE","monthly","TRUE","2023-05","2023-07","2023-07-11",\N
"S-c1d6cf","A-dcc2f0","Enterprise","16","3184.00","38208.00","FALSE","FALSE","FALSE","FALSE","monthly","TRUE","2023-10","2024-01","2024-01-15",\N
"S-ba672b","A-1b9609","Pro","4","196.00","2352.00","FALSE","FALSE","FALSE","FALSE","annual","FALSE","2023-12","2024-05","2024-05-01",\N
"S-1f149a","A-5a3eb9","Pro","21","1029.00","12348.00","FALSE","FALSE","FALSE","FALSE","annual","TRUE","2023-09","2024-08","2024-08-18",\N
"S-e14e00","A-a7bd4b","Pro","6","294.00","3528.00","FALSE","FALSE","FALSE","FALSE","monthly","TRUE","2023-03","2023-10","2023-10-05",\N
"S-7b3464","A-c16101","Enterprise","7","1393.00","16716.00","FALSE","FALSE","TRUE","FALSE","annual","FALSE","2024-09","2024-09","2024-09-17",\N
"S-ea3c2c","A-d792a6","Enterprise","9","1791.00","21492.00","FALSE","FALSE","FALSE","FALSE","monthly","TRUE","2023-02","2023-05","2023-05-31",\N
"S-d90f5e","A-bd4513","Basic","50","950.00","11400.00","FALSE","FALSE","FALSE","TRUE","annual","TRUE","2024-11","2024-12","2024-12-15","2024-12-22"
"S-9cca23","A-3a5ad8","Enterprise","9","1791.00","21492.00","FALSE","FALSE","FALSE","FALSE","monthly","TRUE","2023-12","2024-12","2024-12-20",\N
"S-b7d291","A-f6b2fb","Pro","23","1127.00","13524.00","FALSE","FALSE","FALSE","TRUE","annual","TRUE","2024-05","2024-10","2024-10-17","2024-12-17"
"S-ae1278","A-2ebb4b","Pro","41","2009.00","24108.00","FALSE","FALSE","FALSE","TRUE","monthly","TRUE","2023-06","2024-07","2024-07-02","2024-08-13"
"S-a5d949","A-e19ff6","Enterprise","2","0.00","0.00","TRUE","FALSE","FALSE","FALSE","annual","FALSE","2023-08","2024-08","2024-08-11",\N
"S-cfa635","A-503d5a","Basic","50","950.00","11400.00","FALSE","FALSE","FALSE","FALSE","monthly","TRUE","2023-10","2024-03","2024-03-07",\N
"S-001561","A-1b7577","Enterprise","6","1194.00","14328.00","FALSE","FALSE","FALSE","FALSE","annual","TRUE","2024-10","2024-12","2024-12-12",\N
"S-c5e371","A-956988","Pro","41","2009.00","24108.00","FALSE","FALSE","FALSE","FALSE","monthly","TRUE","2024-12","2024-12","2024-12-15",\N
"S-539566","A-4e960a","Basic","12","228.00","2736.00","FALSE","FALSE","FALSE","FALSE","monthly","TRUE","2024-02","2024-03","2024-03-11",\N
"S-36b46e","A-202b67","Pro","11","539.00","6468.00","FALSE","FALSE","FALSE","FALSE","monthly","TRUE","2024-03","2024-03","2024-03-27",\N
"S-b94bce","A-f51f16","Enterprise","2","0.00","0.00","TRUE","FALSE","FALSE","FALSE","monthly","TRUE","2024-02","2024-04","2024-04-06",\N
"S-f8357e","A-f17767","Basic","2","38.00","456.00","FALSE","FALSE","FALSE","FALSE","monthly","TRUE","2023-02","2023-11","2023-11-01",\N
"S-1bdc35","A-bcf87c","Basic","10","190.00","2280.00","FALSE","FALSE","FALSE","FALSE","monthly","TRUE","2024-07","2024-10","2024-10-28",\N
"S-56c529","A-856b1e","Pro","30","1470.00","17640.00","FALSE","FALSE","FALSE","FALSE","monthly","TRUE","2023-11","2023-12","2023-12-17",\N
"S-cdfe99","A-296d7c","Pro","6","294.00","3528.00","FALSE","FALSE","FALSE","FALSE","annual","TRUE","2024-01","2024-11","2024-11-26",\N
"S-e11518","A-3ce5b8","Pro","189","9261.00","111132.00","FALSE","FALSE","FALSE","FALSE","annual","TRUE","2023-12","2023-12","2023-12-15",\N
"S-82a7dd","A-309e54","Basic","15","285.00","3420.00","FALSE","FALSE","FALSE","FALSE","monthly","TRUE","2024-12","2024-12","2024-12-20",\N
"S-f110db","A-86902e","Enterprise","34","6766.00","81192.00","FALSE","FALSE","FALSE","FALSE","monthly","TRUE","2023-07","2024-06","2024-06-22",\N
"S-651c01","A-bd4708","Basic","37","0.00","0.00","TRUE","FALSE","FALSE","FALSE","annual","TRUE","2024-07","2024-08","2024-08-28",\N
"S-531970","A-ff3c73","Basic","45","855.00","10260.00","FALSE","FALSE","FALSE","FALSE","annual","FALSE","2023-04","2024-09","2024-09-17",\N
"S-93ce26","A-726cfa","Enterprise","11","0.00","0.00","TRUE","FALSE","FALSE","TRUE","monthly","TRUE","2023-07","2023-12","2023-12-03","2024-07-27"
"S-b520e9","A-427b69","Enterprise","26","5174.00","62088.00","FALSE","FALSE","FALSE","FALSE","monthly","TRUE","2024-09","2024-09","2024-09-15",\N
"S-ade2d5","A-bcbe98","Enterprise","46","0.00","0.00","TRUE","FALSE","FALSE","FALSE","monthly","FALSE","2024-07","2024-09","2024-09-22",\N
"S-767957","A-751c58","Enterprise","15","0.00","0.00","TRUE","TRUE","FALSE","FALSE","annual","TRUE","2024-07","2024-08","2024-08-28",\N
"S-2c80ba","A-4ae22a","Basic","6","114.00","1368.00","FALSE","FALSE","FALSE","FALSE","annual","TRUE","2024-05","2024-11","2024-11-26",\N
"S-cd0f21","A-b78bf8","Enterprise","49","9751.00","117012.00","FALSE","TRUE","TRUE","FALSE","annual","TRUE","2024-11","2024-12","2024-12-08",\N
"S-18f498","A-684255","Basic","28","532.00","6384.00","FALSE","FALSE","FALSE","FALSE","monthly","FALSE","2024-04","2024-10","2024-10-29",\N
"S-d61475","A-89ee83","Basic","3","57.00","684.00","FALSE","TRUE","FALSE","FALSE","monthly","TRUE","2024-10","2024-12","2024-12-20",\N
"S-66ffe0","A-625d0b","Pro","38","1862.00","22344.00","FALSE","FALSE","FALSE","FALSE","monthly","TRUE","2024-09","2024-11","2024-11-21",\N
"S-fd790e","A-7920cc","Basic","39","0.00","0.00","TRUE","FALSE","FALSE","FALSE","annual","TRUE","2023-11","2023-11","2023-11-30",\N
"S-d1a6c6","A-443b7c","Basic","17","323.00","3876.00","FALSE","FALSE","FALSE","TRUE","monthly","FALSE","2024-09","2024-12","2024-12-26","2024-12-29"
"S-6c1ca5","A-977ca0","Basic","6","114.00","1368.00","FALSE","FALSE","FALSE","TRUE","monthly","TRUE","2023-02","2024-01","2024-01-07","2024-06-06"
"S-ea71b5","A-bad8c1","Enterprise","10","0.00","0.00","TRUE","TRUE","FALSE","FALSE","annual","TRUE","2023-06","2023-12","2023-12-12",\N
"S-61c27e","A-158f4e","Basic","61","1159.00","13908.00","FALSE","FALSE","FALSE","FALSE","monthly","TRUE","2023-06","2023-06","2023-06-02",\N
"S-a7d34e","A-a7bd4b","Pro","51","2499.00","29988.00","FALSE","FALSE","FALSE","FALSE","annual","TRUE","2023-03","2024-05","2024-05-31",\N
"S-0eba5a","A-fb186e","Enterprise","29","5771.00","69252.00","FALSE","FALSE","FALSE","FALSE","monthly","TRUE","2024-11","2024-12","2024-12-22",\N
"S-1d661c","A-9c18c4","Enterprise","12","2388.00","28656.00","FALSE","TRUE","FALSE","FALSE","annual","TRUE","2023-08","2023-11","2023-11-30",\N
"S-6a56f1","A-684255","Pro","12","588.00","7056.00","FALSE","FALSE","FALSE","FALSE","annual","FALSE","2024-04","2024-10","2024-10-17",\N
"S-ff4a47","A-f03140","Enterprise","27","5373.00","64476.00","FALSE","TRUE","FALSE","FALSE","monthly","TRUE","2023-12","2024-10","2024-10-04",\N
"S-9e74ba","A-b48f73","Enterprise","80","0.00","0.00","TRUE","FALSE","FALSE","FALSE","annual","TRUE","2024-11","2024-12","2024-12-06",\N
"S-d53c0a","A-8e47ca","Enterprise","19","3781.00","45372.00","FALSE","TRUE","FALSE","FALSE","annual","FALSE","2024-02","2024-03","2024-03-28",\N
"S-22cbb3","A-92a3af","Pro","77","3773.00","45276.00","FALSE","FALSE","TRUE","FALSE","monthly","FALSE","2024-07","2024-10","2024-10-30",\N
"S-5313fa","A-e40f45","Enterprise","21","4179.00","50148.00","FALSE","FALSE","FALSE","FALSE","monthly","TRUE","2024-05","2024-05","2024-05-17",\N
"S-d8fa45","A-5a215a","Basic","87","1653.00","19836.00","FALSE","FALSE","FALSE","FALSE","monthly","TRUE","2024-01","2024-10","2024-10-18",\N
"S-24d19a","A-34ea2f","Pro","8","392.00","4704.00","FALSE","FALSE","FALSE","FALSE","annual","FALSE","2024-09","2024-09","2024-09-10",\N
"S-c87391","A-fe79a5","Pro","9","0.00","0.00","TRUE","FALSE","FALSE","FALSE","monthly","TRUE","2024-03","2024-12","2024-12-08",\N
"S-a9952f","A-0aaf6e","Pro","11","0.00","0.00","TRUE","FALSE","FALSE","FALSE","monthly","TRUE","2024-06","2024-08","2024-08-18",\N
"S-3867d6","A-e60f9d","Pro","29","0.00","0.00","TRUE","FALSE","FALSE","FALSE","annual","TRUE","2024-09","2024-12","2024-12-23",\N
"S-60cb51","A-4c38bc","Basic","36","684.00","8208.00","FALSE","FALSE","FALSE","TRUE","monthly","FALSE","2024-03","2024-04","2024-04-21","2024-10-25"
"S-8ba974","A-cc98bc","Pro","32","1568.00","18816.00","FALSE","FALSE","FALSE","TRUE","annual","TRUE","2023-05","2024-07","2024-07-03","2024-08-23"
"S-f7e37f","A-794a0b","Pro","23","0.00","0.00","TRUE","FALSE","FALSE","FALSE","annual","TRUE","2023-08","2023-08","2023-08-07",\N
"S-ff1b11","A-dcc2f0","Basic","32","608.00","7296.00","FALSE","FALSE","FALSE","FALSE","annual","FALSE","2023-10","2024-11","2024-11-30",\N
"S-f6e116","A-4d1e75","Pro","20","980.00","11760.00","FALSE","FALSE","TRUE","FALSE","monthly","TRUE","2024-09","2024-10","2024-10-31",\N
"S-ed7a72","A-533452","Pro","25","1225.00","14700.00","FALSE","FALSE","FALSE","FALSE","monthly","TRUE","2024-11","2024-11","2024-11-21",\N
"S-27e42e","A-600734","Pro","29","1421.00","17052.00","FALSE","FALSE","FALSE","FALSE","monthly","TRUE","2024-01","2024-03","2024-03-02",\N
"S-bd3e24","A-ffc04f","Pro","13","637.00","7644.00","FALSE","FALSE","FALSE","TRUE","annual","TRUE","2024-06","2024-12","2024-12-21","2024-12-21"
"S-9e64bd","A-c7e58b","Pro","16","0.00","0.00","TRUE","FALSE","FALSE","FALSE","monthly","TRUE","2023-08","2024-09","2024-09-07",\N
"S-ad5d94","A-35083d","Basic","19","0.00","0.00","TRUE","FALSE","FALSE","FALSE","annual","FALSE","2023-06","2023-11","2023-11-30",\N
"S-44483e","A-bbc346","Enterprise","19","0.00","0.00","TRUE","FALSE","TRUE","TRUE","monthly","TRUE","2024-08","2024-09","2024-09-30","2024-10-22"
"S-b75a31","A-a8b49c","Pro","7","343.00","4116.00","FALSE","FALSE","FALSE","FALSE","annual","TRUE","2023-10","2023-11","2023-11-10",\N
"S-731ee3","A-9077b0","Enterprise","14","2786.00","33432.00","FALSE","FALSE","FALSE","TRUE","annual","TRUE","2024-08","2024-11","2024-11-09","2024-12-07"
"S-0c91c4","A-2789e3","Enterprise","11","2189.00","26268.00","FALSE","FALSE","TRUE","FALSE","annual","TRUE","2024-09","2024-10","2024-10-11",\N
"S-148506","A-3a5ad8","Basic","9","171.00","2052.00","FALSE","FALSE","FALSE","FALSE","annual","TRUE","2023-12","2024-01","2024-01-01",\N
"S-23d802","A-ad64c6","Basic","54","0.00","0.00","TRUE","FALSE","FALSE","FALSE","monthly","TRUE","2024-03","2024-07","2024-07-24",\N
"S-3e3033","A-e60f9d","Pro","31","0.00","0.00","TRUE","FALSE","FALSE","FALSE","annual","TRUE","2024-09","2024-12","2024-12-11",\N
"S-d5ac8c","A-ef84cf","Enterprise","34","6766.00","81192.00","FALSE","FALSE","FALSE","FALSE","annual","TRUE","2024-03","2024-05","2024-05-22",\N
"S-ad31b0","A-5b051a","Pro","22","1078.00","12936.00","FALSE","FALSE","FALSE","FALSE","monthly","TRUE","2024-09","2024-12","2024-12-29",\N
"S-a61006","A-8bde0c","Enterprise","12","2388.00","28656.00","FALSE","TRUE","FALSE","FALSE","monthly","TRUE","2024-11","2024-12","2024-12-24",\N
"S-467d4a","A-1b7577","Pro","9","441.00","5292.00","FALSE","FALSE","FALSE","FALSE","annual","TRUE","2024-10","2024-11","2024-11-14",\N
"S-e1dc0b","A-e5d6ab","Pro","17","0.00","0.00","TRUE","FALSE","FALSE","FALSE","monthly","TRUE","2023-05","2023-09","2023-09-16",\N
"S-4b7873","A-0651a4","Basic","16","304.00","3648.00","FALSE","FALSE","FALSE","FALSE","annual","TRUE","2024-10","2024-11","2024-11-25",\N
"S-9f57f5","A-96e141","Enterprise","14","2786.00","33432.00","FALSE","FALSE","FALSE","FALSE","monthly","TRUE","2023-10","2024-05","2024-05-04",\N
"S-a82473","A-fda07f","Enterprise","16","3184.00","38208.00","FALSE","FALSE","FALSE","FALSE","annual","TRUE","2024-08","2024-09","2024-09-12",\N
"S-15582c","A-600734","Basic","29","551.00","6612.00","FALSE","FALSE","FALSE","FALSE","monthly","TRUE","2024-01","2024-09","2024-09-05",\N
"S-caca4f","A-e83938","Basic","54","1026.00","12312.00","FALSE","FALSE","FALSE","FALSE","annual","FALSE","2024-02","2024-12","2024-12-06",\N
"S-4911f9","A-bb2f49","Basic","8","152.00","1824.00","FALSE","FALSE","FALSE","FALSE","annual","TRUE","2023-06","2024-12","2024-12-07",\N
"S-f7f6d7","A-425e76","Basic","14","266.00","3192.00","FALSE","FALSE","FALSE","FALSE","monthly","TRUE","2023-06","2024-05","2024-05-07",\N
"S-1a0f22","A-d26ab4","Enterprise","18","3582.00","42984.00","FALSE","FALSE","FALSE","FALSE","monthly","TRUE","2024-11","2024-12","2024-12-20",\N
"S-3037ab","A-b9eed8","Basic","17","323.00","3876.00","FALSE","FALSE","TRUE","FALSE","annual","TRUE","2024-03","2024-08","2024-08-27",\N
"S-722103","A-a09355","Enterprise","14","0.00","0.00","TRUE","FALSE","FALSE","FALSE","monthly","TRUE","2024-08","2024-10","2024-10-27",\N
"S-ca1cb9","A-5a215a","Enterprise","87","17313.00","207756.00","FALSE","FALSE","FALSE","TRUE","annual","FALSE","2024-01","2024-09","2024-09-16","2024-11-13"
"S-00f31d","A-410e86","Pro","24","1176.00","14112.00","FALSE","FALSE","FALSE","FALSE","annual","FALSE","2024-11","2024-12","2024-12-02",\N
"S-3236ee","A-0b0d6d","Basic","13","247.00","2964.00","FALSE","FALSE","FALSE","FALSE","monthly","TRUE","2024-12","2024-12","2024-12-31",\N
"S-5cb87c","A-e89151","Pro","24","1176.00","14112.00","FALSE","FALSE","FALSE","FALSE","monthly","TRUE","2023-11","2024-04","2024-04-20",\N
"S-3baf90","A-5a3eb9","Basic","40","760.00","9120.00","FALSE","FALSE","FALSE","FALSE","annual","FALSE","2023-09","2024-06","2024-06-19",\N
"S-3110d9","A-692f18","Enterprise","17","3383.00","40596.00","FALSE","FALSE","TRUE","FALSE","annual","FALSE","2024-03","2024-08","2024-08-20",\N
"S-a0a5e3","A-6a7c9d","Enterprise","26","5174.00","62088.00","FALSE","FALSE","FALSE","FALSE","monthly","TRUE","2024-11","2024-11","2024-11-29",\N
"S-fc2bf2","A-f3ff05","Basic","28","532.00","6384.00","FALSE","FALSE","FALSE","FALSE","monthly","TRUE","2024-08","2024-08","2024-08-01",\N
"S-9c67ab","A-c62e55","Basic","8","152.00","1824.00","FALSE","TRUE","FALSE","FALSE","annual","TRUE","2023-11","2024-04","2024-04-04",\N
"S-f22b7f","A-b44e3e","Enterprise","40","7960.00","95520.00","FALSE","FALSE","FALSE","TRUE","annual","TRUE","2024-02","2024-12","2024-12-27","2024-12-27"
"S-71d31c","A-bd4708","Basic","37","0.00","0.00","TRUE","FALSE","FALSE","FALSE","annual","FALSE","2024-07","2024-12","2024-12-16",\N
"S-64d8c9","A-34ea2f","Basic","41","779.00","9348.00","FALSE","TRUE","FALSE","FALSE","monthly","TRUE","2024-09","2024-11","2024-11-30",\N
"S-f4335b","A-075038","Enterprise","17","3383.00","40596.00","FALSE","FALSE","FALSE","FALSE","annual","FALSE","2023-07","2024-08","2024-08-19",\N
"S-1ad9cb","A-4d1e75","Pro","20","980.00","11760.00","FALSE","FALSE","FALSE","FALSE","monthly","TRUE","2024-09","2024-10","2024-10-10",\N
"S-866608","A-88c6ca","Pro","23","1127.00","13524.00","FALSE","FALSE","FALSE","FALSE","annual","TRUE","2024-11","2024-12","2024-12-23",\N
"S-fccc09","A-1f0ac7","Pro","24","1176.00","14112.00","FALSE","TRUE","FALSE","FALSE","monthly","TRUE","2023-12","2024-12","2024-12-20",\N
"S-19858e","A-92a3af","Pro","30","1470.00","17640.00","FALSE","FALSE","TRUE","FALSE","annual","TRUE","2024-07","2024-09","2024-09-17",\N
"S-db0f41","A-afa505","Enterprise","70","13930.00","167160.00","FALSE","FALSE","FALSE","FALSE","monthly","FALSE","2024-01","2024-07","2024-07-26",\N
"S-897d69","A-0a282f","Pro","55","2695.00","32340.00","FALSE","FALSE","FALSE","FALSE","monthly","TRUE","2024-08","2024-12","2024-12-20",\N
"S-b57dcd","A-e5d6ab","Basic","5","95.00","1140.00","FALSE","FALSE","FALSE","FALSE","annual","TRUE","2023-05","2023-05","2023-05-11",\N
"S-6d3477","A-cd458b","Enterprise","47","9353.00","112236.00","FALSE","FALSE","FALSE","FALSE","annual","TRUE","2024-07","2024-10","2024-10-25",\N
"S-6c3700","A-9779ad","Enterprise","40","7960.00","95520.00","FALSE","FALSE","FALSE","FALSE","annual","TRUE","2024-04","2024-06","2024-06-24",\N
"S-50334b","A-f17767","Pro","12","588.00","7056.00","FALSE","FALSE","FALSE","FALSE","monthly","TRUE","2023-02","2024-08","2024-08-21",\N
"S-9f9dfe","A-c62e55","Pro","30","1470.00","17640.00","FALSE","FALSE","FALSE","FALSE","monthly","TRUE","2023-11","2024-11","2024-11-28",\N
"S-fa2170","A-ad3abd","Pro","44","2156.00","25872.00","FALSE","FALSE","FALSE","FALSE","monthly","TRUE","2023-03","2024-10","2024-10-14",\N
"S-f50851","A-c58f49","Enterprise","70","13930.00","167160.00","FALSE","FALSE","FALSE","FALSE","monthly","TRUE","2024-08","2024-11","2024-11-07",\N
"S-89e98a","A-c222ab","Pro","32","1568.00","18816.00","FALSE","FALSE","FALSE","FALSE","monthly","TRUE","2024-08","2024-12","2024-12-27",\N
"S-51dd23","A-7c6b6b","Basic","6","114.00","1368.00","FALSE","FALSE","FALSE","FALSE","monthly","TRUE","2024-12","2024-12","2024-12-14",\N
"S-532e80","A-993085","Enterprise","31","6169.00","74028.00","FALSE","FALSE","FALSE","FALSE","annual","FALSE","2023-08","2023-09","2023-09-30",\N
"S-1682d4","A-c16b88","Enterprise","23","4577.00","54924.00","FALSE","FALSE","FALSE","FALSE","annual","FALSE","2024-03","2024-12","2024-12-26",\N
"S-dcbf45","A-0f3e88","Pro","22","1078.00","12936.00","FALSE","TRUE","FALSE","FALSE","monthly","TRUE","2023-08","2024-01","2024-01-01",\N
"S-7151d9","A-eb7c38","Basic","102","1938.00","23256.00","FALSE","TRUE","FALSE","FALSE","annual","TRUE","2024-04","2024-04","2024-04-12",\N
"S-523cce","A-1b9609","Enterprise","30","5970.00","71640.00","FALSE","FALSE","FALSE","FALSE","monthly","TRUE","2023-12","2024-08","2024-08-28",\N
"S-c069ab","A-956988","Enterprise","55","10945.00","131340.00","FALSE","FALSE","FALSE","FALSE","annual","TRUE","2024-12","2024-12","2024-12-05",\N
"S-d66d63","A-6c093d","Pro","13","637.00","7644.00","FALSE","FALSE","FALSE","FALSE","annual","TRUE","2023-04","2023-08","2023-08-25",\N
"S-6f75be","A-65a46c","Enterprise","78","15522.00","186264.00","FALSE","FALSE","FALSE","FALSE","monthly","TRUE","2024-03","2024-03","2024-03-05",\N
"S-ea3d54","A-439b2f","Enterprise","1","199.00","2388.00","FALSE","FALSE","FALSE","FALSE","monthly","FALSE","2024-03","2024-05","2024-05-30",\N
"S-dc6a2a","A-309e54","Pro","15","0.00","0.00","TRUE","FALSE","FALSE","FALSE","monthly","TRUE","2024-12","2024-12","2024-12-21",\N
"S-e21910","A-50f3f7","Basic","31","589.00","7068.00","FALSE","FALSE","FALSE","FALSE","monthly","TRUE","2024-01","2024-02","2024-02-02",\N
"S-6cfb27","A-a8d89d","Basic","13","247.00","2964.00","FALSE","FALSE","FALSE","FALSE","monthly","TRUE","2023-12","2024-09","2024-09-29",\N
"S-37a280","A-40906c","Basic","92","0.00","0.00","TRUE","FALSE","FALSE","FALSE","monthly","TRUE","2024-05","2024-05","2024-05-28",\N
"S-81caea","A-3932db","Basic","19","361.00","4332.00","FALSE","TRUE","TRUE","FALSE","monthly","TRUE","2023-12","2024-02","2024-02-15",\N
"S-af430c","A-1b7577","Pro","11","539.00","6468.00","FALSE","FALSE","FALSE","FALSE","monthly","TRUE","2024-10","2024-12","2024-12-29",\N
"S-e2c20a","A-3be56b","Pro","62","3038.00","36456.00","FALSE","FALSE","FALSE","FALSE","monthly","TRUE","2023-11","2023-12","2023-12-16",\N
"S-cbfd83","A-fa2041","Pro","52","2548.00","30576.00","FALSE","FALSE","FALSE","FALSE","monthly","TRUE","2024-06","2024-06","2024-06-16",\N
"S-864157","A-039727","Pro","25","1225.00","14700.00","FALSE","FALSE","FALSE","FALSE","annual","TRUE","2024-11","2024-12","2024-12-15",\N
"S-d9d6ac","A-054577","Enterprise","3","597.00","7164.00","FALSE","FALSE","TRUE","FALSE","annual","TRUE","2024-05","2024-07","2024-07-17",\N
"S-67da25","A-5a92e7","Basic","7","133.00","1596.00","FALSE","FALSE","FALSE","FALSE","annual","TRUE","2024-06","2024-07","2024-07-22",\N
"S-80016a","A-1b9609","Enterprise","5","995.00","11940.00","FALSE","FALSE","FALSE","FALSE","monthly","TRUE","2023-12","2024-01","2024-01-11",\N
"S-817cf0","A-378b99","Pro","9","441.00","5292.00","FALSE","FALSE","FALSE","FALSE","annual","TRUE","2024-09","2024-10","2024-10-14",\N
"S-c9e261","A-dcc3f1","Enterprise","21","4179.00","50148.00","FALSE","FALSE","TRUE","FALSE","monthly","TRUE","2023-12","2024-10","2024-10-29",\N
"S-49b0da","A-fe79a5","Enterprise","9","1791.00","21492.00","FALSE","FALSE","FALSE","FALSE","annual","TRUE","2024-03","2024-11","2024-11-14",\N
"S-765100","A-b7ef83","Basic","43","817.00","9804.00","FALSE","FALSE","FALSE","FALSE","monthly","TRUE","2024-06","2024-06","2024-06-29",\N
"S-62fb8e","A-ef84cf","Enterprise","8","0.00","0.00","TRUE","FALSE","FALSE","FALSE","monthly","TRUE","2024-03","2024-03","2024-03-12",\N
"S-3e0382","A-425e76","Basic","27","513.00","6156.00","FALSE","FALSE","FALSE","FALSE","monthly","TRUE","2023-06","2024-05","2024-05-24",\N
"S-fc4ac6","A-ac14bb","Basic","21","399.00","4788.00","FALSE","FALSE","FALSE","TRUE","monthly","TRUE","2023-09","2024-02","2024-02-22","2024-06-13"
"S-798707","A-6e7827","Pro","8","392.00","4704.00","FALSE","TRUE","FALSE","FALSE","annual","TRUE","2023-06","2023-08","2023-08-02",\N
"S-039a8e","A-331424","Basic","11","209.00","2508.00","FALSE","FALSE","FALSE","TRUE","annual","FALSE","2024-01","2024-02","2024-02-16","2024-08-12"
"S-d9f518","A-09540c","Pro","67","3283.00","39396.00","FALSE","FALSE","FALSE","FALSE","annual","TRUE","2024-04","2024-11","2024-11-14",\N
"S-eb23dd","A-4ef964","Basic","38","722.00","8664.00","FALSE","FALSE","FALSE","TRUE","monthly","TRUE","2024-04","2024-09","2024-09-27","2024-10-29"
"S-816354","A-186a44","Pro","20","0.00","0.00","TRUE","FALSE","FALSE","FALSE","monthly","TRUE","2023-08","2024-05","2024-05-20",\N
"S-4e4b10","A-4e631b","Basic","22","418.00","5016.00","FALSE","FALSE","FALSE","FALSE","monthly","FALSE","2024-03","2024-08","2024-08-22",\N
"S-2fd486","A-18793f","Pro","148","7252.00","87024.00","FALSE","FALSE","FALSE","FALSE","annual","TRUE","2024-12","2024-12","2024-12-29",\N
"S-70a8d6","A-bcbe98","Pro","46","2254.00","27048.00","FALSE","TRUE","FALSE","FALSE","annual","TRUE","2024-07","2024-11","2024-11-20",\N
"S-3bb8a2","A-659280","Enterprise","19","3781.00","45372.00","FALSE","FALSE","FALSE","FALSE","monthly","FALSE","2023-11","2024-04","2024-04-28",\N
"S-b0e621","A-ced9aa","Pro","3","147.00","1764.00","FALSE","FALSE","FALSE","FALSE","monthly","TRUE","2024-10","2024-11","2024-11-23",\N
"S-7018bf","A-625d0b","Pro","42","2058.00","24696.00","FALSE","FALSE","FALSE","FALSE","monthly","FALSE","2024-09","2024-10","2024-10-17",\N
"S-326577","A-fda07f","Basic","7","133.00","1596.00","FALSE","FALSE","FALSE","FALSE","annual","TRUE","2024-08","2024-09","2024-09-22",\N
"S-26deeb","A-8adedc","Pro","68","3332.00","39984.00","FALSE","FALSE","FALSE","FALSE","annual","TRUE","2024-02","2024-09","2024-09-07",\N
"S-59c612","A-aa9511","Basic","23","437.00","5244.00","FALSE","FALSE","FALSE","FALSE","monthly","TRUE","2023-10","2023-10","2023-10-25",\N
"S-d933e7","A-fdfc91","Pro","29","1421.00","17052.00","FALSE","FALSE","FALSE","FALSE","monthly","TRUE","2023-07","2024-03","2024-03-31",\N
"S-45ee20","A-1619f8","Basic","29","551.00","6612.00","FALSE","FALSE","FALSE","FALSE","monthly","TRUE","2024-06","2024-07","2024-07-21",\N
"S-8c9649","A-c9bb3e","Pro","10","490.00","5880.00","FALSE","FALSE","FALSE","FALSE","monthly","FALSE","2024-04","2024-09","2024-09-30",\N
"S-83b708","A-2d1036","Basic","69","1311.00","15732.00","FALSE","FALSE","FALSE","FALSE","monthly","TRUE","2024-07","2024-09","2024-09-02",\N
"S-f84a6f","A-d27f50","Enterprise","44","8756.00","105072.00","FALSE","FALSE","FALSE","TRUE","monthly","TRUE","2024-07","2024-07","2024-07-22","2024-10-14"
"S-369495","A-b3fe05","Pro","8","392.00","4704.00","FALSE","FALSE","FALSE","TRUE","monthly","TRUE","2024-06","2024-10","2024-10-20","2024-11-18"
"S-6f0aa3","A-1986ca","Enterprise","20","0.00","0.00","TRUE","FALSE","FALSE","FALSE","monthly","TRUE","2023-07","2023-11","2023-11-16",\N
"S-da198f","A-b07346","Basic","51","969.00","11628.00","FALSE","FALSE","FALSE","FALSE","annual","TRUE","2024-11","2024-11","2024-11-06",\N
"S-c0a7d8","A-0dbdc6","Enterprise","30","5970.00","71640.00","FALSE","FALSE","FALSE","FALSE","monthly","TRUE","2023-06","2024-10","2024-10-26",\N
"S-b6aefa","A-6da850","Pro","5","245.00","2940.00","FALSE","FALSE","FALSE","FALSE","annual","TRUE","2023-10","2024-09","2024-09-01",\N
"S-d19216","A-17939a","Basic","86","1634.00","19608.00","FALSE","FALSE","FALSE","TRUE","monthly","TRUE","2024-12","2024-12","2024-12-28","2024-12-29"
"S-330457","A-ad3abd","Pro","44","2156.00","25872.00","FALSE","FALSE","FALSE","FALSE","monthly","FALSE","2023-03","2024-07","2024-07-20",\N
"S-495d33","A-50f3f7","Basic","31","589.00","7068.00","FALSE","FALSE","FALSE","FALSE","monthly","TRUE","2024-01","2024-07","2024-07-24",\N
"S-adf00a","A-de24d5","Enterprise","17","3383.00","40596.00","FALSE","FALSE","FALSE","FALSE","annual","TRUE","2024-11","2024-11","2024-11-15",\N
"S-a54381","A-149a69","Basic","34","646.00","7752.00","FALSE","FALSE","FALSE","FALSE","monthly","FALSE","2024-12","2024-12","2024-12-05",\N
"S-21b68e","A-4f18f0","Enterprise","25","0.00","0.00","TRUE","FALSE","FALSE","FALSE","monthly","TRUE","2024-04","2024-04","2024-04-25",\N
"S-4040a9","A-6f50ae","Pro","19","931.00","11172.00","FALSE","FALSE","FALSE","FALSE","monthly","FALSE","2023-11","2024-05","2024-05-14",\N
"S-8966c9","A-cd458b","Basic","27","513.00","6156.00","FALSE","FALSE","FALSE","FALSE","monthly","TRUE","2024-07","2024-09","2024-09-26",\N
"S-70275b","A-f45426","Basic","20","380.00","4560.00","FALSE","FALSE","TRUE","FALSE","annual","TRUE","2024-08","2024-08","2024-08-09",\N
"S-6cff51","A-c37601","Pro","28","1372.00","16464.00","FALSE","FALSE","FALSE","FALSE","annual","TRUE","2024-11","2024-12","2024-12-23",\N
"S-0185ce","A-50f3f7","Pro","31","0.00","0.00","TRUE","FALSE","FALSE","FALSE","annual","FALSE","2024-01","2024-06","2024-06-01",\N
"S-e5bed6","A-05f0e5","Pro","58","2842.00","34104.00","FALSE","FALSE","FALSE","FALSE","annual","TRUE","2023-06","2024-11","2024-11-23",\N
"S-3e453b","A-883b7d","Pro","17","833.00","9996.00","FALSE","FALSE","FALSE","FALSE","annual","FALSE","2024-04","2024-04","2024-04-21",\N
"S-c341e1","A-bb2f49","Pro","14","686.00","8232.00","FALSE","FALSE","FALSE","FALSE","monthly","TRUE","2023-06","2024-09","2024-09-04",\N
"S-2bef13","A-c16b88","Enterprise","45","8955.00","107460.00","FALSE","FALSE","FALSE","FALSE","monthly","FALSE","2024-03","2024-06","2024-06-10",\N
"S-ccf9c8","A-956988","Basic","1","19.00","228.00","FALSE","FALSE","FALSE","FALSE","monthly","FALSE","2024-12","2024-12","2024-12-14",\N
"S-8eff6d","A-9b9fe9","Pro","9","441.00","5292.00","FALSE","FALSE","TRUE","FALSE","annual","TRUE","2023-10","2023-11","2023-11-20",\N
"S-927235","A-e61e98","Basic","19","361.00","4332.00","FALSE","FALSE","FALSE","FALSE","monthly","TRUE","2023-11","2024-01","2024-01-15",\N
"S-0ff1eb","A-cb5333","Enterprise","33","6567.00","78804.00","FALSE","FALSE","FALSE","FALSE","monthly","TRUE","2024-04","2024-09","2024-09-30",\N
"S-c287ef","A-6dee43","Basic","23","437.00","5244.00","FALSE","FALSE","FALSE","FALSE","annual","FALSE","2023-10","2024-07","2024-07-29",\N
"S-8eb955","A-bcbe98","Basic","46","874.00","10488.00","FALSE","FALSE","FALSE","FALSE","monthly","TRUE","2024-07","2024-08","2024-08-09",\N
"S-0891f1","A-e1b9cd","Basic","40","760.00","9120.00","FALSE","FALSE","TRUE","FALSE","annual","FALSE","2023-03","2024-01","2024-01-03",\N
"S-266ada","A-794a0b","Pro","23","1127.00","13524.00","FALSE","FALSE","FALSE","FALSE","monthly","TRUE","2023-08","2024-06","2024-06-24",\N
"S-e50f43","A-4a4c2d","Enterprise","54","10746.00","128952.00","FALSE","FALSE","FALSE","FALSE","annual","TRUE","2023-07","2023-09","2023-09-20",\N
"S-3647aa","A-94d3da","Pro","41","0.00","0.00","TRUE","FALSE","FALSE","FALSE","monthly","TRUE","2023-06","2023-09","2023-09-09",\N
"S-cfb886","A-54d94a","Pro","27","1323.00","15876.00","FALSE","FALSE","FALSE","FALSE","annual","TRUE","2023-11","2024-12","2024-12-19",\N
"S-15d2d2","A-96bbc6","Enterprise","39","7761.00","93132.00","FALSE","FALSE","FALSE","FALSE","monthly","TRUE","2024-05","2024-06","2024-06-07",\N
"S-462bd2","A-e7a1e2","Enterprise","3","0.00","0.00","TRUE","FALSE","FALSE","FALSE","annual","TRUE","2024-07","2024-10","2024-10-23",\N
"S-83e7bb","A-781cc0","Pro","16","0.00","0.00","TRUE","TRUE","FALSE","FALSE","annual","TRUE","2024-09","2024-10","2024-10-09",\N
"S-5178de","A-e61e98","Pro","40","1960.00","23520.00","FALSE","FALSE","FALSE","FALSE","annual","FALSE","2023-11","2023-12","2023-12-06",\N
"S-375190","A-d4ac0e","Pro","25","1225.00","14700.00","FALSE","FALSE","FALSE","FALSE","monthly","TRUE","2024-05","2024-06","2024-06-01",\N
"S-2c5e1c","A-4814a3","Enterprise","87","17313.00","207756.00","FALSE","FALSE","TRUE","FALSE","monthly","TRUE","2024-09","2024-12","2024-12-08",\N
"S-84e146","A-d82ef9","Basic","53","1007.00","12084.00","FALSE","FALSE","FALSE","TRUE","monthly","TRUE","2024-07","2024-07","2024-07-21","2024-11-24"
"S-5fea89","A-2e3bad","Enterprise","61","12139.00","145668.00","FALSE","FALSE","FALSE","FALSE","monthly","TRUE","2023-08","2023-08","2023-08-19",\N
"S-a18bb2","A-09540c","Pro","67","3283.00","39396.00","FALSE","FALSE","FALSE","FALSE","monthly","TRUE","2024-04","2024-12","2024-12-22",\N
"S-41d4ca","A-90a8c8","Pro","21","0.00","0.00","TRUE","TRUE","FALSE","FALSE","monthly","TRUE","2024-08","2024-09","2024-09-19",\N
"S-c6acda","A-1e1b80","Enterprise","50","0.00","0.00","TRUE","FALSE","FALSE","FALSE","annual","TRUE","2023-10","2024-07","2024-07-10",\N
"S-918151","A-855a48","Enterprise","27","5373.00","64476.00","FALSE","FALSE","FALSE","FALSE","annual","FALSE","2024-01","2024-05","2024-05-29",\N
"S-38a5fb","A-6843f2","Enterprise","21","4179.00","50148.00","FALSE","FALSE","FALSE","FALSE","monthly","TRUE","2024-12","2024-12","2024-12-14",\N
"S-dea1f5","A-bb1eaa","Basic","21","399.00","4788.00","FALSE","FALSE","TRUE","FALSE","annual","TRUE","2024-06","2024-07","2024-07-14",\N
"S-fee7b2","A-1986ca","Enterprise","31","6169.00","74028.00","FALSE","TRUE","FALSE","FALSE","monthly","TRUE","2023-07","2024-05","2024-05-07",\N
"S-875645","A-2d1036","Basic","69","1311.00","15732.00","FALSE","FALSE","FALSE","FALSE","monthly","TRUE","2024-07","2024-09","2024-09-24",\N
"S-f018e9","A-019782","Basic","14","266.00","3192.00","FALSE","FALSE","FALSE","FALSE","annual","TRUE","2023-06","2024-06","2024-06-25",\N
"S-8a74bb","A-ac9111","Enterprise","36","0.00","0.00","TRUE","FALSE","FALSE","FALSE","monthly","TRUE","2023-09","2024-10","2024-10-30",\N
"S-2aa395","A-c45b23","Basic","5","95.00","1140.00","FALSE","FALSE","FALSE","FALSE","monthly","FALSE","2023-12","2024-07","2024-07-31",\N
"S-7de656","A-f17767","Pro","14","686.00","8232.00","FALSE","FALSE","FALSE","TRUE","annual","TRUE","2023-02","2023-02","2023-02-15","2023-08-25"
"S-f2ccdd","A-956988","Enterprise","32","6368.00","76416.00","FALSE","FALSE","FALSE","FALSE","annual","TRUE","2024-12","2024-12","2024-12-30",\N
"S-e2fd71","A-158f4e","Basic","61","1159.00","13908.00","FALSE","FALSE","FALSE","FALSE","monthly","TRUE","2023-06","2023-11","2023-11-29",\N
"S-9b493e","A-5b051a","Basic","22","418.00","5016.00","FALSE","FALSE","FALSE","FALSE","monthly","TRUE","2024-09","2024-11","2024-11-23",\N
"S-742e23","A-aa9511","Pro","23","1127.00","13524.00","FALSE","FALSE","FALSE","FALSE","annual","TRUE","2023-10","2024-06","2024-06-23",\N
"S-e7fe6f","A-35083d","Pro","42","2058.00","24696.00","FALSE","TRUE","FALSE","FALSE","annual","TRUE","2023-06","2024-07","2024-07-22",\N
"S-2940a5","A-b2225d","Enterprise","47","0.00","0.00","TRUE","FALSE","TRUE","FALSE","annual","FALSE","2024-04","2024-04","2024-04-02",\N
"S-0fc93f","A-5fe118","Basic","39","741.00","8892.00","FALSE","FALSE","FALSE","FALSE","annual","FALSE","2024-12","2024-12","2024-12-04",\N
"S-81a509","A-8b25f2","Basic","11","209.00","2508.00","FALSE","TRUE","FALSE","FALSE","annual","TRUE","2024-02","2024-09","2024-09-10",\N
"S-62f5b1","A-20736a","Enterprise","50","9950.00","119400.00","FALSE","TRUE","FALSE","FALSE","annual","TRUE","2024-05","2024-11","2024-11-23",\N
"S-a801d1","A-4c38bc","Enterprise","36","7164.00","85968.00","FALSE","FALSE","FALSE","FALSE","monthly","TRUE","2024-03","2024-04","2024-04-03",\N
"S-ad1e4a","A-d3c88e","Basic","16","0.00","0.00","TRUE","TRUE","FALSE","FALSE","monthly","TRUE","2024-10","2024-11","2024-11-01",\N
"S-ad3ef7","A-35083d","Enterprise","19","0.00","0.00","TRUE","FALSE","FALSE","FALSE","annual","TRUE","2023-06","2023-06","2023-06-03",\N
"S-a5a40b","A-180abf","Enterprise","64","12736.00","152832.00","FALSE","FALSE","FALSE","TRUE","annual","FALSE","2023-09","2023-09","2023-09-16","2023-11-06"
"S-05b245","A-e61e98","Enterprise","34","6766.00","81192.00","FALSE","FALSE","FALSE","FALSE","annual","TRUE","2023-11","2024-09","2024-09-01",\N
"S-3cc641","A-3be56b","Basic","7","133.00","1596.00","FALSE","TRUE","FALSE","FALSE","monthly","FALSE","2023-11","2024-05","2024-05-14",\N
"S-f973d4","A-5247b3","Pro","24","1176.00","14112.00","FALSE","TRUE","FALSE","FALSE","monthly","TRUE","2024-03","2024-07","2024-07-27",\N
"S-f25e72","A-66224b","Pro","92","4508.00","54096.00","FALSE","FALSE","FALSE","FALSE","annual","TRUE","2024-10","2024-11","2024-11-13",\N
"S-4f81c2","A-ed510f","Pro","42","2058.00","24696.00","FALSE","FALSE","FALSE","FALSE","monthly","FALSE","2023-03","2024-09","2024-09-18",\N
"S-b65ff3","A-c37601","Enterprise","6","1194.00","14328.00","FALSE","FALSE","FALSE","FALSE","annual","TRUE","2024-11","2024-11","2024-11-11",\N
"S-5f5b36","A-d42431","Enterprise","22","4378.00","52536.00","FALSE","FALSE","FALSE","FALSE","monthly","TRUE","2024-06","2024-08","2024-08-26",\N
"S-e5c35c","A-66224b","Enterprise","92","18308.00","219696.00","FALSE","FALSE","FALSE","FALSE","monthly","TRUE","2024-10","2024-11","2024-11-27",\N
"S-bc66af","A-157070","Pro","18","882.00","10584.00","FALSE","FALSE","FALSE","TRUE","monthly","TRUE","2023-12","2024-02","2024-02-12","2024-10-02"
"S-eff39c","A-118f1c","Enterprise","32","6368.00","76416.00","FALSE","FALSE","FALSE","FALSE","annual","TRUE","2024-10","2024-10","2024-10-31",\N
"S-3c0075","A-9123ac","Basic","11","209.00","2508.00","FALSE","FALSE","FALSE","FALSE","monthly","TRUE","2023-10","2024-05","2024-05-27",\N
"S-aaaa83","A-712533","Basic","45","0.00","0.00","TRUE","FALSE","FALSE","FALSE","monthly","TRUE","2023-08","2024-04","2024-04-26",\N
"S-a09141","A-e3bd71","Enterprise","31","6169.00","74028.00","FALSE","FALSE","FALSE","FALSE","annual","FALSE","2023-04","2023-04","2023-04-03",\N
"S-19edee","A-55f257","Enterprise","21","4179.00","50148.00","FALSE","FALSE","FALSE","FALSE","monthly","FALSE","2024-01","2024-08","2024-08-19",\N
"S-6f0169","A-86cdb4","Pro","3","147.00","1764.00","FALSE","FALSE","FALSE","TRUE","monthly","TRUE","2024-10","2024-10","2024-10-23","2024-11-06"
"S-bfdb45","A-cb6cc6","Enterprise","13","0.00","0.00","TRUE","FALSE","FALSE","FALSE","annual","TRUE","2023-04","2023-04","2023-04-20",\N
"S-9da0f3","A-1d5444","Enterprise","41","8159.00","97908.00","FALSE","TRUE","FALSE","FALSE","monthly","TRUE","2024-03","2024-05","2024-05-13",\N
"S-68adfa","A-7f29a7","Basic","41","0.00","0.00","TRUE","FALSE","FALSE","FALSE","monthly","TRUE","2024-09","2024-10","2024-10-06",\N
"S-fcd231","A-712426","Enterprise","63","0.00","0.00","TRUE","FALSE","FALSE","FALSE","annual","TRUE","2024-11","2024-12","2024-12-31",\N
"S-9a1e04","A-de24d5","Enterprise","5","995.00","11940.00","FALSE","FALSE","FALSE","FALSE","annual","TRUE","2024-11","2024-12","2024-12-06",\N
"S-38b3b4","A-533452","Enterprise","26","5174.00","62088.00","FALSE","FALSE","FALSE","FALSE","annual","TRUE","2024-11","2024-11","2024-11-28",\N
"S-b69fa2","A-029f69","Pro","27","1323.00","15876.00","FALSE","FALSE","FALSE","FALSE","monthly","FALSE","2024-05","2024-09","2024-09-09",\N
"S-a924c2","A-3cc791","Pro","6","294.00","3528.00","FALSE","FALSE","FALSE","FALSE","annual","TRUE","2024-01","2024-07","2024-07-08",\N
"S-05553e","A-bc87bc","Enterprise","31","6169.00","74028.00","FALSE","FALSE","FALSE","FALSE","annual","TRUE","2024-09","2024-11","2024-11-26",\N
"S-6ace80","A-6f8ad2","Enterprise","7","1393.00","16716.00","FALSE","FALSE","FALSE","FALSE","monthly","TRUE","2024-07","2024-09","2024-09-16",\N
"S-0b2faf","A-c45b23","Basic","15","0.00","0.00","TRUE","FALSE","FALSE","FALSE","monthly","TRUE","2023-12","2024-07","2024-07-05",\N
"S-c01d79","A-296d7c","Basic","24","0.00","0.00","TRUE","FALSE","FALSE","FALSE","monthly","TRUE","2024-01","2024-07","2024-07-19",\N
"S-df69fe","A-e7a1e2","Enterprise","44","8756.00","105072.00","FALSE","FALSE","FALSE","FALSE","annual","TRUE","2024-07","2024-12","2024-12-29",\N
"S-f9d635","A-a1b80b","Enterprise","52","10348.00","124176.00","FALSE","FALSE","FALSE","FALSE","monthly","FALSE","2024-03","2024-03","2024-03-11",\N
"S-d96652","A-503d5a","Enterprise","7","0.00","0.00","TRUE","FALSE","FALSE","FALSE","monthly","TRUE","2023-10","2024-05","2024-05-01",\N
"S-869bba","A-b9f5b1","Enterprise","15","0.00","0.00","TRUE","FALSE","FALSE","FALSE","annual","FALSE","2023-03","2023-10","2023-10-31",\N
"S-7c1eb9","A-d3c88e","Basic","21","399.00","4788.00","FALSE","FALSE","FALSE","FALSE","annual","FALSE","2024-10","2024-12","2024-12-24",\N
"S-3f00dc","A-6f50ae","Pro","19","931.00","11172.00","FALSE","FALSE","FALSE","FALSE","annual","TRUE","2023-11","2024-09","2024-09-02",\N
"S-60ea07","A-3be56b","Pro","14","686.00","8232.00","FALSE","FALSE","FALSE","FALSE","annual","TRUE","2023-11","2024-08","2024-08-22",\N
"S-7052a5","A-d5a319","Basic","16","304.00","3648.00","FALSE","FALSE","FALSE","FALSE","annual","TRUE","2023-06","2023-11","2023-11-15",\N
"S-1b713e","A-1d5444","Basic","24","0.00","0.00","TRUE","TRUE","FALSE","FALSE","annual","FALSE","2024-03","2024-11","2024-11-26",\N
"S-63e79e","A-7c5768","Enterprise","25","0.00","0.00","TRUE","FALSE","FALSE","FALSE","annual","TRUE","2024-03","2024-10","2024-10-20",\N
"S-a54fb2","A-8ae05d","Basic","86","1634.00","19608.00","FALSE","FALSE","FALSE","FALSE","annual","FALSE","2024-06","2024-06","2024-06-01",\N
"S-07734f","A-b7ef83","Basic","8","152.00","1824.00","FALSE","FALSE","FALSE","FALSE","annual","TRUE","2024-06","2024-11","2024-11-20",\N
"S-6015db","A-b179bf","Enterprise","43","8557.00","102684.00","FALSE","FALSE","FALSE","FALSE","annual","TRUE","2024-10","2024-11","2024-11-15",\N
"S-1e3a06","A-2b9d3e","Enterprise","2","398.00","4776.00","FALSE","FALSE","FALSE","FALSE","monthly","TRUE","2023-09","2024-12","2024-12-26",\N
"S-82a67a","A-712426","Pro","15","735.00","8820.00","FALSE","FALSE","FALSE","TRUE","annual","TRUE","2024-11","2024-12","2024-12-11","2024-12-13"
"S-531e3a","A-e5d6ab","Basic","39","741.00","8892.00","FALSE","FALSE","FALSE","FALSE","monthly","TRUE","2023-05","2024-07","2024-07-22",\N
"S-7d8dde","A-3932db","Enterprise","35","6965.00","83580.00","FALSE","FALSE","FALSE","FALSE","monthly","TRUE","2023-12","2024-11","2024-11-29",\N
"S-f00f7e","A-35083d","Pro","25","1225.00","14700.00","FALSE","FALSE","FALSE","FALSE","monthly","TRUE","2023-06","2024-09","2024-09-09",\N
"S-92f78a","A-6e08f3","Enterprise","11","2189.00","26268.00","FALSE","FALSE","FALSE","FALSE","monthly","TRUE","2023-07","2024-02","2024-02-22",\N
"S-1200b3","A-32fb14","Basic","26","494.00","5928.00","FALSE","FALSE","FALSE","FALSE","annual","FALSE","2023-07","2023-11","2023-11-19",\N
"S-e2799b","A-4c56c9","Enterprise","13","2587.00","31044.00","FALSE","FALSE","FALSE","FALSE","monthly","FALSE","2024-05","2024-05","2024-05-13",\N
"S-155b3e","A-18793f","Enterprise","148","29452.00","353424.00","FALSE","FALSE","FALSE","FALSE","annual","FALSE","2024-12","2024-12","2024-12-19",\N
"S-691bff","A-9174e0","Basic","37","703.00","8436.00","FALSE","FALSE","FALSE","FALSE","annual","FALSE","2024-12","2024-12","2024-12-27",\N
"S-5ddf8d","A-7f6b86","Basic","45","855.00","10260.00","FALSE","FALSE","FALSE","FALSE","annual","TRUE","2023-08","2024-12","2024-12-06",\N
"S-57019e","A-ad296b","Pro","38","0.00","0.00","TRUE","FALSE","FALSE","FALSE","annual","TRUE","2024-07","2024-07","2024-07-23",\N
"S-36480d","A-52dd88","Pro","30","1470.00","17640.00","FALSE","FALSE","FALSE","FALSE","annual","TRUE","2023-03","2024-12","2024-12-04",\N
"S-ad7716","A-af0cd2","Pro","19","931.00","11172.00","FALSE","FALSE","FALSE","FALSE","annual","FALSE","2023-01","2023-04","2023-04-13",\N
"S-6cd38d","A-202b67","Basic","22","418.00","5016.00","FALSE","FALSE","FALSE","FALSE","annual","TRUE","2024-03","2024-08","2024-08-28",\N
"S-88c79e","A-e3bd71","Enterprise","31","6169.00","74028.00","FALSE","FALSE","FALSE","TRUE","monthly","TRUE","2023-04","2024-02","2024-02-18","2024-04-29"
"S-42fb01","A-bece89","Pro","28","1372.00","16464.00","FALSE","FALSE","FALSE","FALSE","monthly","TRUE","2024-01","2024-02","2024-02-08",\N
"S-393c51","A-ba6516","Basic","27","513.00","6156.00","FALSE","FALSE","TRUE","FALSE","annual","TRUE","2024-01","2024-04","2024-04-02",\N
"S-29ec80","A-625d0b","Enterprise","9","1791.00","21492.00","FALSE","FALSE","FALSE","FALSE","annual","TRUE","2024-09","2024-12","2024-12-29",\N
"S-9bf16e","A-533452","Pro","9","441.00","5292.00","FALSE","FALSE","FALSE","TRUE","monthly","TRUE","2024-11","2024-11","2024-11-23","2024-12-20"
"S-5d5a8d","A-2922b6","Pro","15","735.00","8820.00","FALSE","FALSE","FALSE","TRUE","annual","TRUE","2024-12","2024-12","2024-12-17","2024-12-28"
"S-b18d59","A-bd4708","Pro","37","1813.00","21756.00","FALSE","FALSE","FALSE","FALSE","annual","TRUE","2024-07","2024-10","2024-10-20",\N
"S-56cb4f","A-cab532","Pro","23","1127.00","13524.00","FALSE","FALSE","FALSE","FALSE","annual","TRUE","2023-04","2024-07","2024-07-23",\N
"S-3fa87d","A-81edc3","Enterprise","5","995.00","11940.00","FALSE","FALSE","FALSE","FALSE","monthly","TRUE","2023-11","2023-11","2023-11-13",\N
"S-96e3e8","A-d3c88e","Basic","16","304.00","3648.00","FALSE","TRUE","FALSE","FALSE","monthly","TRUE","2024-10","2024-12","2024-12-10",\N
"S-b834a9","A-dcc3f1","Basic","26","494.00","5928.00","FALSE","FALSE","FALSE","FALSE","annual","TRUE","2023-12","2024-05","2024-05-29",\N
"S-7452a4","A-118d55","Enterprise","29","5771.00","69252.00","FALSE","FALSE","FALSE","TRUE","monthly","TRUE","2024-10","2024-12","2024-12-30","2024-12-31"
"S-7b65f4","A-7f29a7","Basic","41","779.00","9348.00","FALSE","FALSE","FALSE","TRUE","monthly","FALSE","2024-09","2024-11","2024-11-07","2024-12-02"
"S-a3300f","A-81edc3","Enterprise","5","995.00","11940.00","FALSE","FALSE","FALSE","FALSE","annual","TRUE","2023-11","2024-12","2024-12-16",\N
"S-a9b904","A-7641d3","Basic","8","152.00","1824.00","FALSE","FALSE","FALSE","FALSE","monthly","TRUE","2023-04","2023-04","2023-04-12",\N
"S-43b6e9","A-bbc346","Enterprise","27","5373.00","64476.00","FALSE","FALSE","FALSE","FALSE","monthly","TRUE","2024-08","2024-12","2024-12-13",\N
"S-eec4d5","A-0532a9","Basic","19","361.00","4332.00","FALSE","FALSE","FALSE","FALSE","annual","TRUE","2024-09","2024-12","2024-12-10",\N
"S-7ac30a","A-54ecc2","Enterprise","5","995.00","11940.00","FALSE","FALSE","FALSE","FALSE","annual","TRUE","2023-08","2024-10","2024-10-16",\N
"S-c696fa","A-db5e9e","Basic","9","171.00","2052.00","FALSE","FALSE","FALSE","FALSE","monthly","TRUE","2024-11","2024-11","2024-11-12",\N
"S-86ed20","A-3f9cc0","Enterprise","22","4378.00","52536.00","FALSE","FALSE","FALSE","FALSE","monthly","FALSE","2024-06","2024-07","2024-07-25",\N
"S-dda681","A-8bde0c","Pro","12","588.00","7056.00","FALSE","FALSE","FALSE","FALSE","monthly","FALSE","2024-11","2024-12","2024-12-21",\N
"S-88d746","A-0aaf6e","Enterprise","18","3582.00","42984.00","FALSE","FALSE","FALSE","FALSE","monthly","TRUE","2024-06","2024-12","2024-12-26",\N
"S-fc01ba","A-ba6516","Pro","35","0.00","0.00","TRUE","FALSE","TRUE","FALSE","monthly","TRUE","2024-01","2024-09","2024-09-14",\N
"S-0586ad","A-7920cc","Enterprise","39","7761.00","93132.00","FALSE","FALSE","FALSE","FALSE","monthly","TRUE","2023-11","2024-07","2024-07-28",\N
"S-24631a","A-4d1e75","Basic","20","380.00","4560.00","FALSE","FALSE","FALSE","FALSE","monthly","TRUE","2024-09","2024-09","2024-09-07",\N
"S-3d0e5c","A-dcc2f0","Enterprise","19","0.00","0.00","TRUE","FALSE","FALSE","FALSE","monthly","TRUE","2023-10","2023-11","2023-11-22",\N
"S-519509","A-1ac5e0","Basic","33","627.00","7524.00","FALSE","FALSE","FALSE","FALSE","annual","FALSE","2024-10","2024-11","2024-11-15",\N
"S-8b9deb","A-6c093d","Pro","7","343.00","4116.00","FALSE","FALSE","FALSE","TRUE","monthly","TRUE","2023-04","2024-09","2024-09-12","2024-11-01"
"S-31178d","A-b7ef83","Pro","26","1274.00","15288.00","FALSE","FALSE","FALSE","FALSE","annual","TRUE","2024-06","2024-06","2024-06-29",\N
"S-b29d83","A-51ec1b","Basic","11","209.00","2508.00","FALSE","FALSE","FALSE","FALSE","annual","TRUE","2024-02","2024-02","2024-02-10",\N
"S-a384d2","A-d62e02","Enterprise","21","4179.00","50148.00","FALSE","FALSE","FALSE","FALSE","monthly","TRUE","2024-09","2024-12","2024-12-10",\N
"S-a61485","A-d922bf","Enterprise","32","6368.00","76416.00","FALSE","FALSE","FALSE","FALSE","monthly","TRUE","2023-10","2023-11","2023-11-21",\N
"S-d1f12e","A-3a5ad8","Enterprise","31","6169.00","74028.00","FALSE","FALSE","FALSE","FALSE","monthly","TRUE","2023-12","2024-02","2024-02-15",\N
"S-021985","A-66224b","Enterprise","92","18308.00","219696.00","FALSE","FALSE","FALSE","TRUE","monthly","FALSE","2024-10","2024-12","2024-12-22","2024-12-30"
"S-6cb472","A-922109","Pro","8","392.00","4704.00","FALSE","FALSE","FALSE","FALSE","annual","TRUE","2024-03","2024-09","2024-09-27",\N
"S-fdb8f1","A-09316c","Enterprise","70","13930.00","167160.00","FALSE","FALSE","FALSE","FALSE","annual","TRUE","2024-09","2024-09","2024-09-23",\N
"S-d9d52b","A-22d9d2","Pro","30","1470.00","17640.00","FALSE","FALSE","FALSE","FALSE","annual","TRUE","2024-03","2024-08","2024-08-09",\N
"S-6754a4","A-1f559b","Basic","10","190.00","2280.00","FALSE","FALSE","FALSE","FALSE","annual","FALSE","2023-12","2024-10","2024-10-17",\N
"S-b11cdb","A-05d3b3","Basic","24","456.00","5472.00","FALSE","FALSE","FALSE","TRUE","annual","TRUE","2023-07","2024-08","2024-08-05","2024-08-12"
"S-a84e7f","A-e89151","Enterprise","8","1592.00","19104.00","FALSE","FALSE","FALSE","FALSE","annual","TRUE","2023-11","2023-11","2023-11-14",\N
"S-4f3f73","A-1b9609","Pro","4","196.00","2352.00","FALSE","FALSE","FALSE","TRUE","annual","TRUE","2023-12","2024-08","2024-08-04","2024-08-12"
"S-164594","A-c42f1f","Basic","15","285.00","3420.00","FALSE","FALSE","FALSE","FALSE","annual","FALSE","2024-07","2024-10","2024-10-26",\N
"S-aef18a","A-4a267b","Pro","25","0.00","0.00","TRUE","TRUE","FALSE","FALSE","annual","TRUE","2024-05","2024-11","2024-11-06",\N
"S-16dc40","A-ce550d","Pro","51","2499.00","29988.00","FALSE","TRUE","FALSE","FALSE","monthly","TRUE","2024-10","2024-11","2024-11-16",\N
"S-a8299c","A-e60f9d","Enterprise","29","5771.00","69252.00","FALSE","FALSE","FALSE","FALSE","monthly","TRUE","2024-09","2024-12","2024-12-03",\N
"S-842582","A-104f1a","Pro","45","0.00","0.00","TRUE","FALSE","FALSE","FALSE","annual","TRUE","2024-09","2024-09","2024-09-24",\N
"S-6956dc","A-40906c","Pro","92","4508.00","54096.00","FALSE","FALSE","FALSE","FALSE","annual","TRUE","2024-05","2024-06","2024-06-06",\N
"S-2aad81","A-700ade","Basic","7","133.00","1596.00","FALSE","FALSE","FALSE","FALSE","annual","TRUE","2024-11","2024-11","2024-11-25",\N
"S-f09511","A-4437e4","Enterprise","3","597.00","7164.00","FALSE","TRUE","FALSE","FALSE","monthly","TRUE","2023-11","2024-05","2024-05-14",\N
"S-52d03a","A-342303","Enterprise","10","0.00","0.00","TRUE","FALSE","FALSE","FALSE","annual","TRUE","2024-05","2024-11","2024-11-30",\N
"S-70b537","A-526d93","Enterprise","43","8557.00","102684.00","FALSE","TRUE","FALSE","FALSE","annual","FALSE","2024-04","2024-09","2024-09-26",\N
"S-8e7d28","A-7f6b86","Pro","45","0.00","0.00","TRUE","FALSE","FALSE","FALSE","monthly","TRUE","2023-08","2024-07","2024-07-05",\N
"S-3128b4","A-30b4ca","Enterprise","86","17114.00","205368.00","FALSE","FALSE","FALSE","FALSE","monthly","FALSE","2024-05","2024-05","2024-05-27",\N
"S-ce9977","A-42e5e1","Enterprise","53","0.00","0.00","TRUE","TRUE","FALSE","FALSE","monthly","TRUE","2024-07","2024-08","2024-08-02",\N
"S-16486d","A-0651a4","Pro","16","784.00","9408.00","FALSE","FALSE","FALSE","FALSE","monthly","TRUE","2024-10","2024-12","2024-12-15",\N
"S-c5835c","A-812c5b","Basic","55","0.00","0.00","TRUE","FALSE","FALSE","FALSE","monthly","TRUE","2024-04","2024-06","2024-06-25",\N
"S-890baf","A-6e7827","Pro","3","147.00","1764.00","FALSE","FALSE","FALSE","FALSE","monthly","TRUE","2023-06","2024-04","2024-04-22",\N
"S-ec0efa","A-45ce7a","Basic","22","418.00","5016.00","FALSE","FALSE","FALSE","FALSE","monthly","TRUE","2023-08","2024-04","2024-04-04",\N
"S-09ada1","A-87aa7b","Basic","24","456.00","5472.00","FALSE","FALSE","FALSE","FALSE","annual","TRUE","2024-05","2024-11","2024-11-23",\N
"S-2ecaea","A-756192","Enterprise","25","4975.00","59700.00","FALSE","FALSE","FALSE","FALSE","monthly","TRUE","2023-09","2024-06","2024-06-28",\N
"S-0d86a4","A-700ade","Pro","12","588.00","7056.00","FALSE","FALSE","FALSE","FALSE","monthly","FALSE","2024-11","2024-11","2024-11-11",\N
"S-a2f231","A-1f559b","Pro","59","2891.00","34692.00","FALSE","FALSE","FALSE","FALSE","monthly","FALSE","2023-12","2024-04","2024-04-21",\N
"S-dbcf87","A-a8d89d","Enterprise","13","2587.00","31044.00","FALSE","FALSE","FALSE","FALSE","monthly","TRUE","2023-12","2024-09","2024-09-26",\N
"S-d6e421","A-fd7ad3","Pro","10","0.00","0.00","TRUE","FALSE","FALSE","FALSE","annual","TRUE","2024-11","2024-11","2024-11-17",\N
"S-50815c","A-e3bd71","Basic","31","589.00","7068.00","FALSE","FALSE","FALSE","FALSE","monthly","TRUE","2023-04","2024-01","2024-01-11",\N
"S-25ec8c","A-6965e1","Pro","16","0.00","0.00","TRUE","FALSE","FALSE","FALSE","monthly","FALSE","2024-12","2024-12","2024-12-05",\N
"S-180b6c","A-f3ff05","Basic","30","570.00","6840.00","FALSE","FALSE","FALSE","FALSE","monthly","TRUE","2024-08","2024-12","2024-12-02",\N
"S-ae20d8","A-9289f6","Basic","12","228.00","2736.00","FALSE","TRUE","FALSE","TRUE","annual","TRUE","2023-07","2023-07","2023-07-04","2023-07-09"
"S-cb3c72","A-69b156","Enterprise","13","2587.00","31044.00","FALSE","FALSE","FALSE","FALSE","monthly","TRUE","2023-12","2024-06","2024-06-16",\N
"S-7bb339","A-fa3095","Enterprise","70","13930.00","167160.00","FALSE","FALSE","FALSE","FALSE","annual","TRUE","2023-09","2023-12","2023-12-06",\N
"S-374d5f","A-fabe19","Enterprise","5","995.00","11940.00","FALSE","FALSE","FALSE","FALSE","annual","TRUE","2024-11","2024-11","2024-11-24",\N
"S-2f7250","A-3ce5b8","Pro","36","1764.00","21168.00","FALSE","FALSE","FALSE","FALSE","monthly","TRUE","2023-12","2024-03","2024-03-05",\N
"S-1d081a","A-ad3abd","Pro","44","2156.00","25872.00","FALSE","FALSE","FALSE","TRUE","annual","TRUE","2023-03","2023-05","2023-05-10","2024-07-20"
"S-0e9f04","A-7c83a1","Enterprise","12","2388.00","28656.00","FALSE","FALSE","FALSE","FALSE","monthly","TRUE","2024-05","2024-05","2024-05-24",\N
"S-d7163c","A-118d55","Pro","11","539.00","6468.00","FALSE","FALSE","TRUE","FALSE","monthly","TRUE","2024-10","2024-12","2024-12-27",\N
"S-3bdedd","A-378b99","Basic","59","1121.00","13452.00","FALSE","FALSE","FALSE","FALSE","monthly","TRUE","2024-09","2024-11","2024-11-03",\N
"S-14a95a","A-ffc04f","Pro","20","980.00","11760.00","FALSE","FALSE","FALSE","FALSE","monthly","TRUE","2024-06","2024-10","2024-10-22",\N
"S-f15008","A-0aaf6e","Pro","12","588.00","7056.00","FALSE","FALSE","FALSE","TRUE","annual","FALSE","2024-06","2024-12","2024-12-07","2024-12-15"
"S-c76699","A-f9cc74","Basic","30","570.00","6840.00","FALSE","FALSE","FALSE","FALSE","monthly","FALSE","2024-10","2024-11","2024-11-26",\N
"S-7456c5","A-8ae3fc","Basic","9","171.00","2052.00","FALSE","FALSE","FALSE","FALSE","monthly","TRUE","2024-07","2024-09","2024-09-09",\N
"S-947b62","A-34ea2f","Enterprise","16","3184.00","38208.00","FALSE","FALSE","FALSE","FALSE","annual","FALSE","2024-09","2024-12","2024-12-25",\N
"S-7b2efe","A-af0cd2","Basic","19","361.00","4332.00","FALSE","FALSE","FALSE","FALSE","monthly","FALSE","2023-01","2024-09","2024-09-27",\N
"S-92421b","A-4e631b","Pro","22","0.00","0.00","TRUE","FALSE","FALSE","FALSE","monthly","TRUE","2024-03","2024-11","2024-11-12",\N
"S-ede618","A-463db0","Pro","15","735.00","8820.00","FALSE","FALSE","FALSE","FALSE","annual","TRUE","2024-12","2024-12","2024-12-15",\N
"S-65b963","A-e888d1","Basic","22","0.00","0.00","TRUE","FALSE","FALSE","FALSE","monthly","TRUE","2023-05","2024-03","2024-03-04",\N
"S-adbb41","A-9289f6","Enterprise","24","0.00","0.00","TRUE","FALSE","FALSE","FALSE","annual","FALSE","2023-07","2024-12","2024-12-11",\N
"S-ce6528","A-4a4c2d","Basic","54","1026.00","12312.00","FALSE","FALSE","FALSE","FALSE","annual","TRUE","2023-07","2023-07","2023-07-04",\N
"S-c45df0","A-a45270","Enterprise","3","597.00","7164.00","FALSE","FALSE","FALSE","FALSE","monthly","FALSE","2024-07","2024-11","2024-11-15",\N
"S-faee8b","A-56962b","Pro","163","0.00","0.00","TRUE","FALSE","FALSE","FALSE","monthly","FALSE","2024-05","2024-05","2024-05-15",\N
"S-9bb9da","A-0be015","Pro","26","0.00","0.00","TRUE","FALSE","FALSE","FALSE","monthly","TRUE","2024-10","2024-12","2024-12-24",\N
"S-913134","A-bbc346","Basic","40","760.00","9120.00","FALSE","FALSE","FALSE","FALSE","monthly","TRUE","2024-08","2024-11","2024-11-29",\N
"S-0ada66","A-c4ea60","Enterprise","18","3582.00","42984.00","FALSE","FALSE","FALSE","FALSE","monthly","FALSE","2023-04","2024-07","2024-07-29",\N
"S-75fe32","A-3793ee","Pro","49","2401.00","28812.00","FALSE","FALSE","FALSE","FALSE","annual","TRUE","2023-11","2024-03","2024-03-13",\N
"S-1dfdd0","A-712426","Basic","13","247.00","2964.00","FALSE","FALSE","FALSE","FALSE","monthly","TRUE","2024-11","2024-12","2024-12-30",\N
"S-4815a3","A-19b2c8","Basic","22","418.00","5016.00","FALSE","FALSE","FALSE","FALSE","monthly","TRUE","2023-06","2023-08","2023-08-01",\N
"S-691d69","A-cea1f0","Enterprise","22","4378.00","52536.00","FALSE","TRUE","FALSE","FALSE","monthly","TRUE","2024-06","2024-10","2024-10-18",\N
"S-e90e70","A-f51f16","Basic","2","38.00","456.00","FALSE","FALSE","FALSE","FALSE","annual","TRUE","2024-02","2024-08","2024-08-27",\N
"S-8eb6df","A-c7ffc2","Enterprise","30","5970.00","71640.00","FALSE","FALSE","FALSE","FALSE","monthly","TRUE","2023-05","2024-02","2024-02-17",\N
"S-4dae4f","A-6e08f3","Enterprise","20","3980.00","47760.00","FALSE","FALSE","FALSE","FALSE","monthly","TRUE","2023-07","2024-05","2024-05-09",\N
"S-f4376f","A-9ee962","Basic","9","171.00","2052.00","FALSE","FALSE","FALSE","FALSE","annual","FALSE","2023-06","2024-05","2024-05-21",\N
"S-ce5e0e","A-158f4e","Pro","61","2989.00","35868.00","FALSE","FALSE","FALSE","FALSE","annual","TRUE","2023-06","2023-09","2023-09-17",\N
"S-5bc71c","A-d77f4c","Basic","8","152.00","1824.00","FALSE","FALSE","FALSE","TRUE","monthly","TRUE","2023-10","2023-10","2023-10-24","2024-02-19"
"S-80af85","A-2edab2","Basic","17","323.00","3876.00","FALSE","FALSE","FALSE","FALSE","annual","TRUE","2023-11","2023-11","2023-11-22",\N
"S-9a115f","A-f5641b","Enterprise","45","8955.00","107460.00","FALSE","FALSE","FALSE","FALSE","monthly","TRUE","2024-04","2024-12","2024-12-29",\N
"S-a959a3","A-ad3abd","Enterprise","44","8756.00","105072.00","FALSE","FALSE","FALSE","FALSE","monthly","FALSE","2023-03","2023-03","2023-03-18",\N
"S-6def60","A-1e1b80","Basic","50","950.00","11400.00","FALSE","FALSE","FALSE","FALSE","monthly","TRUE","2023-10","2023-10","2023-10-11",\N
"S-2a57b3","A-7e0a10","Basic","46","874.00","10488.00","FALSE","FALSE","FALSE","FALSE","annual","TRUE","2023-11","2024-06","2024-06-29",\N
"S-b39049","A-4e44e8","Pro","18","0.00","0.00","TRUE","FALSE","FALSE","FALSE","monthly","TRUE","2024-08","2024-11","2024-11-08",\N
"S-802cc6","A-eafc6e","Enterprise","34","6766.00","81192.00","FALSE","FALSE","FALSE","FALSE","annual","TRUE","2023-08","2023-11","2023-11-15",\N
"S-19c44c","A-8b0451","Basic","41","779.00","9348.00","FALSE","FALSE","FALSE","FALSE","monthly","TRUE","2024-09","2024-12","2024-12-09",\N
"S-396a83","A-1b7577","Enterprise","4","796.00","9552.00","FALSE","FALSE","FALSE","FALSE","monthly","TRUE","2024-10","2024-11","2024-11-28",\N
"S-d1aacf","A-c70870","Basic","31","589.00","7068.00","FALSE","TRUE","FALSE","FALSE","annual","TRUE","2024-11","2024-12","2024-12-06",\N
"S-2beaee","A-ffdfd5","Pro","92","4508.00","54096.00","FALSE","FALSE","FALSE","FALSE","annual","FALSE","2024-04","2024-09","2024-09-14",\N
"S-16e21f","A-82d8a6","Enterprise","27","5373.00","64476.00","FALSE","FALSE","FALSE","FALSE","annual","FALSE","2024-12","2024-12","2024-12-13",\N
"S-a918f3","A-d27f50","Enterprise","44","8756.00","105072.00","FALSE","FALSE","FALSE","FALSE","monthly","TRUE","2024-07","2024-12","2024-12-05",\N
"S-b4b400","A-35083d","Pro","19","931.00","11172.00","FALSE","TRUE","FALSE","FALSE","annual","TRUE","2023-06","2024-04","2024-04-16",\N
"S-52699f","A-df10db","Basic","14","266.00","3192.00","FALSE","FALSE","FALSE","TRUE","monthly","TRUE","2023-08","2023-08","2023-08-25","2024-12-03"
"S-52404a","A-cd458b","Basic","26","494.00","5928.00","FALSE","FALSE","FALSE","FALSE","annual","TRUE","2024-07","2024-10","2024-10-26",\N
"S-dacc80","A-6965e1","Basic","13","247.00","2964.00","FALSE","FALSE","FALSE","FALSE","monthly","TRUE","2024-12","2024-12","2024-12-30",\N
"S-91c435","A-dfbd31","Basic","14","266.00","3192.00","FALSE","FALSE","FALSE","FALSE","monthly","TRUE","2023-12","2024-12","2024-12-09",\N
"S-64d514","A-65aeb5","Enterprise","56","11144.00","133728.00","FALSE","FALSE","FALSE","FALSE","annual","FALSE","2024-02","2024-09","2024-09-06",\N
"S-006fed","A-ac9111","Basic","21","399.00","4788.00","FALSE","FALSE","FALSE","TRUE","monthly","TRUE","2023-09","2023-10","2023-10-09","2024-06-20"
"S-2aafa6","A-bbc346","Enterprise","19","3781.00","45372.00","FALSE","FALSE","FALSE","FALSE","annual","TRUE","2024-08","2024-10","2024-10-03",\N
"S-1577c3","A-544d0a","Basic","3","0.00","0.00","TRUE","FALSE","FALSE","FALSE","monthly","TRUE","2024-05","2024-11","2024-11-29",\N
"S-3ea3af","A-019782","Pro","11","539.00","6468.00","FALSE","FALSE","FALSE","FALSE","monthly","FALSE","2023-06","2024-05","2024-05-16",\N
"S-615537","A-7f4db3","Pro","16","784.00","9408.00","FALSE","FALSE","FALSE","FALSE","annual","TRUE","2023-03","2024-03","2024-03-30",\N
"S-fc8463","A-4e44e8","Basic","10","190.00","2280.00","FALSE","FALSE","FALSE","FALSE","annual","TRUE","2024-08","2024-10","2024-10-16",\N
"S-8106d9","A-3a5ad8","Pro","36","1764.00","21168.00","FALSE","FALSE","FALSE","FALSE","monthly","FALSE","2023-12","2024-11","2024-11-06",\N
"S-5b699e","A-b7b7b7","Basic","24","456.00","5472.00","FALSE","FALSE","FALSE","FALSE","annual","TRUE","2024-07","2024-09","2024-09-16",\N
"S-021297","A-5ed98d","Enterprise","24","4776.00","57312.00","FALSE","FALSE","FALSE","FALSE","annual","TRUE","2024-06","2024-06","2024-06-28",\N
"S-0f7a92","A-700ade","Pro","1","49.00","588.00","FALSE","FALSE","FALSE","FALSE","monthly","FALSE","2024-11","2024-12","2024-12-23",\N
"S-85caaf","A-089363","Pro","2","98.00","1176.00","FALSE","TRUE","FALSE","FALSE","annual","TRUE","2023-06","2023-06","2023-06-03",\N
"S-d8a52e","A-cc102e","Enterprise","15","2985.00","35820.00","FALSE","FALSE","FALSE","FALSE","monthly","TRUE","2024-05","2024-11","2024-11-19",\N
"S-7b3fd3","A-5a92e7","Enterprise","4","796.00","9552.00","FALSE","FALSE","FALSE","TRUE","annual","TRUE","2024-06","2024-07","2024-07-08","2024-10-15"
"S-9a1297","A-b11cd0","Pro","26","1274.00","15288.00","FALSE","FALSE","FALSE","FALSE","annual","TRUE","2023-02","2024-07","2024-07-20",\N
"S-858aa0","A-6da850","Enterprise","25","4975.00","59700.00","FALSE","FALSE","FALSE","FALSE","annual","FALSE","2023-10","2024-10","2024-10-09",\N
"S-8b345c","A-c43359","Pro","38","0.00","0.00","TRUE","FALSE","TRUE","FALSE","monthly","TRUE","2024-11","2024-12","2024-12-10",\N
"S-456829","A-f92792","Pro","26","1274.00","15288.00","FALSE","FALSE","FALSE","FALSE","annual","FALSE","2024-07","2024-07","2024-07-07",\N
"S-c2cc5c","A-2bc93d","Enterprise","20","3980.00","47760.00","FALSE","FALSE","FALSE","FALSE","annual","TRUE","2023-07","2023-11","2023-11-24",\N
"S-2126cd","A-f45426","Pro","9","441.00","5292.00","FALSE","FALSE","FALSE","FALSE","monthly","FALSE","2024-08","2024-12","2024-12-29",\N
"S-91ab2e","A-c62e55","Pro","34","1666.00","19992.00","FALSE","FALSE","FALSE","FALSE","annual","FALSE","2023-11","2023-11","2023-11-15",\N
"S-8cba1c","A-4814a3","Enterprise","87","0.00","0.00","TRUE","FALSE","FALSE","FALSE","monthly","FALSE","2024-09","2024-10","2024-10-19",\N
"S-6ee525","A-9badbd","Enterprise","23","4577.00","54924.00","FALSE","FALSE","FALSE","FALSE","annual","TRUE","2024-06","2024-09","2024-09-05",\N
"S-400e62","A-0f3e88","Basic","14","266.00","3192.00","FALSE","FALSE","FALSE","FALSE","annual","FALSE","2023-08","2024-04","2024-04-18",\N
"S-5f2554","A-81edc3","Pro","12","588.00","7056.00","FALSE","FALSE","FALSE","FALSE","monthly","FALSE","2023-11","2023-11","2023-11-07",\N
"S-877508","A-b3fe05","Pro","11","0.00","0.00","TRUE","FALSE","FALSE","FALSE","annual","TRUE","2024-06","2024-06","2024-06-06",\N
"S-37b367","A-a8d89d","Basic","13","247.00","2964.00","FALSE","FALSE","FALSE","FALSE","annual","TRUE","2023-12","2024-09","2024-09-17",\N
"S-ac6547","A-b20d99","Basic","20","380.00","4560.00","FALSE","FALSE","FALSE","FALSE","annual","TRUE","2024-01","2024-07","2024-07-19",\N
"S-525864","A-a09355","Pro","14","686.00","8232.00","FALSE","FALSE","FALSE","FALSE","monthly","TRUE","2024-08","2024-12","2024-12-29",\N
"S-856627","A-b48f73","Pro","80","3920.00","47040.00","FALSE","FALSE","FALSE","FALSE","annual","FALSE","2024-11","2024-11","2024-11-24",\N
"S-195cd5","A-ae052e","Pro","40","1960.00","23520.00","FALSE","FALSE","FALSE","TRUE","monthly","TRUE","2024-01","2024-11","2024-11-28","2024-12-06"
"S-4e4ab7","A-eb1312","Basic","25","475.00","5700.00","FALSE","FALSE","FALSE","FALSE","monthly","FALSE","2024-09","2024-10","2024-10-08",\N
"S-cfca40","A-7d514c","Enterprise","34","6766.00","81192.00","FALSE","FALSE","FALSE","FALSE","monthly","TRUE","2024-02","2024-04","2024-04-01",\N
"S-a82909","A-3a5ad8","Enterprise","70","13930.00","167160.00","FALSE","FALSE","FALSE","FALSE","annual","TRUE","2023-12","2024-11","2024-11-19",\N
"S-ab212b","A-f1f639","Basic","2","38.00","456.00","FALSE","TRUE","FALSE","FALSE","monthly","TRUE","2023-07","2024-01","2024-01-16",\N
"S-92e1fc","A-45ce7a","Pro","16","0.00","0.00","TRUE","FALSE","FALSE","FALSE","monthly","TRUE","2023-08","2024-04","2024-04-13",\N
"S-add36b","A-e3bd71","Enterprise","31","6169.00","74028.00","FALSE","TRUE","TRUE","FALSE","monthly","TRUE","2023-04","2024-03","2024-03-20",\N
"S-dcde3f","A-ffc04f","Pro","13","0.00","0.00","TRUE","FALSE","FALSE","FALSE","monthly","FALSE","2024-06","2024-08","2024-08-05",\N
"S-94fa70","A-1b7577","Pro","41","2009.00","24108.00","FALSE","FALSE","FALSE","FALSE","monthly","TRUE","2024-10","2024-12","2024-12-30",\N
"S-80f65d","A-474ad4","Basic","23","437.00","5244.00","FALSE","FALSE","FALSE","FALSE","monthly","TRUE","2023-12","2024-01","2024-01-06",\N
"S-1b373c","A-5b1bcd","Pro","73","3577.00","42924.00","FALSE","FALSE","FALSE","FALSE","annual","FALSE","2023-09","2024-07","2024-07-04",\N
"S-54a3ed","A-f446b6","Pro","5","245.00","2940.00","FALSE","FALSE","FALSE","FALSE","monthly","TRUE","2023-05","2024-07","2024-07-21",\N
"S-77c22b","A-6c093d","Enterprise","7","1393.00","16716.00","FALSE","FALSE","FALSE","FALSE","annual","TRUE","2023-04","2024-03","2024-03-13",\N
"S-bf9e6d","A-9779ad","Enterprise","40","7960.00","95520.00","FALSE","FALSE","FALSE","FALSE","annual","TRUE","2024-04","2024-10","2024-10-23",\N
"S-9daaad","A-e693b6","Enterprise","55","0.00","0.00","TRUE","FALSE","FALSE","FALSE","monthly","TRUE","2023-08","2024-03","2024-03-21",\N
"S-d316df","A-726cfa","Basic","33","627.00","7524.00","FALSE","FALSE","FALSE","FALSE","annual","TRUE","2023-07","2024-07","2024-07-12",\N
"S-d106d4","A-19b2c8","Enterprise","20","3980.00","47760.00","FALSE","FALSE","FALSE","FALSE","monthly","TRUE","2023-06","2023-11","2023-11-06",\N
"S-4757c8","A-32728c","Basic","42","798.00","9576.00","FALSE","FALSE","FALSE","FALSE","annual","TRUE","2023-04","2024-09","2024-09-17",\N
"S-504bce","A-474ad4","Enterprise","41","0.00","0.00","TRUE","FALSE","FALSE","TRUE","annual","TRUE","2023-12","2024-11","2024-11-28","2024-12-30"
"S-16be20","A-9c18c4","Pro","11","539.00","6468.00","FALSE","FALSE","FALSE","FALSE","monthly","TRUE","2023-08","2024-03","2024-03-03",\N
"S-2ae5d8","A-c9bb3e","Pro","5","245.00","2940.00","FALSE","FALSE","FALSE","FALSE","monthly","TRUE","2024-04","2024-06","2024-06-08",\N
"S-6522e4","A-9f0b68","Basic","22","418.00","5016.00","FALSE","FALSE","FALSE","FALSE","annual","FALSE","2024-05","2024-05","2024-05-17",\N
"S-bc736c","A-d49cc5","Basic","50","950.00","11400.00","FALSE","FALSE","FALSE","FALSE","monthly","TRUE","2024-02","2024-09","2024-09-28",\N
"S-1b7677","A-ced9aa","Enterprise","6","1194.00","14328.00","FALSE","FALSE","FALSE","TRUE","annual","TRUE","2024-10","2024-12","2024-12-04","2024-12-20"
"S-b8d2f6","A-17939a","Basic","19","0.00","0.00","TRUE","FALSE","FALSE","TRUE","monthly","TRUE","2024-12","2024-12","2024-12-28","2024-12-30"
"S-509f0d","A-794a0b","Pro","35","1715.00","20580.00","FALSE","FALSE","FALSE","FALSE","monthly","TRUE","2023-08","2024-02","2024-02-05",\N
"S-708ac6","A-ab438f","Enterprise","30","5970.00","71640.00","FALSE","FALSE","FALSE","FALSE","monthly","TRUE","2024-10","2024-10","2024-10-23",\N
"S-81510a","A-b54c01","Pro","29","1421.00","17052.00","FALSE","FALSE","FALSE","FALSE","annual","TRUE","2024-10","2024-10","2024-10-29",\N
"S-80c24c","A-139c3b","Pro","17","833.00","9996.00","FALSE","TRUE","FALSE","TRUE","monthly","TRUE","2024-11","2024-11","2024-11-26","2024-12-31"
"S-843a53","A-bb1eaa","Enterprise","21","4179.00","50148.00","FALSE","FALSE","FALSE","FALSE","annual","TRUE","2024-06","2024-09","2024-09-11",\N
"S-3b5031","A-dcc2f0","Pro","22","1078.00","12936.00","FALSE","TRUE","FALSE","FALSE","annual","TRUE","2023-10","2024-03","2024-03-13",\N
"S-a29ba3","A-95b24a","Enterprise","38","7562.00","90744.00","FALSE","FALSE","FALSE","FALSE","monthly","FALSE","2023-07","2023-10","2023-10-12",\N
"S-ce7c30","A-075038","Enterprise","17","3383.00","40596.00","FALSE","FALSE","FALSE","FALSE","monthly","TRUE","2023-07","2024-07","2024-07-02",\N
"S-90c2a9","A-ced9aa","Pro","3","147.00","1764.00","FALSE","FALSE","FALSE","FALSE","annual","TRUE","2024-10","2024-11","2024-11-07",\N
"S-3c52a6","A-2f6a32","Basic","19","361.00","4332.00","FALSE","FALSE","FALSE","TRUE","annual","TRUE","2024-09","2024-09","2024-09-25","2024-11-16"
"S-44ed0c","A-993085","Enterprise","31","6169.00","74028.00","FALSE","FALSE","TRUE","FALSE","annual","FALSE","2023-08","2023-10","2023-10-30",\N
"S-2c9cea","A-df1e44","Basic","35","0.00","0.00","TRUE","FALSE","FALSE","FALSE","annual","TRUE","2024-03","2024-06","2024-06-03",\N
"S-47cf94","A-e5d6ab","Basic","35","665.00","7980.00","FALSE","FALSE","FALSE","TRUE","annual","TRUE","2023-05","2023-10","2023-10-02","2024-05-03"
"S-f3d5d7","A-49b828","Enterprise","20","3980.00","47760.00","FALSE","FALSE","FALSE","FALSE","annual","TRUE","2023-05","2024-11","2024-11-22",\N
"S-519f1c","A-0354fe","Basic","34","646.00","7752.00","FALSE","FALSE","FALSE","FALSE","monthly","FALSE","2024-11","2024-11","2024-11-03",\N
"S-b75eaa","A-bf7919","Basic","12","228.00","2736.00","FALSE","FALSE","FALSE","FALSE","monthly","FALSE","2024-12","2024-12","2024-12-24",\N
"S-106283","A-a45270","Enterprise","23","4577.00","54924.00","FALSE","FALSE","FALSE","FALSE","annual","TRUE","2024-07","2024-07","2024-07-27",\N
"S-f093d0","A-f19b24","Pro","29","1421.00","17052.00","FALSE","FALSE","FALSE","FALSE","monthly","TRUE","2024-03","2024-03","2024-03-17",\N
"S-9c19fe","A-bd4513","Enterprise","50","9950.00","119400.00","FALSE","FALSE","FALSE","FALSE","monthly","FALSE","2024-11","2024-12","2024-12-20",\N
"S-f27134","A-d4ac0e","Basic","29","551.00","6612.00","FALSE","FALSE","FALSE","FALSE","annual","TRUE","2024-05","2024-09","2024-09-17",\N
"S-ef83b4","A-a09355","Enterprise","33","6567.00","78804.00","FALSE","FALSE","FALSE","FALSE","monthly","TRUE","2024-08","2024-11","2024-11-04",\N
"S-00fcc5","A-40de06","Basic","62","1178.00","14136.00","FALSE","FALSE","FALSE","FALSE","annual","FALSE","2023-06","2023-06","2023-06-23",\N
"S-a6f0f1","A-d792a6","Pro","4","196.00","2352.00","FALSE","FALSE","FALSE","FALSE","annual","TRUE","2023-02","2024-04","2024-04-26",\N
"S-2c4527","A-6965e1","Pro","13","637.00","7644.00","FALSE","FALSE","FALSE","FALSE","annual","TRUE","2024-12","2024-12","2024-12-22",\N
"S-0144ac","A-5a215a","Enterprise","87","17313.00","207756.00","FALSE","FALSE","FALSE","FALSE","monthly","TRUE","2024-01","2024-03","2024-03-13",\N
"S-8a50a0","A-cb5333","Basic","33","627.00","7524.00","FALSE","FALSE","FALSE","FALSE","monthly","TRUE","2024-04","2024-12","2024-12-11",\N
"S-363c29","A-e7beab","Enterprise","21","4179.00","50148.00","FALSE","FALSE","FALSE","TRUE","annual","TRUE","2023-10","2023-10","2023-10-23","2024-08-21"
"S-f28cde","A-cdf020","Pro","23","1127.00","13524.00","FALSE","TRUE","FALSE","FALSE","annual","TRUE","2023-12","2024-07","2024-07-13",\N
"S-ef00f5","A-e36807","Basic","6","114.00","1368.00","FALSE","FALSE","FALSE","FALSE","annual","TRUE","2024-06","2024-09","2024-09-06",\N
"S-dbe2ac","A-5f7781","Basic","22","418.00","5016.00","FALSE","TRUE","FALSE","FALSE","annual","TRUE","2024-08","2024-09","2024-09-13",\N
"S-b8fcc5","A-dbc825","Basic","85","1615.00","19380.00","FALSE","TRUE","FALSE","TRUE","annual","FALSE","2024-01","2024-06","2024-06-29","2024-11-20"
"S-37b6b2","A-4c6f11","Pro","24","1176.00","14112.00","FALSE","FALSE","FALSE","FALSE","annual","FALSE","2024-03","2024-05","2024-05-10",\N
"S-a83bf1","A-089363","Basic","40","760.00","9120.00","FALSE","FALSE","FALSE","FALSE","monthly","FALSE","2023-06","2023-11","2023-11-04",\N
"S-e301c9","A-1e1b80","Enterprise","50","0.00","0.00","TRUE","FALSE","FALSE","FALSE","monthly","TRUE","2023-10","2024-09","2024-09-22",\N
"S-762cae","A-6e08f3","Pro","18","882.00","10584.00","FALSE","FALSE","FALSE","FALSE","annual","TRUE","2023-07","2024-08","2024-08-11",\N
"S-261a8d","A-b2225d","Pro","47","2303.00","27636.00","FALSE","TRUE","FALSE","FALSE","monthly","TRUE","2024-04","2024-09","2024-09-01",\N
"S-1c5955","A-378b99","Pro","12","588.00","7056.00","FALSE","FALSE","FALSE","FALSE","annual","TRUE","2024-09","2024-10","2024-10-07",\N
"S-a99771","A-3c1a3f","Basic","25","0.00","0.00","TRUE","FALSE","FALSE","FALSE","annual","TRUE","2023-08","2023-12","2023-12-18",\N
"S-ad02b5","A-c58f49","Enterprise","70","13930.00","167160.00","FALSE","TRUE","FALSE","FALSE","monthly","TRUE","2024-08","2024-10","2024-10-05",\N
"S-e267d1","A-4a4c2d","Enterprise","54","10746.00","128952.00","FALSE","FALSE","FALSE","FALSE","annual","FALSE","2023-07","2023-12","2023-12-25",\N
"S-0c4162","A-a8b49c","Basic","19","0.00","0.00","TRUE","FALSE","FALSE","FALSE","monthly","TRUE","2023-10","2023-11","2023-11-24",\N
"S-49b640","A-956988","Enterprise","9","1791.00","21492.00","FALSE","FALSE","FALSE","FALSE","monthly","TRUE","2024-12","2024-12","2024-12-02",\N
"S-327a60","A-1f0ac7","Basic","47","893.00","10716.00","FALSE","FALSE","FALSE","FALSE","annual","TRUE","2023-12","2024-05","2024-05-03",\N
"S-9a41e6","A-9289f6","Enterprise","10","1990.00","23880.00","FALSE","FALSE","FALSE","FALSE","annual","TRUE","2023-07","2024-03","2024-03-14",\N
"S-e1081c","A-5fe118","Enterprise","39","7761.00","93132.00","FALSE","FALSE","FALSE","FALSE","monthly","TRUE","2024-12","2024-12","2024-12-05",\N
"S-f44c76","A-58b9ff","Pro","14","686.00","8232.00","FALSE","FALSE","FALSE","FALSE","monthly","TRUE","2024-06","2024-09","2024-09-24",\N
"S-8e169f","A-0dbdc6","Pro","30","0.00","0.00","TRUE","FALSE","FALSE","FALSE","annual","TRUE","2023-06","2023-06","2023-06-14",\N
"S-68e134","A-dbc825","Basic","19","361.00","4332.00","FALSE","FALSE","FALSE","FALSE","monthly","TRUE","2024-01","2024-05","2024-05-20",\N
"S-7820a5","A-019782","Pro","15","735.00","8820.00","FALSE","FALSE","FALSE","FALSE","monthly","TRUE","2023-06","2023-08","2023-08-16",\N
"S-d8c527","A-0a62f5","Basic","25","475.00","5700.00","FALSE","FALSE","FALSE","FALSE","monthly","TRUE","2024-09","2024-12","2024-12-21",\N
"S-d30894","A-71615e","Enterprise","15","2985.00","35820.00","FALSE","FALSE","FALSE","FALSE","annual","TRUE","2024-06","2024-06","2024-06-27",\N
"S-632337","A-7da956","Enterprise","14","2786.00","33432.00","FALSE","FALSE","FALSE","TRUE","monthly","TRUE","2024-06","2024-09","2024-09-26","2024-12-29"
"S-3d4f7a","A-ed510f","Pro","42","2058.00","24696.00","FALSE","FALSE","FALSE","FALSE","monthly","TRUE","2023-03","2024-12","2024-12-21",\N
"S-956036","A-d922bf","Enterprise","30","5970.00","71640.00","FALSE","FALSE","FALSE","FALSE","annual","TRUE","2023-10","2023-10","2023-10-29",\N
"S-873a22","A-fabe19","Enterprise","12","2388.00","28656.00","FALSE","TRUE","FALSE","FALSE","monthly","FALSE","2024-11","2024-12","2024-12-16",\N
"S-868325","A-ac85cd","Basic","53","1007.00","12084.00","FALSE","FALSE","FALSE","FALSE","monthly","TRUE","2024-08","2024-08","2024-08-02",\N
"S-0e8b21","A-8adedc","Basic","22","418.00","5016.00","FALSE","FALSE","FALSE","FALSE","monthly","TRUE","2024-02","2024-08","2024-08-21",\N
"S-f50afe","A-117171","Basic","45","855.00","10260.00","FALSE","FALSE","FALSE","FALSE","annual","TRUE","2024-10","2024-11","2024-11-11",\N
"S-28a4b7","A-1e1b80","Enterprise","50","9950.00","119400.00","FALSE","FALSE","FALSE","FALSE","annual","TRUE","2023-10","2023-12","2023-12-16",\N
"S-3d46f8","A-3932db","Basic","23","437.00","5244.00","FALSE","FALSE","FALSE","FALSE","monthly","TRUE","2023-12","2023-12","2023-12-10",\N
"S-bc0806","A-d792a6","Enterprise","4","796.00","9552.00","FALSE","FALSE","FALSE","FALSE","monthly","TRUE","2023-02","2024-07","2024-07-04",\N
"S-9171f0","A-43a9e3","Basic","27","513.00","6156.00","FALSE","FALSE","FALSE","FALSE","annual","TRUE","2023-09","2024-03","2024-03-26",\N
"S-38eb77","A-417d2f","Enterprise","26","5174.00","62088.00","FALSE","TRUE","FALSE","TRUE","monthly","TRUE","2023-07","2024-02","2024-02-02","2024-05-03"
"S-f3ff06","A-249769","Pro","8","392.00","4704.00","FALSE","FALSE","FALSE","FALSE","annual","TRUE","2024-06","2024-10","2024-10-18",\N
"S-ecb8d5","A-df1e44","Basic","35","665.00","7980.00","FALSE","FALSE","FALSE","FALSE","annual","TRUE","2024-03","2024-12","2024-12-17",\N
"S-1fddda","A-51ec1b","Enterprise","18","3582.00","42984.00","FALSE","FALSE","FALSE","FALSE","monthly","FALSE","2024-02","2024-08","2024-08-05",\N
"S-876f0b","A-4c56c9","Basic","9","171.00","2052.00","FALSE","FALSE","FALSE","FALSE","annual","TRUE","2024-05","2024-05","2024-05-21",\N
"S-5a5bdb","A-96bbc6","Pro","64","3136.00","37632.00","FALSE","FALSE","FALSE","FALSE","annual","TRUE","2024-05","2024-09","2024-09-08",\N
"S-76a214","A-00bed1","Enterprise","49","9751.00","117012.00","FALSE","FALSE","FALSE","FALSE","annual","TRUE","2023-11","2024-05","2024-05-14",\N
"S-4a89a7","A-10b8f2","Basic","47","893.00","10716.00","FALSE","FALSE","FALSE","FALSE","monthly","FALSE","2023-02","2023-04","2023-04-19",\N
"S-c43a91","A-0e966d","Pro","13","637.00","7644.00","FALSE","FALSE","FALSE","FALSE","annual","TRUE","2024-06","2024-09","2024-09-06",\N
"S-0a8200","A-5b1bcd","Enterprise","73","14527.00","174324.00","FALSE","FALSE","FALSE","FALSE","annual","TRUE","2023-09","2024-01","2024-01-20",\N
"S-ece5a5","A-9ee962","Pro","30","1470.00","17640.00","FALSE","FALSE","FALSE","FALSE","annual","FALSE","2023-06","2023-08","2023-08-27",\N
"S-80ed6b","A-b7b7b7","Pro","24","1176.00","14112.00","FALSE","FALSE","FALSE","FALSE","annual","TRUE","2024-07","2024-07","2024-07-29",\N
"S-19950d","A-f9cc74","Pro","30","1470.00","17640.00","FALSE","FALSE","FALSE","FALSE","annual","FALSE","2024-10","2024-10","2024-10-28",\N
"S-aaf847","A-ffc04f","Enterprise","13","2587.00","31044.00","FALSE","FALSE","FALSE","FALSE","monthly","FALSE","2024-06","2024-09","2024-09-19",\N
"S-5d0f41","A-956988","Pro","23","1127.00","13524.00","FALSE","FALSE","FALSE","FALSE","monthly","TRUE","2024-12","2024-12","2024-12-18",\N
"S-d041d2","A-054577","Pro","2","0.00","0.00","TRUE","FALSE","FALSE","FALSE","monthly","TRUE","2024-05","2024-12","2024-12-01",\N
"S-4c6ee1","A-8bde0c","Pro","15","735.00","8820.00","FALSE","FALSE","FALSE","FALSE","annual","TRUE","2024-11","2024-12","2024-12-23",\N
"S-991d05","A-cdf020","Pro","39","1911.00","22932.00","FALSE","FALSE","FALSE","FALSE","annual","FALSE","2023-12","2024-01","2024-01-25",\N
"S-a3ab14","A-fdfc91","Pro","29","1421.00","17052.00","FALSE","FALSE","FALSE","TRUE","annual","FALSE","2023-07","2024-07","2024-07-31","2024-11-10"
"S-70c743","A-a2485e","Pro","68","3332.00","39984.00","FALSE","FALSE","FALSE","FALSE","annual","FALSE","2024-08","2024-08","2024-08-17",\N
"S-c52d77","A-6e7827","Pro","1","49.00","588.00","FALSE","TRUE","FALSE","FALSE","monthly","FALSE","2023-06","2023-11","2023-11-05",\N
"S-5d5250","A-afa505","Pro","70","3430.00","41160.00","FALSE","FALSE","TRUE","FALSE","monthly","TRUE","2024-01","2024-08","2024-08-12",\N
"S-5f40a3","A-6da850","Basic","5","0.00","0.00","TRUE","FALSE","FALSE","FALSE","monthly","FALSE","2023-10","2024-12","2024-12-28",\N
"S-b23d8d","A-2d1036","Basic","69","1311.00","15732.00","FALSE","FALSE","FALSE","FALSE","annual","TRUE","2024-07","2024-11","2024-11-21",\N
"S-87db32","A-526d93","Enterprise","49","9751.00","117012.00","FALSE","FALSE","FALSE","FALSE","monthly","FALSE","2024-04","2024-04","2024-04-24",\N
"S-38dcab","A-ad3abd","Basic","44","836.00","10032.00","FALSE","FALSE","FALSE","TRUE","annual","TRUE","2023-03","2024-03","2024-03-25","2024-09-11"
"S-aa7247","A-c7ffc2","Basic","30","570.00","6840.00","FALSE","FALSE","FALSE","FALSE","monthly","TRUE","2023-05","2024-08","2024-08-15",\N
"S-58ccb4","A-bb1486","Pro","41","2009.00","24108.00","FALSE","FALSE","TRUE","FALSE","monthly","TRUE","2024-11","2024-11","2024-11-18",\N
"S-3b5458","A-98a59a","Enterprise","56","11144.00","133728.00","FALSE","FALSE","FALSE","FALSE","monthly","TRUE","2023-09","2024-09","2024-09-12",\N
"S-a9b8a2","A-b78bf8","Pro","33","1617.00","19404.00","FALSE","FALSE","FALSE","FALSE","annual","TRUE","2024-11","2024-11","2024-11-25",\N
"S-41cf50","A-fa2041","Enterprise","15","2985.00","35820.00","FALSE","FALSE","FALSE","FALSE","monthly","FALSE","2024-06","2024-07","2024-07-23",\N
"S-48d2b5","A-9c18c4","Basic","12","228.00","2736.00","FALSE","FALSE","FALSE","TRUE","monthly","TRUE","2023-08","2023-08","2023-08-09","2024-10-14"
"S-be655e","A-7f29a7","Basic","41","779.00","9348.00","FALSE","FALSE","FALSE","FALSE","annual","TRUE","2024-09","2024-11","2024-11-24",\N
"S-8985d3","A-016043","Basic","26","494.00","5928.00","FALSE","FALSE","FALSE","FALSE","monthly","FALSE","2024-08","2024-12","2024-12-02",\N
"S-9bf1a0","A-3932db","Basic","41","779.00","9348.00","FALSE","FALSE","FALSE","FALSE","monthly","TRUE","2023-12","2024-03","2024-03-06",\N
"S-4571b1","A-df1e44","Basic","12","228.00","2736.00","FALSE","FALSE","FALSE","FALSE","annual","FALSE","2024-03","2024-06","2024-06-28",\N
"S-1b4be3","A-b44e3e","Pro","40","1960.00","23520.00","FALSE","TRUE","FALSE","FALSE","annual","TRUE","2024-02","2024-04","2024-04-15",\N
"S-ab37ae","A-f92792","Basic","6","0.00","0.00","TRUE","FALSE","FALSE","FALSE","monthly","TRUE","2024-07","2024-09","2024-09-11",\N
"S-c23126","A-a45270","Enterprise","11","2189.00","26268.00","FALSE","FALSE","FALSE","FALSE","annual","FALSE","2024-07","2024-10","2024-10-31",\N
"S-150930","A-592832","Enterprise","42","8358.00","100296.00","FALSE","FALSE","FALSE","FALSE","monthly","FALSE","2024-09","2024-09","2024-09-26",\N
"S-7dcec3","A-c37601","Enterprise","15","2985.00","35820.00","FALSE","FALSE","FALSE","TRUE","annual","TRUE","2024-11","2024-12","2024-12-17","2024-12-29"
"S-88338a","A-503d5a","Enterprise","56","11144.00","133728.00","FALSE","FALSE","FALSE","FALSE","annual","FALSE","2023-10","2024-12","2024-12-19",\N
"S-869430","A-9affe6","Pro","29","1421.00","17052.00","FALSE","FALSE","FALSE","FALSE","monthly","TRUE","2023-04","2024-02","2024-02-16",\N
"S-5e6790","A-ba6516","Pro","27","1323.00","15876.00","FALSE","FALSE","FALSE","FALSE","monthly","FALSE","2024-01","2024-03","2024-03-17",\N
"S-55ef07","A-94f8c9","Enterprise","13","2587.00","31044.00","FALSE","FALSE","FALSE","FALSE","annual","TRUE","2024-04","2024-08","2024-08-11",\N
"S-8cc2e2","A-4437e4","Pro","27","1323.00","15876.00","FALSE","FALSE","FALSE","FALSE","monthly","TRUE","2023-11","2024-02","2024-02-12",\N
"S-f71bb0","A-e51ec7","Enterprise","2","398.00","4776.00","FALSE","TRUE","FALSE","FALSE","annual","FALSE","2023-11","2024-04","2024-04-18",\N
"S-cb7ea9","A-51ec1b","Enterprise","7","1393.00","16716.00","FALSE","TRUE","TRUE","FALSE","monthly","TRUE","2024-02","2024-04","2024-04-01",\N
"S-9c06f8","A-692f18","Pro","19","931.00","11172.00","FALSE","FALSE","FALSE","FALSE","annual","TRUE","2024-03","2024-04","2024-04-05",\N
"S-637b20","A-ac9111","Enterprise","56","0.00","0.00","TRUE","FALSE","FALSE","FALSE","monthly","TRUE","2023-09","2024-02","2024-02-18",\N
"S-0b46b0","A-de24d5","Enterprise","7","1393.00","16716.00","FALSE","FALSE","FALSE","FALSE","monthly","TRUE","2024-11","2024-11","2024-11-19",\N
"S-071ade","A-aa9511","Basic","23","437.00","5244.00","FALSE","FALSE","TRUE","FALSE","annual","TRUE","2023-10","2024-11","2024-11-07",\N
"S-08a5fd","A-b9eed8","Enterprise","34","6766.00","81192.00","FALSE","FALSE","FALSE","FALSE","monthly","TRUE","2024-03","2024-10","2024-10-24",\N
"S-acf8ce","A-78f02b","Pro","179","8771.00","105252.00","FALSE","FALSE","FALSE","FALSE","monthly","FALSE","2024-11","2024-12","2024-12-06",\N
"S-104941","A-fdfc91","Basic","29","551.00","6612.00","FALSE","TRUE","FALSE","FALSE","monthly","TRUE","2023-07","2023-07","2023-07-30",\N
"S-a91e0c","A-22f2df","Enterprise","5","995.00","11940.00","FALSE","FALSE","TRUE","FALSE","monthly","TRUE","2024-12","2024-12","2024-12-29",\N
"S-115423","A-7f8241","Pro","34","1666.00","19992.00","FALSE","FALSE","FALSE","FALSE","annual","TRUE","2023-03","2023-08","2023-08-05",\N
"S-6ef81d","A-0b0d6d","Basic","25","475.00","5700.00","FALSE","FALSE","FALSE","TRUE","annual","TRUE","2024-12","2024-12","2024-12-30","2024-12-31"
"S-fe25ff","A-410e86","Enterprise","24","4776.00","57312.00","FALSE","FALSE","FALSE","FALSE","annual","TRUE","2024-11","2024-11","2024-11-29",\N
"S-c3d2f9","A-1d5444","Basic","24","456.00","5472.00","FALSE","FALSE","FALSE","FALSE","annual","TRUE","2024-03","2024-04","2024-04-04",\N
"S-decbf7","A-a33200","Enterprise","29","5771.00","69252.00","FALSE","FALSE","FALSE","FALSE","annual","FALSE","2024-09","2024-11","2024-11-26",\N
"S-ae4310","A-5790f4","Pro","20","0.00","0.00","TRUE","FALSE","FALSE","FALSE","monthly","TRUE","2024-12","2024-12","2024-12-22",\N
"S-9e8ce0","A-7f29a7","Pro","41","2009.00","24108.00","FALSE","FALSE","FALSE","FALSE","annual","TRUE","2024-09","2024-11","2024-11-28",\N
"S-6d51c5","A-2f6a32","Pro","23","1127.00","13524.00","FALSE","FALSE","FALSE","FALSE","annual","TRUE","2024-09","2024-10","2024-10-25",\N
"S-c0127d","A-5c9849","Enterprise","19","0.00","0.00","TRUE","FALSE","FALSE","FALSE","monthly","TRUE","2024-11","2024-12","2024-12-03",\N
"S-9b08ae","A-ccabf0","Pro","21","1029.00","12348.00","FALSE","FALSE","FALSE","FALSE","monthly","TRUE","2023-11","2023-12","2023-12-29",\N
"S-26836c","A-4437e4","Basic","9","0.00","0.00","TRUE","FALSE","FALSE","FALSE","monthly","TRUE","2023-11","2023-11","2023-11-20",\N
"S-a603dd","A-560d27","Basic","23","437.00","5244.00","FALSE","FALSE","FALSE","FALSE","monthly","TRUE","2024-05","2024-11","2024-11-12",\N
"S-94b283","A-186a44","Basic","20","0.00","0.00","TRUE","FALSE","FALSE","FALSE","monthly","TRUE","2023-08","2024-10","2024-10-28",\N
"S-f7b517","A-427b69","Pro","17","0.00","0.00","TRUE","FALSE","FALSE","FALSE","monthly","TRUE","2024-09","2024-12","2024-12-09",\N
"S-09c1df","A-b7724f","Pro","1","49.00","588.00","FALSE","FALSE","FALSE","TRUE","annual","TRUE","2023-06","2024-09","2024-09-15","2024-10-02"
"S-50aaaa","A-af0cd2","Pro","19","931.00","11172.00","FALSE","FALSE","FALSE","FALSE","monthly","TRUE","2023-01","2023-01","2023-01-12",\N
"S-fbee8e","A-8ed5dd","Enterprise","5","995.00","11940.00","FALSE","TRUE","FALSE","FALSE","annual","TRUE","2023-08","2024-04","2024-04-25",\N
"S-7e145e","A-0b0d6d","Enterprise","52","10348.00","124176.00","FALSE","FALSE","FALSE","FALSE","annual","TRUE","2024-12","2024-12","2024-12-31",\N
"S-0e12c9","A-bcf87c","Basic","51","0.00","0.00","TRUE","FALSE","FALSE","FALSE","monthly","TRUE","2024-07","2024-12","2024-12-10",\N
"S-4f3461","A-b78bf8","Enterprise","33","0.00","0.00","TRUE","FALSE","FALSE","FALSE","monthly","TRUE","2024-11","2024-12","2024-12-18",\N
"S-56886a","A-e19ff6","Enterprise","3","0.00","0.00","TRUE","FALSE","FALSE","FALSE","annual","FALSE","2023-08","2024-08","2024-08-11",\N
"S-fd0d21","A-2446e3","Basic","27","0.00","0.00","TRUE","FALSE","FALSE","FALSE","annual","FALSE","2024-01","2024-09","2024-09-02",\N
"S-f0081e","A-b7ef83","Enterprise","45","8955.00","107460.00","FALSE","FALSE","FALSE","TRUE","monthly","TRUE","2024-06","2024-12","2024-12-06","2024-12-10"
"S-cf30e2","A-2789e3","Pro","11","0.00","0.00","TRUE","FALSE","FALSE","FALSE","monthly","TRUE","2024-09","2024-12","2024-12-14",\N
"S-3c9178","A-17939a","Basic","11","209.00","2508.00","FALSE","FALSE","FALSE","FALSE","monthly","FALSE","2024-12","2024-12","2024-12-29",\N
"S-86a4e3","A-e693b6","Basic","55","1045.00","12540.00","FALSE","FALSE","FALSE","FALSE","annual","TRUE","2023-08","2023-08","2023-08-01",\N
"S-27514e","A-3f9cc0","Basic","22","418.00","5016.00","FALSE","FALSE","TRUE","FALSE","monthly","TRUE","2024-06","2024-07","2024-07-21",\N
"S-aea1bf","A-d49cc5","Pro","50","2450.00","29400.00","FALSE","FALSE","FALSE","FALSE","monthly","TRUE","2024-02","2024-05","2024-05-10",\N
"S-41128b","A-45ce7a","Enterprise","16","3184.00","38208.00","FALSE","FALSE","FALSE","FALSE","monthly","TRUE","2023-08","2024-11","2024-11-13",\N
"S-a80c62","A-bad8c1","Enterprise","12","2388.00","28656.00","FALSE","TRUE","FALSE","FALSE","monthly","TRUE","2023-06","2024-02","2024-02-22",\N
"S-d7497b","A-39b19f","Basic","13","247.00","2964.00","FALSE","FALSE","FALSE","FALSE","monthly","TRUE","2023-02","2024-11","2024-11-07",\N
"S-0e7e70","A-50f3f7","Pro","31","1519.00","18228.00","FALSE","FALSE","FALSE","FALSE","annual","TRUE","2024-01","2024-05","2024-05-15",\N
"S-2f0815","A-22d9d2","Pro","8","392.00","4704.00","FALSE","FALSE","FALSE","FALSE","monthly","TRUE","2024-03","2024-10","2024-10-14",\N
"S-06770c","A-1b7577","Basic","81","1539.00","18468.00","FALSE","FALSE","FALSE","FALSE","monthly","TRUE","2024-10","2024-11","2024-11-15",\N
"S-a525b3","A-df10db","Pro","7","343.00","4116.00","FALSE","TRUE","FALSE","FALSE","monthly","FALSE","2023-08","2023-12","2023-12-05",\N
"S-f030d4","A-7e0a10","Enterprise","70","13930.00","167160.00","FALSE","FALSE","FALSE","FALSE","annual","TRUE","2023-11","2024-12","2024-12-30",\N
"S-b83d8d","A-86902e","Enterprise","34","6766.00","81192.00","FALSE","FALSE","FALSE","FALSE","annual","TRUE","2023-07","2024-12","2024-12-11",\N
"S-e78c09","A-b9f5b1","Enterprise","15","2985.00","35820.00","FALSE","FALSE","FALSE","FALSE","annual","TRUE","2023-03","2024-10","2024-10-15",\N
"S-19465f","A-039727","Basic","25","475.00","5700.00","FALSE","FALSE","FALSE","FALSE","monthly","TRUE","2024-11","2024-11","2024-11-12",\N
"S-b45bc6","A-425e76","Enterprise","32","6368.00","76416.00","FALSE","FALSE","FALSE","TRUE","monthly","TRUE","2023-06","2023-08","2023-08-18","2023-11-01"
"S-35ff7e","A-271f46","Basic","38","722.00","8664.00","FALSE","FALSE","FALSE","FALSE","annual","TRUE","2023-03","2024-06","2024-06-09",\N
"S-f932c0","A-1b7577","Basic","14","0.00","0.00","TRUE","FALSE","FALSE","FALSE","annual","TRUE","2024-10","2024-11","2024-11-02",\N
"S-c58b17","A-e1462e","Pro","46","2254.00","27048.00","FALSE","FALSE","FALSE","FALSE","annual","TRUE","2023-04","2024-07","2024-07-07",\N
"S-b32a70","A-3ce5b8","Basic","8","152.00","1824.00","FALSE","FALSE","FALSE","FALSE","monthly","TRUE","2023-12","2024-09","2024-09-30",\N
"S-e3dff3","A-e98302","Pro","23","1127.00","13524.00","FALSE","FALSE","FALSE","FALSE","annual","TRUE","2024-01","2024-07","2024-07-14",\N
"S-2b2fa8","A-ed510f","Pro","42","2058.00","24696.00","FALSE","TRUE","FALSE","FALSE","annual","TRUE","2023-03","2024-05","2024-05-16",\N
"S-6b3ac8","A-7641d3","Pro","61","2989.00","35868.00","FALSE","FALSE","TRUE","FALSE","monthly","TRUE","2023-04","2024-08","2024-08-03",\N
"S-e964b6","A-bcbe98","Basic","46","874.00","10488.00","FALSE","FALSE","FALSE","FALSE","monthly","TRUE","2024-07","2024-12","2024-12-30",\N
"S-6c1ca6","A-e1b9cd","Pro","40","1960.00","23520.00","FALSE","FALSE","FALSE","FALSE","monthly","FALSE","2023-03","2024-12","2024-12-05",\N
"S-ce887e","A-cd458b","Enterprise","10","1990.00","23880.00","FALSE","FALSE","FALSE","FALSE","annual","TRUE","2024-07","2024-10","2024-10-04",\N
"S-95c2e3","A-86cdb4","Pro","8","392.00","4704.00","FALSE","FALSE","FALSE","FALSE","monthly","TRUE","2024-10","2024-12","2024-12-19",\N
"S-f55146","A-417d2f","Enterprise","14","0.00","0.00","TRUE","FALSE","FALSE","FALSE","annual","TRUE","2023-07","2024-09","2024-09-21",\N
"S-04ec2f","A-faa28c","Pro","48","2352.00","28224.00","FALSE","FALSE","FALSE","FALSE","annual","TRUE","2024-02","2024-02","2024-02-11",\N
"S-89a8a2","A-72799b","Pro","61","2989.00","35868.00","FALSE","FALSE","FALSE","FALSE","annual","TRUE","2023-11","2024-10","2024-10-21",\N
"S-ac8fd3","A-484819","Enterprise","18","3582.00","42984.00","FALSE","TRUE","FALSE","FALSE","monthly","TRUE","2023-02","2024-11","2024-11-13",\N
"S-70addb","A-692f18","Basic","10","190.00","2280.00","FALSE","FALSE","FALSE","FALSE","monthly","FALSE","2024-03","2024-10","2024-10-05",\N
"S-1261fb","A-fd7ad3","Pro","1","49.00","588.00","FALSE","FALSE","FALSE","FALSE","monthly","FALSE","2024-11","2024-11","2024-11-29",\N
"S-561d54","A-0a282f","Pro","1","49.00","588.00","FALSE","FALSE","FALSE","FALSE","annual","TRUE","2024-08","2024-11","2024-11-10",\N
"S-f6f848","A-c37601","Pro","6","294.00","3528.00","FALSE","FALSE","FALSE","FALSE","annual","TRUE","2024-11","2024-12","2024-12-28",\N
"S-c021c2","A-bd4708","Enterprise","37","7363.00","88356.00","FALSE","FALSE","FALSE","FALSE","annual","TRUE","2024-07","2024-07","2024-07-24",\N
"S-b91501","A-ce66f8","Pro","29","1421.00","17052.00","FALSE","FALSE","FALSE","FALSE","annual","TRUE","2023-08","2024-07","2024-07-19",\N
"S-d507da","A-aa9511","Enterprise","23","4577.00","54924.00","FALSE","FALSE","FALSE","FALSE","annual","TRUE","2023-10","2023-11","2023-11-01",\N
"S-6bf118","A-50f3f7","Basic","117","2223.00","26676.00","FALSE","FALSE","FALSE","FALSE","monthly","TRUE","2024-01","2024-11","2024-11-06",\N
"S-f2f40c","A-7f4db3","Enterprise","45","8955.00","107460.00","FALSE","FALSE","FALSE","FALSE","annual","TRUE","2023-03","2024-06","2024-06-29",\N
"S-a9bfe0","A-4bfa33","Pro","9","441.00","5292.00","FALSE","FALSE","FALSE","TRUE","monthly","FALSE","2024-12","2024-12","2024-12-12","2024-12-29"
"S-96bb5c","A-832ec2","Basic","12","228.00","2736.00","FALSE","TRUE","FALSE","FALSE","monthly","FALSE","2024-01","2024-05","2024-05-26",\N
"S-fd12a3","A-ed510f","Basic","42","798.00","9576.00","FALSE","FALSE","FALSE","TRUE","annual","FALSE","2023-03","2023-07","2023-07-17","2023-10-09"
"S-7e5af5","A-1d5444","Basic","24","456.00","5472.00","FALSE","FALSE","FALSE","FALSE","annual","TRUE","2024-03","2024-03","2024-03-19",\N
"S-3a5c75","A-a8d89d","Basic","17","323.00","3876.00","FALSE","FALSE","FALSE","FALSE","annual","TRUE","2023-12","2024-12","2024-12-05",\N
"S-211bc2","A-3b5cd1","Enterprise","13","2587.00","31044.00","FALSE","FALSE","FALSE","FALSE","annual","FALSE","2023-09","2024-11","2024-11-24",\N
"S-1f5faf","A-34ea2f","Enterprise","8","0.00","0.00","TRUE","FALSE","FALSE","TRUE","monthly","FALSE","2024-09","2024-10","2024-10-03","2024-12-20"
"S-54b286","A-0532a9","Pro","26","1274.00","15288.00","FALSE","TRUE","FALSE","FALSE","monthly","FALSE","2024-09","2024-12","2024-12-20",\N
"S-8cfc1b","A-798a3f","Enterprise","26","5174.00","62088.00","FALSE","FALSE","FALSE","FALSE","annual","TRUE","2023-12","2024-08","2024-08-14",\N
"S-3c3a3e","A-0baac2","Enterprise","29","5771.00","69252.00","FALSE","FALSE","FALSE","TRUE","annual","TRUE","2024-06","2024-06","2024-06-02","2024-09-13"
"S-d735d1","A-0f3e88","Basic","24","456.00","5472.00","FALSE","FALSE","FALSE","FALSE","monthly","TRUE","2023-08","2023-09","2023-09-23",\N
"S-87b9f7","A-39868b","Basic","17","0.00","0.00","TRUE","FALSE","FALSE","FALSE","annual","FALSE","2024-04","2024-11","2024-11-28",\N
"S-bfc2c2","A-7f8241","Pro","34","1666.00","19992.00","FALSE","FALSE","FALSE","FALSE","monthly","TRUE","2023-03","2023-09","2023-09-06",\N
"S-d19da0","A-7da956","Basic","13","247.00","2964.00","FALSE","FALSE","FALSE","FALSE","annual","TRUE","2024-06","2024-11","2024-11-04",\N
"S-683e1e","A-91e948","Enterprise","41","8159.00","97908.00","FALSE","FALSE","FALSE","FALSE","monthly","TRUE","2023-08","2024-11","2024-11-09",\N
"S-b38152","A-f97b9a","Enterprise","30","5970.00","71640.00","FALSE","FALSE","FALSE","FALSE","annual","TRUE","2023-09","2024-04","2024-04-14",\N
"S-5f4cc6","A-378b99","Pro","16","0.00","0.00","TRUE","FALSE","FALSE","FALSE","monthly","TRUE","2024-09","2024-10","2024-10-14",\N
"S-0fa88d","A-54ecc2","Basic","6","114.00","1368.00","FALSE","FALSE","FALSE","FALSE","monthly","TRUE","2023-08","2024-09","2024-09-27",\N
"S-0d4d11","A-d77f4c","Basic","41","0.00","0.00","TRUE","FALSE","TRUE","FALSE","monthly","TRUE","2023-10","2023-11","2023-11-10",\N
"S-21393c","A-65a46c","Enterprise","9","1791.00","21492.00","FALSE","TRUE","FALSE","FALSE","monthly","TRUE","2024-03","2024-04","2024-04-14",\N
"S-cdde2b","A-c7ffc2","Basic","30","570.00","6840.00","FALSE","TRUE","FALSE","FALSE","monthly","FALSE","2023-05","2023-07","2023-07-19",\N
"S-965b1c","A-a8d89d","Pro","14","686.00","8232.00","FALSE","FALSE","FALSE","FALSE","monthly","TRUE","2023-12","2024-06","2024-06-16",\N
"S-b4dd00","A-4c56c9","Basic","52","988.00","11856.00","FALSE","FALSE","FALSE","FALSE","annual","TRUE","2024-05","2024-12","2024-12-24",\N
"S-c284ce","A-0f3e88","Enterprise","11","2189.00","26268.00","FALSE","FALSE","FALSE","FALSE","monthly","TRUE","2023-08","2024-02","2024-02-03",\N
"S-4d260c","A-d5a319","Pro","15","0.00","0.00","TRUE","FALSE","FALSE","FALSE","annual","TRUE","2023-06","2023-06","2023-06-27",\N
"S-d9821f","A-faa28c","Basic","48","912.00","10944.00","FALSE","FALSE","FALSE","FALSE","annual","TRUE","2024-02","2024-06","2024-06-20",\N
"S-dd8371","A-fa2041","Basic","15","285.00","3420.00","FALSE","FALSE","FALSE","FALSE","annual","TRUE","2024-06","2024-07","2024-07-25",\N
"S-7ab68f","A-bcbe98","Basic","46","0.00","0.00","TRUE","FALSE","FALSE","FALSE","annual","TRUE","2024-07","2024-09","2024-09-18",\N
"S-c619d6","A-ae052e","Pro","39","1911.00","22932.00","FALSE","FALSE","FALSE","FALSE","annual","TRUE","2024-01","2024-09","2024-09-02",\N
"S-4e00a0","A-eb7c38","Pro","14","686.00","8232.00","FALSE","FALSE","FALSE","FALSE","annual","TRUE","2024-04","2024-11","2024-11-01",\N
"S-a0af0a","A-e60f9d","Enterprise","29","5771.00","69252.00","FALSE","FALSE","FALSE","FALSE","monthly","TRUE","2024-09","2024-12","2024-12-19",\N
"S-a67e83","A-c4ea60","Pro","18","882.00","10584.00","FALSE","FALSE","FALSE","FALSE","monthly","TRUE","2023-04","2024-10","2024-10-28",\N
"S-9c735f","A-d49cc5","Basic","50","950.00","11400.00","FALSE","FALSE","FALSE","FALSE","annual","TRUE","2024-02","2024-07","2024-07-06",\N
"S-4970c1","A-56962b","Basic","163","3097.00","37164.00","FALSE","FALSE","FALSE","FALSE","annual","TRUE","2024-05","2024-09","2024-09-03",\N
"S-a46dd4","A-5a215a","Enterprise","87","17313.00","207756.00","FALSE","FALSE","FALSE","FALSE","annual","TRUE","2024-01","2024-09","2024-09-18",\N
"S-96ead2","A-6a4e2d","Basic","26","494.00","5928.00","FALSE","FALSE","FALSE","FALSE","annual","TRUE","2023-05","2024-09","2024-09-13",\N
"S-4d8633","A-e83938","Pro","31","1519.00","18228.00","FALSE","FALSE","FALSE","FALSE","monthly","TRUE","2024-02","2024-07","2024-07-17",\N
"S-788739","A-700ade","Enterprise","13","2587.00","31044.00","FALSE","FALSE","FALSE","FALSE","monthly","TRUE","2024-11","2024-11","2024-11-07",\N
"S-0380a3","A-922109","Pro","3","147.00","1764.00","FALSE","FALSE","FALSE","FALSE","annual","TRUE","2024-03","2024-04","2024-04-06",\N
"S-e8eb5c","A-dfbd31","Pro","43","2107.00","25284.00","FALSE","TRUE","FALSE","FALSE","monthly","TRUE","2023-12","2024-09","2024-09-17",\N
"S-cb100e","A-ff79f2","Basic","53","1007.00","12084.00","FALSE","TRUE","FALSE","FALSE","annual","TRUE","2024-05","2024-10","2024-10-21",\N
"S-c26c22","A-dec005","Basic","21","0.00","0.00","TRUE","FALSE","FALSE","FALSE","annual","FALSE","2023-10","2023-10","2023-10-17",\N
"S-1cf9b0","A-922109","Pro","9","441.00","5292.00","FALSE","FALSE","FALSE","TRUE","monthly","FALSE","2024-03","2024-07","2024-07-15","2024-12-27"
"S-26bf58","A-65a46c","Pro","37","1813.00","21756.00","FALSE","FALSE","FALSE","FALSE","monthly","TRUE","2024-03","2024-05","2024-05-05",\N
"S-106bf6","A-09540c","Basic","67","1273.00","15276.00","FALSE","FALSE","FALSE","FALSE","monthly","TRUE","2024-04","2024-08","2024-08-04",\N
"S-511e50","A-3c1a3f","Enterprise","1","199.00","2388.00","FALSE","FALSE","FALSE","FALSE","annual","TRUE","2023-08","2024-10","2024-10-13",\N
"S-69b070","A-a6d261","Enterprise","27","5373.00","64476.00","FALSE","TRUE","FALSE","FALSE","annual","TRUE","2023-12","2024-09","2024-09-18",\N
"S-648397","A-5fe118","Pro","123","6027.00","72324.00","FALSE","FALSE","FALSE","FALSE","monthly","TRUE","2024-12","2024-12","2024-12-02",\N
"S-3ceff3","A-029f69","Enterprise","15","2985.00","35820.00","FALSE","FALSE","FALSE","FALSE","annual","TRUE","2024-05","2024-09","2024-09-14",\N
"S-3d8c2f","A-51ec1b","Pro","23","1127.00","13524.00","FALSE","TRUE","TRUE","TRUE","monthly","TRUE","2024-02","2024-10","2024-10-20","2024-11-27"
"S-1be5a9","A-d26ab4","Enterprise","27","5373.00","64476.00","FALSE","FALSE","FALSE","FALSE","monthly","TRUE","2024-11","2024-11","2024-11-21",\N
"S-507731","A-e43bf7","Pro","44","2156.00","25872.00","FALSE","FALSE","FALSE","FALSE","annual","TRUE","2023-05","2024-06","2024-06-02",\N
"S-04b127","A-a6d261","Basic","9","171.00","2052.00","FALSE","FALSE","FALSE","FALSE","monthly","TRUE","2023-12","2023-12","2023-12-13",\N
"S-e27e43","A-700ade","Enterprise","48","9552.00","114624.00","FALSE","FALSE","FALSE","FALSE","monthly","TRUE","2024-11","2024-11","2024-11-19",\N
"S-b099ea","A-ac9111","Enterprise","21","4179.00","50148.00","FALSE","FALSE","FALSE","FALSE","monthly","TRUE","2023-09","2024-12","2024-12-21",\N
"S-dcc084","A-526d93","Basic","43","817.00","9804.00","FALSE","FALSE","FALSE","FALSE","monthly","TRUE","2024-04","2024-10","2024-10-01",\N
"S-165850","A-d5a319","Pro","15","735.00","8820.00","FALSE","FALSE","FALSE","FALSE","annual","TRUE","2023-06","2023-09","2023-09-25",\N
"S-367d84","A-68f37c","Pro","11","539.00","6468.00","FALSE","FALSE","FALSE","FALSE","monthly","TRUE","2023-07","2023-12","2023-12-31",\N
"S-db7c1d","A-4814a3","Basic","87","1653.00","19836.00","FALSE","FALSE","FALSE","FALSE","monthly","TRUE","2024-09","2024-10","2024-10-05",\N
"S-303f63","A-ba6516","Basic","27","513.00","6156.00","FALSE","FALSE","FALSE","FALSE","monthly","TRUE","2024-01","2024-04","2024-04-03",\N
"S-f2b79f","A-65aeb5","Pro","9","441.00","5292.00","FALSE","FALSE","TRUE","FALSE","monthly","FALSE","2024-02","2024-05","2024-05-08",\N
"S-806d7b","A-cb5333","Basic","37","703.00","8436.00","FALSE","FALSE","FALSE","FALSE","annual","TRUE","2024-04","2024-07","2024-07-29",\N
"S-04fd47","A-0a282f","Basic","12","228.00","2736.00","FALSE","FALSE","FALSE","FALSE","annual","TRUE","2024-08","2024-10","2024-10-27",\N
"S-cc9b9d","A-94f8c9","Enterprise","13","2587.00","31044.00","FALSE","FALSE","FALSE","FALSE","annual","TRUE","2024-04","2024-11","2024-11-25",\N
"S-76bf6c","A-1f559b","Pro","5","245.00","2940.00","FALSE","FALSE","FALSE","FALSE","annual","TRUE","2023-12","2023-12","2023-12-21",\N
"S-46852c","A-58b9ff","Enterprise","76","15124.00","181488.00","FALSE","FALSE","FALSE","FALSE","monthly","TRUE","2024-06","2024-09","2024-09-26",\N
"S-9a0b2f","A-756192","Pro","19","0.00","0.00","TRUE","TRUE","FALSE","FALSE","monthly","TRUE","2023-09","2023-09","2023-09-17",\N
"S-06447b","A-17939a","Pro","1","49.00","588.00","FALSE","FALSE","FALSE","FALSE","annual","TRUE","2024-12","2024-12","2024-12-27",\N
"S-c6e62c","A-a09355","Enterprise","14","2786.00","33432.00","FALSE","FALSE","FALSE","FALSE","annual","TRUE","2024-08","2024-10","2024-10-21",\N
"S-b5162d","A-202b67","Enterprise","29","5771.00","69252.00","FALSE","FALSE","FALSE","FALSE","monthly","TRUE","2024-03","2024-10","2024-10-09",\N
"S-e98121","A-56962b","Enterprise","163","32437.00","389244.00","FALSE","FALSE","FALSE","FALSE","monthly","TRUE","2024-05","2024-12","2024-12-15",\N
"S-2852dd","A-e51ec7","Enterprise","10","1990.00","23880.00","FALSE","FALSE","FALSE","FALSE","monthly","TRUE","2023-11","2024-12","2024-12-19",\N
"S-128f55","A-751c58","Pro","45","2205.00","26460.00","FALSE","FALSE","FALSE","FALSE","annual","TRUE","2024-07","2024-09","2024-09-16",\N
"S-615487","A-fa3095","Basic","70","1330.00","15960.00","FALSE","FALSE","FALSE","FALSE","annual","TRUE","2023-09","2024-05","2024-05-16",\N
"S-c95ecc","A-bb1eaa","Enterprise","21","4179.00","50148.00","FALSE","FALSE","FALSE","FALSE","monthly","TRUE","2024-06","2024-06","2024-06-30",\N
"S-a2ee32","A-2922b6","Basic","15","285.00","3420.00","FALSE","FALSE","FALSE","FALSE","monthly","TRUE","2024-12","2024-12","2024-12-15",\N
"S-8eab5b","A-2e3bad","Pro","61","2989.00","35868.00","FALSE","FALSE","FALSE","TRUE","annual","TRUE","2023-08","2024-01","2024-01-14","2024-03-01"
"S-3223a2","A-13466a","Basic","9","171.00","2052.00","FALSE","FALSE","FALSE","FALSE","annual","TRUE","2023-11","2024-09","2024-09-20",\N
"S-b81ed3","A-ee42db","Pro","13","0.00","0.00","TRUE","FALSE","FALSE","FALSE","annual","TRUE","2023-05","2024-02","2024-02-10",\N
"S-d031a4","A-cdf020","Pro","44","2156.00","25872.00","FALSE","FALSE","FALSE","FALSE","monthly","TRUE","2023-12","2024-10","2024-10-09",\N
"S-5a2a05","A-9f9299","Basic","28","532.00","6384.00","FALSE","FALSE","FALSE","FALSE","monthly","TRUE","2023-11","2024-04","2024-04-04",\N
"S-aa3dd4","A-aa9511","Enterprise","58","0.00","0.00","TRUE","FALSE","FALSE","FALSE","monthly","TRUE","2023-10","2024-09","2024-09-23",\N
"S-cfcb11","A-b3fe05","Basic","19","0.00","0.00","TRUE","FALSE","FALSE","FALSE","annual","FALSE","2024-06","2024-12","2024-12-20",\N
"S-a5a9b8","A-94c3cd","Basic","45","855.00","10260.00","FALSE","FALSE","FALSE","FALSE","annual","FALSE","2024-01","2024-09","2024-09-29",\N
"S-b559da","A-e19ff6","Basic","8","152.00","1824.00","FALSE","FALSE","FALSE","FALSE","annual","TRUE","2023-08","2023-08","2023-08-09",\N
"S-43c80c","A-118d55","Pro","12","588.00","7056.00","FALSE","FALSE","FALSE","FALSE","annual","TRUE","2024-10","2024-12","2024-12-25",\N
"S-5d5699","A-1b9609","Enterprise","35","6965.00","83580.00","FALSE","FALSE","FALSE","FALSE","annual","TRUE","2023-12","2024-06","2024-06-16",\N
"S-e44044","A-eb2fdc","Basic","31","589.00","7068.00","FALSE","FALSE","FALSE","FALSE","annual","TRUE","2024-02","2024-12","2024-12-19",\N
"S-83f2e5","A-e1462e","Enterprise","29","5771.00","69252.00","FALSE","TRUE","FALSE","FALSE","monthly","TRUE","2023-04","2023-12","2023-12-01",\N
"S-ba3fc7","A-dcc2f0","Enterprise","15","2985.00","35820.00","FALSE","FALSE","FALSE","FALSE","annual","TRUE","2023-10","2024-10","2024-10-25",\N
"S-b51d34","A-2d1036","Enterprise","69","13731.00","164772.00","FALSE","FALSE","FALSE","TRUE","annual","TRUE","2024-07","2024-10","2024-10-13","2024-11-24"
"S-8a3abd","A-6f8ad2","Pro","26","1274.00","15288.00","FALSE","FALSE","FALSE","FALSE","annual","TRUE","2024-07","2024-08","2024-08-23",\N
"S-f677d3","A-dec005","Basic","21","399.00","4788.00","FALSE","FALSE","FALSE","FALSE","monthly","TRUE","2023-10","2024-09","2024-09-22",\N
"S-e7e4bd","A-1f0ac7","Enterprise","24","4776.00","57312.00","FALSE","FALSE","FALSE","FALSE","annual","TRUE","2023-12","2024-02","2024-02-15",\N
"S-1c23d2","A-186a44","Pro","20","0.00","0.00","TRUE","FALSE","FALSE","FALSE","monthly","TRUE","2023-08","2024-11","2024-11-14",\N
"S-22778a","A-328bd0","Basic","18","342.00","4104.00","FALSE","FALSE","FALSE","FALSE","monthly","FALSE","2023-08","2024-02","2024-02-28",\N
"S-c3b622","A-82d8a6","Pro","5","0.00","0.00","TRUE","TRUE","FALSE","FALSE","annual","TRUE","2024-12","2024-12","2024-12-29",\N
"S-33598f","A-32fb14","Enterprise","26","5174.00","62088.00","FALSE","FALSE","FALSE","FALSE","annual","TRUE","2023-07","2024-11","2024-11-09",\N
"S-32e881","A-029f69","Pro","3","0.00","0.00","TRUE","FALSE","FALSE","TRUE","monthly","TRUE","2024-05","2024-10","2024-10-10","2024-11-16"
"S-0b054a","A-4e960a","Basic","40","760.00","9120.00","FALSE","FALSE","FALSE","FALSE","annual","TRUE","2024-02","2024-06","2024-06-01",\N
"S-71c55a","A-296d7c","Basic","2","38.00","456.00","FALSE","FALSE","FALSE","FALSE","annual","FALSE","2024-01","2024-06","2024-06-08",\N
"S-269b4a","A-5b1bcd","Enterprise","73","14527.00","174324.00","FALSE","FALSE","FALSE","FALSE","monthly","TRUE","2023-09","2024-02","2024-02-15",\N
"S-93592e","A-202b67","Pro","61","2989.00","35868.00","FALSE","FALSE","FALSE","FALSE","monthly","TRUE","2024-03","2024-05","2024-05-18",\N
"S-bba658","A-e4bf56","Basic","17","323.00","3876.00","FALSE","FALSE","FALSE","FALSE","monthly","FALSE","2024-11","2024-12","2024-12-17",\N
"S-073381","A-2bc93d","Basic","14","266.00","3192.00","FALSE","FALSE","FALSE","TRUE","monthly","FALSE","2023-07","2024-09","2024-09-11","2024-09-27"
"S-c0820a","A-6a7c9d","Pro","26","1274.00","15288.00","FALSE","FALSE","FALSE","FALSE","annual","TRUE","2024-11","2024-12","2024-12-26",\N
"S-dd73ac","A-39b19f","Enterprise","14","2786.00","33432.00","FALSE","FALSE","FALSE","FALSE","monthly","FALSE","2023-02","2024-05","2024-05-17",\N
"S-e32b16","A-d77f4c","Enterprise","29","5771.00","69252.00","FALSE","FALSE","FALSE","FALSE","annual","TRUE","2023-10","2024-11","2024-11-20",\N
"S-070d42","A-684255","Pro","23","1127.00","13524.00","FALSE","TRUE","FALSE","FALSE","annual","TRUE","2024-04","2024-05","2024-05-23",\N
"S-396546","A-832ec2","Enterprise","19","3781.00","45372.00","FALSE","FALSE","FALSE","FALSE","monthly","FALSE","2024-01","2024-02","2024-02-02",\N
"S-c22c29","A-692f18","Enterprise","28","5572.00","66864.00","FALSE","FALSE","FALSE","TRUE","annual","TRUE","2024-03","2024-12","2024-12-15","2024-12-17"
"S-e73cdf","A-b7ef83","Enterprise","44","8756.00","105072.00","FALSE","FALSE","FALSE","FALSE","annual","FALSE","2024-06","2024-11","2024-11-08",\N
"S-1976bb","A-eb2fdc","Basic","31","589.00","7068.00","FALSE","FALSE","FALSE","FALSE","monthly","TRUE","2024-02","2024-06","2024-06-13",\N
"S-3f08d7","A-d792a6","Enterprise","4","796.00","9552.00","FALSE","FALSE","TRUE","FALSE","monthly","TRUE","2023-02","2023-10","2023-10-13",\N
"S-db6454","A-0f3e88","Basic","11","209.00","2508.00","FALSE","FALSE","FALSE","FALSE","monthly","TRUE","2023-08","2024-10","2024-10-08",\N
"S-6ab430","A-b07b56","Pro","25","1225.00","14700.00","FALSE","FALSE","FALSE","FALSE","monthly","TRUE","2024-11","2024-11","2024-11-24",\N
"S-04d260","A-d82ef9","Pro","26","0.00","0.00","TRUE","FALSE","FALSE","FALSE","annual","FALSE","2024-07","2024-07","2024-07-14",\N
"S-77f7fd","A-425e76","Pro","27","1323.00","15876.00","FALSE","FALSE","FALSE","FALSE","monthly","TRUE","2023-06","2024-08","2024-08-06",\N
"S-456d47","A-7da956","Enterprise","13","2587.00","31044.00","FALSE","FALSE","FALSE","FALSE","monthly","TRUE","2024-06","2024-10","2024-10-08",\N
"S-9780e9","A-dcc2f0","Basic","15","0.00","0.00","TRUE","FALSE","FALSE","FALSE","annual","TRUE","2023-10","2024-09","2024-09-02",\N
"S-e477e9","A-c16101","Pro","7","343.00","4116.00","FALSE","FALSE","FALSE","FALSE","monthly","TRUE","2024-09","2024-09","2024-09-06",\N
"S-020dce","A-10b8da","Enterprise","14","2786.00","33432.00","FALSE","FALSE","FALSE","FALSE","monthly","FALSE","2023-05","2024-07","2024-07-05",\N
"S-ae6295","A-50f3f7","Pro","31","1519.00","18228.00","FALSE","FALSE","TRUE","FALSE","annual","TRUE","2024-01","2024-05","2024-05-06",\N
"S-067c38","A-3b5cd1","Basic","16","304.00","3648.00","FALSE","FALSE","FALSE","FALSE","monthly","TRUE","2023-09","2024-01","2024-01-03",\N
"S-0aedf8","A-a7bd4b","Basic","48","912.00","10944.00","FALSE","FALSE","FALSE","FALSE","monthly","TRUE","2023-03","2024-01","2024-01-13",\N
"S-8bb388","A-883b7d","Enterprise","50","9950.00","119400.00","FALSE","FALSE","FALSE","FALSE","annual","TRUE","2024-04","2024-08","2024-08-22",\N
"S-e8d48e","A-2edab2","Enterprise","17","3383.00","40596.00","FALSE","FALSE","FALSE","FALSE","annual","TRUE","2023-11","2024-06","2024-06-19",\N
"S-2d63e2","A-4e960a","Pro","12","588.00","7056.00","FALSE","FALSE","FALSE","FALSE","monthly","TRUE","2024-02","2024-08","2024-08-03",\N
"S-4695b8","A-ad64c6","Pro","12","588.00","7056.00","FALSE","FALSE","FALSE","TRUE","annual","TRUE","2024-03","2024-08","2024-08-15","2024-11-11"
"S-2e84f2","A-ee42db","Enterprise","13","2587.00","31044.00","FALSE","FALSE","FALSE","FALSE","annual","TRUE","2023-05","2024-08","2024-08-10",\N
"S-9de4eb","A-039727","Enterprise","25","4975.00","59700.00","FALSE","FALSE","FALSE","FALSE","monthly","TRUE","2024-11","2024-12","2024-12-06",\N
"S-6100a4","A-b30291","Pro","47","0.00","0.00","TRUE","FALSE","FALSE","FALSE","annual","TRUE","2024-04","2024-10","2024-10-21",\N
"S-18565e","A-463db0","Enterprise","42","8358.00","100296.00","FALSE","FALSE","FALSE","FALSE","monthly","FALSE","2024-12","2024-12","2024-12-26",\N
"S-012b26","A-df1e44","Enterprise","13","2587.00","31044.00","FALSE","FALSE","FALSE","FALSE","annual","TRUE","2024-03","2024-10","2024-10-29",\N
"S-7b7e04","A-7f8241","Enterprise","34","6766.00","81192.00","FALSE","FALSE","FALSE","FALSE","annual","TRUE","2023-03","2023-10","2023-10-12",\N
"S-896e2f","A-712426","Pro","18","882.00","10584.00","FALSE","TRUE","FALSE","FALSE","annual","TRUE","2024-11","2024-11","2024-11-28",\N
"S-f482de","A-cdf020","Basic","23","0.00","0.00","TRUE","FALSE","FALSE","FALSE","monthly","TRUE","2023-12","2024-04","2024-04-11",\N
"S-140813","A-2b9d3e","Enterprise","5","995.00","11940.00","FALSE","FALSE","FALSE","FALSE","annual","TRUE","2023-09","2023-11","2023-11-21",\N
"S-a7524a","A-54ecc2","Pro","13","637.00","7644.00","FALSE","FALSE","FALSE","FALSE","monthly","TRUE","2023-08","2024-08","2024-08-25",\N
"S-2fc028","A-3b37d9","Enterprise","23","4577.00","54924.00","FALSE","TRUE","FALSE","TRUE","annual","TRUE","2023-04","2023-11","2023-11-13","2024-11-27"
"S-606747","A-65aeb5","Enterprise","9","1791.00","21492.00","FALSE","FALSE","FALSE","FALSE","monthly","TRUE","2024-02","2024-08","2024-08-04",\N
"S-92a38d","A-779e4e","Basic","19","361.00","4332.00","FALSE","FALSE","FALSE","FALSE","monthly","TRUE","2023-01","2024-09","2024-09-14",\N
"S-c89bff","A-68f37c","Basic","12","228.00","2736.00","FALSE","FALSE","FALSE","FALSE","monthly","TRUE","2023-07","2024-02","2024-02-23",\N
"S-3d5e0c","A-b07b56","Basic","25","0.00","0.00","TRUE","FALSE","FALSE","FALSE","monthly","TRUE","2024-11","2024-11","2024-11-26",\N
"S-2359a2","A-c7ffc2","Enterprise","30","5970.00","71640.00","FALSE","FALSE","FALSE","FALSE","annual","FALSE","2023-05","2024-03","2024-03-12",\N
"S-63c794","A-158f4e","Pro","61","2989.00","35868.00","FALSE","FALSE","FALSE","FALSE","annual","TRUE","2023-06","2023-10","2023-10-11",\N
"S-87ebe6","A-d27f50","Enterprise","44","8756.00","105072.00","FALSE","FALSE","FALSE","FALSE","monthly","FALSE","2024-07","2024-10","2024-10-20",\N
"S-12c163","A-bb3bd4","Enterprise","23","0.00","0.00","TRUE","FALSE","FALSE","FALSE","annual","TRUE","2024-04","2024-12","2024-12-16",\N
"S-684915","A-bd4708","Enterprise","37","0.00","0.00","TRUE","FALSE","FALSE","FALSE","annual","TRUE","2024-07","2024-12","2024-12-05",\N
"S-6b7487","A-e61e98","Pro","19","931.00","11172.00","FALSE","TRUE","FALSE","FALSE","annual","TRUE","2023-11","2024-05","2024-05-13",\N
"S-911e27","A-4c6f11","Basic","35","665.00","7980.00","FALSE","FALSE","FALSE","FALSE","monthly","FALSE","2024-03","2024-07","2024-07-14",\N
"S-a0a358","A-af0cd2","Basic","19","361.00","4332.00","FALSE","FALSE","FALSE","FALSE","annual","TRUE","2023-01","2023-10","2023-10-25",\N
"S-373490","A-756192","Enterprise","19","0.00","0.00","TRUE","FALSE","FALSE","FALSE","monthly","TRUE","2023-09","2024-09","2024-09-28",\N
"S-94aaef","A-098560","Pro","35","1715.00","20580.00","FALSE","TRUE","FALSE","FALSE","annual","FALSE","2023-12","2023-12","2023-12-10",\N
"S-ea66df","A-712533","Pro","36","1764.00","21168.00","FALSE","FALSE","FALSE","FALSE","monthly","TRUE","2023-08","2024-10","2024-10-01",\N
"S-2176da","A-cbd1a3","Enterprise","18","3582.00","42984.00","FALSE","FALSE","FALSE","FALSE","monthly","TRUE","2024-11","2024-11","2024-11-26",\N
"S-a64940","A-2922b6","Enterprise","35","6965.00","83580.00","FALSE","FALSE","FALSE","FALSE","monthly","TRUE","2024-12","2024-12","2024-12-23",\N
"S-289702","A-00bed1","Enterprise","28","5572.00","66864.00","FALSE","FALSE","FALSE","FALSE","annual","FALSE","2023-11","2024-09","2024-09-01",\N
"S-30fa6f","A-e1b9cd","Pro","40","1960.00","23520.00","FALSE","FALSE","FALSE","TRUE","monthly","TRUE","2023-03","2023-03","2023-03-21","2024-12-04"
"S-65bb33","A-157070","Enterprise","16","3184.00","38208.00","FALSE","FALSE","FALSE","FALSE","annual","FALSE","2023-12","2024-08","2024-08-26",\N
"S-5d434f","A-82861f","Pro","41","2009.00","24108.00","FALSE","FALSE","FALSE","FALSE","monthly","TRUE","2024-05","2024-05","2024-05-18",\N
"S-9ea111","A-0354fe","Enterprise","34","6766.00","81192.00","FALSE","FALSE","FALSE","FALSE","monthly","FALSE","2024-11","2024-12","2024-12-10",\N
"S-46526e","A-39ddf4","Pro","44","2156.00","25872.00","FALSE","FALSE","FALSE","FALSE","annual","FALSE","2024-12","2024-12","2024-12-10",\N
"S-f713a1","A-cb5333","Basic","33","627.00","7524.00","FALSE","FALSE","FALSE","FALSE","annual","TRUE","2024-04","2024-07","2024-07-26",\N
"S-5a5338","A-5ed98d","Basic","38","0.00","0.00","TRUE","FALSE","FALSE","FALSE","annual","TRUE","2024-06","2024-12","2024-12-21",\N
"S-a94ec7","A-f92792","Basic","18","342.00","4104.00","FALSE","FALSE","FALSE","FALSE","monthly","FALSE","2024-07","2024-09","2024-09-17",\N
"S-f9e5e9","A-f19409","Pro","23","1127.00","13524.00","FALSE","FALSE","FALSE","FALSE","annual","TRUE","2023-04","2024-10","2024-10-27",\N
"S-8486d2","A-7df7a7","Enterprise","30","5970.00","71640.00","FALSE","FALSE","FALSE","FALSE","annual","TRUE","2023-02","2024-12","2024-12-28",\N
"S-b479cd","A-f17767","Pro","9","441.00","5292.00","FALSE","FALSE","FALSE","FALSE","monthly","TRUE","2023-02","2023-07","2023-07-30",\N
"S-a5d1e3","A-e19ff6","Basic","18","342.00","4104.00","FALSE","FALSE","FALSE","FALSE","monthly","TRUE","2023-08","2024-07","2024-07-01",\N
"S-c1eb68","A-81edc3","Basic","32","608.00","7296.00","FALSE","TRUE","FALSE","FALSE","monthly","FALSE","2023-11","2024-11","2024-11-02",\N
"S-f429e0","A-b44e3e","Enterprise","79","15721.00","188652.00","FALSE","TRUE","FALSE","FALSE","annual","TRUE","2024-02","2024-02","2024-02-28",\N
"S-0ed0cb","A-cc102e","Pro","13","0.00","0.00","TRUE","FALSE","FALSE","FALSE","monthly","TRUE","2024-05","2024-12","2024-12-11",\N
"S-0c43c2","A-0f6450","Pro","28","1372.00","16464.00","FALSE","FALSE","FALSE","FALSE","monthly","FALSE","2024-12","2024-12","2024-12-30",\N
"S-73fc8f","A-0dbdc6","Enterprise","30","5970.00","71640.00","FALSE","FALSE","FALSE","FALSE","monthly","FALSE","2023-06","2024-10","2024-10-25",\N
"S-4ad7b1","A-3c1a3f","Enterprise","2","398.00","4776.00","FALSE","FALSE","TRUE","FALSE","monthly","TRUE","2023-08","2024-04","2024-04-28",\N
"S-909b7f","A-eafc6e","Enterprise","27","5373.00","64476.00","FALSE","FALSE","FALSE","FALSE","monthly","TRUE","2023-08","2024-08","2024-08-16",\N
"S-2de449","A-702032","Enterprise","28","5572.00","66864.00","FALSE","FALSE","FALSE","FALSE","annual","TRUE","2024-04","2024-04","2024-04-24",\N
"S-7bcd95","A-9123ac","Basic","9","171.00","2052.00","FALSE","FALSE","FALSE","FALSE","monthly","TRUE","2023-10","2023-10","2023-10-25",\N
"S-3fb251","A-87aa7b","Enterprise","50","0.00","0.00","TRUE","TRUE","FALSE","FALSE","monthly","FALSE","2024-05","2024-07","2024-07-22",\N
"S-69a807","A-40de06","Pro","28","1372.00","16464.00","FALSE","FALSE","FALSE","FALSE","annual","TRUE","2023-06","2023-10","2023-10-28",\N
"S-cfaa97","A-c9bb3e","Basic","26","494.00","5928.00","FALSE","FALSE","FALSE","FALSE","monthly","TRUE","2024-04","2024-09","2024-09-13",\N
"S-0e6b77","A-7c5768","Basic","50","950.00","11400.00","FALSE","FALSE","FALSE","FALSE","annual","TRUE","2024-03","2024-11","2024-11-04",\N
"S-224bca","A-3b5cd1","Enterprise","18","3582.00","42984.00","FALSE","FALSE","FALSE","FALSE","monthly","FALSE","2023-09","2024-02","2024-02-27",\N
"S-a68b52","A-e89151","Enterprise","44","8756.00","105072.00","FALSE","FALSE","FALSE","FALSE","annual","TRUE","2023-11","2024-12","2024-12-17",\N
"S-aabbf4","A-54d94a","Pro","52","2548.00","30576.00","FALSE","TRUE","FALSE","FALSE","annual","TRUE","2023-11","2024-01","2024-01-06",\N
"S-1cefc9","A-10b8f2","Pro","48","2352.00","28224.00","FALSE","FALSE","FALSE","FALSE","annual","TRUE","2023-02","2024-12","2024-12-16",\N
"S-61cc6f","A-d4e0d4","Enterprise","117","23283.00","279396.00","FALSE","TRUE","FALSE","FALSE","annual","TRUE","2024-10","2024-12","2024-12-14",\N
"S-3b7f8e","A-625d0b","Enterprise","9","1791.00","21492.00","FALSE","FALSE","FALSE","FALSE","monthly","TRUE","2024-09","2024-10","2024-10-07",\N
"S-104ed3","A-855a48","Basic","14","266.00","3192.00","FALSE","FALSE","FALSE","FALSE","annual","TRUE","2024-01","2024-03","2024-03-02",\N
"S-b86304","A-462d45","Pro","19","931.00","11172.00","FALSE","FALSE","FALSE","FALSE","annual","TRUE","2024-01","2024-05","2024-05-07",\N
"S-b192d9","A-ffdfd5","Pro","14","0.00","0.00","TRUE","TRUE","FALSE","FALSE","monthly","TRUE","2024-04","2024-09","2024-09-09",\N
"S-b156cf","A-625d0b","Pro","9","441.00","5292.00","FALSE","FALSE","FALSE","FALSE","annual","TRUE","2024-09","2024-11","2024-11-22",\N
"S-b859e7","A-ffdfd5","Enterprise","4","0.00","0.00","TRUE","FALSE","FALSE","FALSE","annual","TRUE","2024-04","2024-11","2024-11-24",\N
"S-4c9107","A-9208f0","Basic","4","76.00","912.00","FALSE","TRUE","FALSE","FALSE","annual","TRUE","2023-05","2023-09","2023-09-19",\N
"S-57e129","A-b11cd0","Pro","36","1764.00","21168.00","FALSE","FALSE","FALSE","FALSE","monthly","TRUE","2023-02","2024-02","2024-02-17",\N
"S-79ab7e","A-956988","Enterprise","72","0.00","0.00","TRUE","FALSE","FALSE","TRUE","monthly","FALSE","2024-12","2024-12","2024-12-13","2024-12-22"
"S-8f4f5b","A-7f6b86","Pro","45","0.00","0.00","TRUE","FALSE","FALSE","FALSE","annual","TRUE","2023-08","2023-08","2023-08-30",\N
"S-2574a3","A-40de06","Enterprise","28","5572.00","66864.00","FALSE","FALSE","FALSE","FALSE","annual","TRUE","2023-06","2024-10","2024-10-09",\N
"S-f30a79","A-ff3c73","Basic","21","399.00","4788.00","FALSE","FALSE","FALSE","FALSE","annual","TRUE","2023-04","2024-10","2024-10-20",\N
"S-e702a4","A-78f02b","Enterprise","18","3582.00","42984.00","FALSE","FALSE","FALSE","FALSE","annual","TRUE","2024-11","2024-11","2024-11-26",\N
"S-5e0619","A-0b0d6d","Pro","6","294.00","3528.00","FALSE","FALSE","FALSE","FALSE","annual","TRUE","2024-12","2024-12","2024-12-31",\N
"S-4fc5ca","A-712f1c","Enterprise","75","14925.00","179100.00","FALSE","FALSE","FALSE","FALSE","annual","TRUE","2024-01","2024-03","2024-03-11",\N
"S-457217","A-104f1a","Pro","24","1176.00","14112.00","FALSE","FALSE","FALSE","FALSE","monthly","TRUE","2024-09","2024-12","2024-12-18",\N
"S-113e86","A-96bbc6","Pro","39","1911.00","22932.00","FALSE","TRUE","FALSE","FALSE","monthly","TRUE","2024-05","2024-05","2024-05-23",\N
"S-9f479f","A-d5a319","Basic","17","323.00","3876.00","FALSE","TRUE","FALSE","FALSE","monthly","FALSE","2023-06","2023-12","2023-12-01",\N
"S-3ec165","A-019782","Enterprise","16","3184.00","38208.00","FALSE","FALSE","FALSE","TRUE","annual","TRUE","2023-06","2023-08","2023-08-19","2023-11-27"
"S-7fa78f","A-0651a4","Enterprise","16","3184.00","38208.00","FALSE","FALSE","FALSE","FALSE","monthly","TRUE","2024-10","2024-12","2024-12-13",\N
"S-1b4693","A-cd458b","Enterprise","15","2985.00","35820.00","FALSE","FALSE","FALSE","FALSE","monthly","TRUE","2024-07","2024-12","2024-12-23",\N
"S-15c444","A-6965e1","Pro","13","637.00","7644.00","FALSE","FALSE","TRUE","FALSE","monthly","TRUE","2024-12","2024-12","2024-12-07",\N
"S-d8c6a0","A-af0cd2","Basic","57","1083.00","12996.00","FALSE","FALSE","FALSE","FALSE","annual","TRUE","2023-01","2024-10","2024-10-05",\N
"S-e874c1","A-92a3af","Pro","34","1666.00","19992.00","FALSE","FALSE","FALSE","FALSE","monthly","FALSE","2024-07","2024-07","2024-07-24",\N
"S-80fa36","A-55f257","Pro","9","441.00","5292.00","FALSE","FALSE","FALSE","FALSE","monthly","FALSE","2024-01","2024-01","2024-01-18",\N
"S-5ed335","A-7df7a7","Enterprise","13","2587.00","31044.00","FALSE","FALSE","FALSE","TRUE","monthly","TRUE","2023-02","2023-10","2023-10-17","2024-01-18"
"S-ec56f3","A-92a333","Basic","67","1273.00","15276.00","FALSE","FALSE","FALSE","FALSE","monthly","TRUE","2023-08","2024-07","2024-07-03",\N
"S-527b39","A-3d957b","Enterprise","14","2786.00","33432.00","FALSE","FALSE","FALSE","TRUE","monthly","TRUE","2024-07","2024-08","2024-08-18","2024-10-28"
"S-bc5908","A-0354fe","Enterprise","34","6766.00","81192.00","FALSE","FALSE","FALSE","FALSE","monthly","TRUE","2024-11","2024-11","2024-11-15",\N
"S-af4e84","A-798a3f","Enterprise","12","2388.00","28656.00","FALSE","FALSE","FALSE","FALSE","annual","FALSE","2023-12","2023-12","2023-12-25",\N
"S-6ce794","A-45ce7a","Basic","18","342.00","4104.00","FALSE","TRUE","FALSE","FALSE","monthly","FALSE","2023-08","2024-02","2024-02-20",\N
"S-f17152","A-7f6b86","Enterprise","59","11741.00","140892.00","FALSE","FALSE","FALSE","FALSE","annual","TRUE","2023-08","2024-09","2024-09-16",\N
"S-0a59be","A-328bd0","Enterprise","18","3582.00","42984.00","FALSE","FALSE","FALSE","FALSE","monthly","TRUE","2023-08","2023-08","2023-08-24",\N
"S-6f488b","A-d27f50","Basic","44","836.00","10032.00","FALSE","FALSE","FALSE","TRUE","annual","FALSE","2024-07","2024-12","2024-12-29","2024-12-29"
"S-094e82","A-9ee962","Basic","9","171.00","2052.00","FALSE","FALSE","FALSE","TRUE","monthly","TRUE","2023-06","2024-05","2024-05-25","2024-09-23"
"S-1eb467","A-94f8c9","Enterprise","13","2587.00","31044.00","FALSE","FALSE","FALSE","FALSE","monthly","TRUE","2024-04","2024-12","2024-12-31",\N
"S-7f9ce5","A-00bed1","Pro","28","1372.00","16464.00","FALSE","FALSE","FALSE","FALSE","monthly","TRUE","2023-11","2024-07","2024-07-20",\N
"S-69362d","A-a865bd","Basic","68","1292.00","15504.00","FALSE","FALSE","FALSE","FALSE","annual","TRUE","2024-01","2024-04","2024-04-26",\N
"S-36069b","A-940b8b","Enterprise","1","199.00","2388.00","FALSE","FALSE","FALSE","FALSE","annual","TRUE","2024-04","2024-06","2024-06-26",\N
"S-d24841","A-2e4581","Pro","9","0.00","0.00","TRUE","TRUE","FALSE","FALSE","annual","TRUE","2024-10","2024-11","2024-11-17",\N
"S-cd6bb6","A-dbc825","Basic","19","361.00","4332.00","FALSE","FALSE","FALSE","FALSE","annual","TRUE","2024-01","2024-11","2024-11-25",\N
"S-6a9918","A-92a3af","Enterprise","35","6965.00","83580.00","FALSE","FALSE","FALSE","FALSE","annual","FALSE","2024-07","2024-11","2024-11-07",\N
"S-549438","A-ac9111","Pro","23","1127.00","13524.00","FALSE","FALSE","FALSE","FALSE","annual","TRUE","2023-09","2024-07","2024-07-07",\N
"S-f7cde3","A-82d8a6","Pro","42","2058.00","24696.00","FALSE","FALSE","FALSE","FALSE","annual","FALSE","2024-12","2024-12","2024-12-13",\N
"S-de6767","A-e3bd71","Enterprise","31","6169.00","74028.00","FALSE","FALSE","FALSE","FALSE","annual","TRUE","2023-04","2024-10","2024-10-19",\N
"S-d3d720","A-b7724f","Basic","11","209.00","2508.00","FALSE","FALSE","FALSE","TRUE","monthly","TRUE","2023-06","2024-06","2024-06-20","2024-12-30"
"S-21b034","A-90a8c8","Pro","32","1568.00","18816.00","FALSE","FALSE","FALSE","FALSE","annual","TRUE","2024-08","2024-08","2024-08-25",\N
"S-9e6f0c","A-c70870","Basic","31","589.00","7068.00","FALSE","FALSE","FALSE","FALSE","monthly","TRUE","2024-11","2024-11","2024-11-11",\N
"S-c1316c","A-855a48","Enterprise","60","11940.00","143280.00","FALSE","FALSE","FALSE","FALSE","annual","TRUE","2024-01","2024-07","2024-07-30",\N
"S-3383a4","A-c37601","Pro","12","0.00","0.00","TRUE","FALSE","FALSE","FALSE","annual","TRUE","2024-11","2024-12","2024-12-29",\N
"S-d27f96","A-a8d89d","Enterprise","28","5572.00","66864.00","FALSE","FALSE","FALSE","FALSE","monthly","TRUE","2023-12","2024-11","2024-11-23",\N
"S-5a75eb","A-503d5a","Basic","10","190.00","2280.00","FALSE","FALSE","FALSE","FALSE","monthly","TRUE","2023-10","2024-11","2024-11-22",\N
"S-fef8bf","A-484819","Enterprise","18","3582.00","42984.00","FALSE","FALSE","FALSE","FALSE","annual","TRUE","2023-02","2024-01","2024-01-01",\N
"S-e2f1fd","A-d27f50","Pro","44","0.00","0.00","TRUE","FALSE","FALSE","FALSE","monthly","TRUE","2024-07","2024-12","2024-12-02",\N
"S-1c406a","A-82861f","Enterprise","53","10547.00","126564.00","FALSE","FALSE","FALSE","FALSE","monthly","TRUE","2024-05","2024-07","2024-07-10",\N
"S-80dc6b","A-b07b56","Basic","25","0.00","0.00","TRUE","FALSE","FALSE","FALSE","annual","TRUE","2024-11","2024-12","2024-12-21",\N
"S-4faeb9","A-98a59a","Pro","56","2744.00","32928.00","FALSE","TRUE","FALSE","FALSE","monthly","TRUE","2023-09","2024-02","2024-02-16",\N
"S-0e8781","A-34ea2f","Enterprise","23","0.00","0.00","TRUE","FALSE","FALSE","FALSE","monthly","FALSE","2024-09","2024-09","2024-09-24",\N
"S-53a9f7","A-5b1bcd","Pro","73","3577.00","42924.00","FALSE","FALSE","FALSE","FALSE","annual","TRUE","2023-09","2024-06","2024-06-06",\N
"S-b95aac","A-2d1036","Pro","69","3381.00","40572.00","FALSE","FALSE","FALSE","FALSE","monthly","FALSE","2024-07","2024-12","2024-12-16",\N
"S-41a4cb","A-970c97","Pro","14","686.00","8232.00","FALSE","FALSE","FALSE","FALSE","annual","TRUE","2024-03","2024-07","2024-07-13",\N
"S-7a6697","A-b9eed8","Pro","12","588.00","7056.00","FALSE","FALSE","TRUE","FALSE","annual","TRUE","2024-03","2024-05","2024-05-07",\N
"S-bdf4de","A-6e7827","Enterprise","2","398.00","4776.00","FALSE","FALSE","FALSE","FALSE","annual","TRUE","2023-06","2024-03","2024-03-22",\N
"S-2c617b","A-fda07f","Pro","51","0.00","0.00","TRUE","FALSE","FALSE","FALSE","annual","TRUE","2024-08","2024-10","2024-10-28",\N
"S-a54f87","A-756192","Basic","68","1292.00","15504.00","FALSE","FALSE","FALSE","FALSE","annual","TRUE","2023-09","2024-08","2024-08-11",\N
"S-30c045","A-eb7fac","Pro","92","4508.00","54096.00","FALSE","FALSE","FALSE","FALSE","monthly","TRUE","2023-12","2024-05","2024-05-24",\N
"S-af2d97","A-781cc0","Pro","28","1372.00","16464.00","FALSE","FALSE","FALSE","TRUE","monthly","FALSE","2024-09","2024-11","2024-11-01","2024-11-02"
"S-bfe8ca","A-22f2df","Pro","61","2989.00","35868.00","FALSE","FALSE","FALSE","FALSE","annual","TRUE","2024-12","2024-12","2024-12-22",\N
"S-91da84","A-6c093d","Pro","7","343.00","4116.00","FALSE","FALSE","FALSE","TRUE","annual","TRUE","2023-04","2024-03","2024-03-08","2024-09-19"
"S-ba7f2a","A-417d2f","Basic","14","266.00","3192.00","FALSE","FALSE","FALSE","FALSE","annual","TRUE","2023-07","2024-01","2024-01-24",\N
"S-d7ef67","A-558c72","Basic","12","228.00","2736.00","FALSE","TRUE","FALSE","FALSE","monthly","FALSE","2023-06","2024-03","2024-03-07",\N
"S-ec58ac","A-5a184f","Pro","41","2009.00","24108.00","FALSE","FALSE","FALSE","FALSE","annual","TRUE","2023-08","2023-11","2023-11-30",\N
"S-526874","A-cc8c8f","Enterprise","23","4577.00","54924.00","FALSE","FALSE","FALSE","FALSE","annual","TRUE","2024-06","2024-12","2024-12-17",\N
"S-2fe6c0","A-ac9111","Basic","21","399.00","4788.00","FALSE","FALSE","FALSE","FALSE","annual","TRUE","2023-09","2024-12","2024-12-21",\N
"S-6c7227","A-a33200","Pro","51","2499.00","29988.00","FALSE","FALSE","FALSE","FALSE","monthly","TRUE","2024-09","2024-12","2024-12-14",\N
"S-bbd26a","A-df10db","Basic","3","57.00","684.00","FALSE","FALSE","FALSE","FALSE","monthly","TRUE","2023-08","2024-06","2024-06-24",\N
"S-4ef4fd","A-eb7fac","Pro","7","343.00","4116.00","FALSE","FALSE","FALSE","FALSE","annual","TRUE","2023-12","2024-09","2024-09-19",\N
"S-6b0a2f","A-d49cc5","Pro","50","2450.00","29400.00","FALSE","FALSE","FALSE","FALSE","annual","TRUE","2024-02","2024-03","2024-03-26",\N
"S-7f04ec","A-1b707d","Basic","24","456.00","5472.00","FALSE","TRUE","FALSE","FALSE","monthly","TRUE","2023-11","2024-11","2024-11-08",\N
"S-b553d7","A-5b1bcd","Enterprise","73","14527.00","174324.00","FALSE","FALSE","FALSE","FALSE","annual","TRUE","2023-09","2024-10","2024-10-16",\N
"S-31d9ee","A-39868b","Basic","9","171.00","2052.00","FALSE","FALSE","FALSE","FALSE","annual","TRUE","2024-04","2024-06","2024-06-02",\N
"S-a8e49e","A-6da850","Enterprise","5","995.00","11940.00","FALSE","FALSE","FALSE","FALSE","monthly","TRUE","2023-10","2024-01","2024-01-17",\N
"S-715ace","A-3c1a3f","Pro","1","0.00","0.00","TRUE","FALSE","FALSE","FALSE","annual","TRUE","2023-08","2023-12","2023-12-29",\N
"S-0a3e58","A-417d2f","Pro","33","1617.00","19404.00","FALSE","FALSE","FALSE","FALSE","monthly","TRUE","2023-07","2024-12","2024-12-28",\N
"S-23ccf4","A-9b9fe9","Basic","99","1881.00","22572.00","FALSE","FALSE","FALSE","FALSE","annual","FALSE","2023-10","2024-10","2024-10-27",\N
"S-fae334","A-d3c88e","Pro","31","1519.00","18228.00","FALSE","FALSE","FALSE","FALSE","monthly","FALSE","2024-10","2024-12","2024-12-03",\N
"S-6e177f","A-3a5ad8","Pro","9","441.00","5292.00","FALSE","FALSE","FALSE","FALSE","monthly","TRUE","2023-12","2024-05","2024-05-17",\N
"S-c18476","A-40906c","Pro","92","4508.00","54096.00","FALSE","FALSE","FALSE","FALSE","monthly","TRUE","2024-05","2024-09","2024-09-28",\N
"S-111683","A-e6afc1","Pro","68","3332.00","39984.00","FALSE","FALSE","FALSE","FALSE","monthly","TRUE","2023-05","2023-11","2023-11-16",\N
"S-5fe3e5","A-9b9fe9","Enterprise","5","995.00","11940.00","FALSE","FALSE","FALSE","FALSE","annual","FALSE","2023-10","2023-11","2023-11-28",\N
"S-5a37dc","A-cab532","Pro","11","539.00","6468.00","FALSE","TRUE","FALSE","FALSE","monthly","TRUE","2023-04","2024-05","2024-05-12",\N
"S-a09e70","A-58b9ff","Basic","22","418.00","5016.00","FALSE","TRUE","FALSE","FALSE","annual","TRUE","2024-06","2024-10","2024-10-13",\N
"S-8942cf","A-7dacce","Pro","12","588.00","7056.00","FALSE","FALSE","FALSE","FALSE","monthly","TRUE","2024-09","2024-11","2024-11-21",\N
"S-3c4cae","A-ccb686","Pro","29","1421.00","17052.00","FALSE","TRUE","FALSE","FALSE","annual","TRUE","2024-02","2024-10","2024-10-06",\N
"S-8464b6","A-3932db","Pro","58","0.00","0.00","TRUE","FALSE","FALSE","TRUE","monthly","TRUE","2023-12","2024-07","2024-07-24","2024-08-10"
"S-936a83","A-54ecc2","Enterprise","34","0.00","0.00","TRUE","FALSE","FALSE","FALSE","monthly","TRUE","2023-08","2023-09","2023-09-13",\N
"S-ed2bb5","A-e4bf56","Enterprise","17","3383.00","40596.00","FALSE","FALSE","FALSE","FALSE","monthly","TRUE","2024-11","2024-11","2024-11-17",\N
"S-dd220e","A-6da850","Enterprise","37","7363.00","88356.00","FALSE","FALSE","FALSE","FALSE","monthly","TRUE","2023-10","2024-06","2024-06-02",\N
"S-07aba0","A-3b37d9","Enterprise","23","4577.00","54924.00","FALSE","TRUE","FALSE","FALSE","annual","TRUE","2023-04","2023-04","2023-04-11",\N
"S-04ab7e","A-f6b2fb","Pro","23","1127.00","13524.00","FALSE","FALSE","FALSE","FALSE","annual","TRUE","2024-05","2024-07","2024-07-02",\N
"S-62c088","A-054577","Enterprise","85","16915.00","202980.00","FALSE","FALSE","FALSE","FALSE","monthly","TRUE","2024-05","2024-12","2024-12-09",\N
"S-f71904","A-9a532a","Basic","62","0.00","0.00","TRUE","FALSE","FALSE","FALSE","monthly","TRUE","2024-08","2024-09","2024-09-28",\N
"S-302add","A-712f1c","Pro","17","833.00","9996.00","FALSE","FALSE","FALSE","FALSE","annual","TRUE","2024-01","2024-10","2024-10-05",\N
"S-39b5ce","A-902ef7","Enterprise","83","16517.00","198204.00","FALSE","FALSE","FALSE","FALSE","annual","TRUE","2024-09","2024-12","2024-12-11",\N
"S-15cfa1","A-054577","Pro","20","980.00","11760.00","FALSE","FALSE","FALSE","FALSE","annual","TRUE","2024-05","2024-05","2024-05-03",\N
"S-90229f","A-1f0ac7","Pro","24","0.00","0.00","TRUE","TRUE","FALSE","FALSE","monthly","TRUE","2023-12","2024-07","2024-07-11",\N
"S-7ac9dd","A-ce550d","Pro","35","1715.00","20580.00","FALSE","FALSE","FALSE","FALSE","annual","FALSE","2024-10","2024-11","2024-11-24",\N
"S-3196e2","A-ee42db","Basic","13","0.00","0.00","TRUE","FALSE","FALSE","FALSE","annual","TRUE","2023-05","2024-01","2024-01-15",\N
"S-51569a","A-e4bf56","Enterprise","22","4378.00","52536.00","FALSE","FALSE","FALSE","FALSE","monthly","TRUE","2024-11","2024-12","2024-12-25",\N
"S-dc86fa","A-72799b","Pro","30","0.00","0.00","TRUE","FALSE","FALSE","FALSE","monthly","TRUE","2023-11","2024-09","2024-09-02",\N
"S-c881bc","A-8b25f2","Basic","10","190.00","2280.00","FALSE","FALSE","FALSE","TRUE","monthly","TRUE","2024-02","2024-05","2024-05-02","2024-07-19"
"S-25ee09","A-94f8c9","Enterprise","13","2587.00","31044.00","FALSE","TRUE","FALSE","FALSE","monthly","TRUE","2024-04","2024-04","2024-04-11",\N
"S-5631a9","A-2d1036","Enterprise","69","13731.00","164772.00","FALSE","FALSE","FALSE","FALSE","annual","TRUE","2024-07","2024-07","2024-07-16",\N
"S-ad8908","A-18793f","Pro","148","7252.00","87024.00","FALSE","FALSE","FALSE","FALSE","annual","FALSE","2024-12","2024-12","2024-12-19",\N
"S-ac3a32","A-e08cd3","Enterprise","67","13333.00","159996.00","FALSE","FALSE","FALSE","FALSE","monthly","TRUE","2024-09","2024-10","2024-10-20",\N
"S-b90a53","A-69fad4","Basic","11","209.00","2508.00","FALSE","FALSE","FALSE","FALSE","annual","TRUE","2023-07","2024-02","2024-02-10",\N
"S-4d2bda","A-bbc346","Basic","19","0.00","0.00","TRUE","TRUE","FALSE","FALSE","annual","TRUE","2024-08","2024-09","2024-09-27",\N
"S-cce34b","A-462d45","Pro","18","882.00","10584.00","FALSE","FALSE","FALSE","FALSE","monthly","TRUE","2024-01","2024-03","2024-03-25",\N
"S-cb3a85","A-1d5444","Basic","24","456.00","5472.00","FALSE","FALSE","FALSE","FALSE","annual","TRUE","2024-03","2024-07","2024-07-28",\N
"S-129cf4","A-82d8a6","Pro","16","784.00","9408.00","FALSE","TRUE","FALSE","FALSE","monthly","TRUE","2024-12","2024-12","2024-12-11",\N
"S-2c8143","A-9bfc9f","Pro","53","0.00","0.00","TRUE","FALSE","FALSE","FALSE","monthly","TRUE","2023-09","2024-04","2024-04-25",\N
"S-8fd98a","A-f19409","Enterprise","40","7960.00","95520.00","FALSE","FALSE","FALSE","FALSE","monthly","TRUE","2023-04","2024-04","2024-04-08",\N
"S-615915","A-eb7c38","Enterprise","90","17910.00","214920.00","FALSE","FALSE","FALSE","TRUE","monthly","TRUE","2024-04","2024-05","2024-05-24","2024-10-19"
"S-09cb75","A-c43359","Basic","38","722.00","8664.00","FALSE","FALSE","FALSE","TRUE","annual","TRUE","2024-11","2024-11","2024-11-29","2024-12-30"
"S-bbcf43","A-b44e3e","Pro","40","0.00","0.00","TRUE","FALSE","FALSE","FALSE","monthly","TRUE","2024-02","2024-07","2024-07-23",\N
"S-ed55d2","A-039727","Enterprise","25","4975.00","59700.00","FALSE","FALSE","FALSE","FALSE","annual","TRUE","2024-11","2024-11","2024-11-07",\N
"S-54ac93","A-ff3c73","Enterprise","25","0.00","0.00","TRUE","FALSE","FALSE","TRUE","annual","TRUE","2023-04","2023-10","2023-10-14","2023-12-10"
"S-5901a1","A-7dacce","Pro","12","0.00","0.00","TRUE","FALSE","FALSE","FALSE","annual","TRUE","2024-09","2024-09","2024-09-10",\N
"S-931899","A-af0cd2","Pro","19","931.00","11172.00","FALSE","FALSE","FALSE","FALSE","annual","TRUE","2023-01","2023-04","2023-04-15",\N
"S-21d7be","A-e1b9cd","Basic","40","760.00","9120.00","FALSE","FALSE","FALSE","FALSE","annual","TRUE","2023-03","2024-01","2024-01-09",\N
"S-66a625","A-e1b9cd","Pro","40","1960.00","23520.00","FALSE","FALSE","FALSE","FALSE","monthly","TRUE","2023-03","2024-12","2024-12-24",\N
"S-0bf451","A-3f9cc0","Enterprise","22","4378.00","52536.00","FALSE","TRUE","FALSE","FALSE","annual","TRUE","2024-06","2024-06","2024-06-24",\N
"S-f951ac","A-297a2d","Basic","27","513.00","6156.00","FALSE","TRUE","FALSE","FALSE","annual","TRUE","2023-08","2024-08","2024-08-29",\N
"S-c2701b","A-50bb9f","Pro","36","1764.00","21168.00","FALSE","FALSE","FALSE","TRUE","monthly","FALSE","2024-07","2024-12","2024-12-24","2024-12-24"
"S-6cff7d","A-87aa7b","Basic","56","1064.00","12768.00","FALSE","FALSE","FALSE","FALSE","monthly","TRUE","2024-05","2024-07","2024-07-18",\N
"S-2ff628","A-118d55","Basic","8","152.00","1824.00","FALSE","TRUE","FALSE","FALSE","monthly","TRUE","2024-10","2024-12","2024-12-27",\N
"S-c3ecd8","A-d82ef9","Basic","26","494.00","5928.00","FALSE","FALSE","FALSE","FALSE","monthly","FALSE","2024-07","2024-10","2024-10-30",\N
"S-ede33a","A-202b67","Enterprise","11","2189.00","26268.00","FALSE","FALSE","FALSE","TRUE","annual","TRUE","2024-03","2024-07","2024-07-07","2024-12-23"
"S-373c6e","A-dfbd31","Pro","14","686.00","8232.00","FALSE","FALSE","FALSE","FALSE","monthly","TRUE","2023-12","2024-10","2024-10-15",\N
"S-c83dfd","A-249769","Basic","15","285.00","3420.00","FALSE","FALSE","FALSE","FALSE","monthly","TRUE","2024-06","2024-06","2024-06-08",\N
"S-215e9c","A-6965e1","Pro","18","882.00","10584.00","FALSE","FALSE","FALSE","FALSE","monthly","TRUE","2024-12","2024-12","2024-12-06",\N
"S-8da449","A-80eeb6","Basic","22","418.00","5016.00","FALSE","FALSE","FALSE","FALSE","annual","TRUE","2023-07","2023-10","2023-10-22",\N
"S-c58ed5","A-9289f6","Pro","32","1568.00","18816.00","FALSE","FALSE","FALSE","FALSE","annual","TRUE","2023-07","2024-04","2024-04-08",\N
"S-4b75c6","A-068fc6","Enterprise","35","6965.00","83580.00","FALSE","FALSE","FALSE","FALSE","annual","TRUE","2023-10","2024-04","2024-04-13",\N
"S-3872fd","A-956988","Pro","2","0.00","0.00","TRUE","FALSE","FALSE","FALSE","monthly","FALSE","2024-12","2024-12","2024-12-01",\N
"S-3f82f4","A-054577","Basic","90","1710.00","20520.00","FALSE","FALSE","FALSE","FALSE","monthly","TRUE","2024-05","2024-08","2024-08-26",\N
"S-7277c8","A-a2485e","Basic","28","532.00","6384.00","FALSE","FALSE","FALSE","FALSE","annual","FALSE","2024-08","2024-11","2024-11-16",\N
"S-827bc4","A-756192","Basic","23","437.00","5244.00","FALSE","FALSE","FALSE","FALSE","monthly","FALSE","2023-09","2024-11","2024-11-29",\N
"S-0efb82","A-94f8c9","Pro","13","637.00","7644.00","FALSE","FALSE","FALSE","FALSE","monthly","TRUE","2024-04","2024-04","2024-04-05",\N
"S-4c9c01","A-eb7c38","Basic","23","0.00","0.00","TRUE","FALSE","FALSE","TRUE","annual","TRUE","2024-04","2024-09","2024-09-26","2024-10-10"
"S-1f94ad","A-328bd0","Enterprise","18","3582.00","42984.00","FALSE","FALSE","FALSE","FALSE","annual","FALSE","2023-08","2024-07","2024-07-14",\N
"S-6bb2c5","A-84ebe4","Enterprise","36","7164.00","85968.00","FALSE","FALSE","FALSE","FALSE","monthly","TRUE","2023-05","2024-11","2024-11-18",\N
"S-865af3","A-f97b9a","Pro","16","0.00","0.00","TRUE","FALSE","FALSE","FALSE","annual","FALSE","2023-09","2024-11","2024-11-07",\N
"S-f65381","A-118d55","Enterprise","16","3184.00","38208.00","FALSE","FALSE","FALSE","FALSE","annual","TRUE","2024-10","2024-12","2024-12-02",\N
"S-115823","A-9f0b68","Enterprise","15","2985.00","35820.00","FALSE","FALSE","FALSE","FALSE","monthly","FALSE","2024-05","2024-10","2024-10-02",\N
"S-de66c3","A-ff3c73","Enterprise","21","0.00","0.00","TRUE","FALSE","FALSE","FALSE","monthly","TRUE","2023-04","2024-06","2024-06-13",\N
"S-0ac09f","A-7e0a10","Enterprise","46","9154.00","109848.00","FALSE","FALSE","FALSE","FALSE","monthly","TRUE","2023-11","2024-03","2024-03-09",\N
"S-a02981","A-7920cc","Basic","39","741.00","8892.00","FALSE","TRUE","FALSE","FALSE","monthly","TRUE","2023-11","2024-02","2024-02-04",\N
"S-487d18","A-0354fe","Enterprise","34","0.00","0.00","TRUE","FALSE","FALSE","FALSE","annual","TRUE","2024-11","2024-11","2024-11-03",\N
"S-697d16","A-3932db","Enterprise","19","0.00","0.00","TRUE","FALSE","FALSE","FALSE","monthly","TRUE","2023-12","2024-12","2024-12-31",\N
"S-f8e69c","A-52dd88","Pro","23","1127.00","13524.00","FALSE","FALSE","FALSE","FALSE","monthly","TRUE","2023-03","2023-10","2023-10-10",\N
"S-b279c9","A-50bb9f","Pro","54","2646.00","31752.00","FALSE","FALSE","FALSE","FALSE","annual","TRUE","2024-07","2024-12","2024-12-27",\N
"S-9fc31d","A-a7bd4b","Enterprise","5","995.00","11940.00","FALSE","FALSE","FALSE","TRUE","annual","TRUE","2023-03","2024-06","2024-06-02","2024-10-31"
"S-3f2b4c","A-855a48","Pro","31","1519.00","18228.00","FALSE","FALSE","FALSE","FALSE","annual","TRUE","2024-01","2024-02","2024-02-27",\N
"S-0459a1","A-8e47ca","Enterprise","19","3781.00","45372.00","FALSE","FALSE","FALSE","FALSE","monthly","FALSE","2024-02","2024-04","2024-04-29",\N
"S-7dd478","A-f5641b","Enterprise","31","6169.00","74028.00","FALSE","FALSE","FALSE","FALSE","monthly","FALSE","2024-04","2024-10","2024-10-13",\N
"S-ab2b5b","A-bbe56f","Basic","21","399.00","4788.00","FALSE","TRUE","FALSE","FALSE","monthly","TRUE","2023-08","2023-09","2023-09-06",\N
"S-9df4f6","A-9174e0","Basic","37","703.00","8436.00","FALSE","TRUE","FALSE","FALSE","monthly","TRUE","2024-12","2024-12","2024-12-24",\N
"S-9ce22d","A-726cfa","Pro","42","2058.00","24696.00","FALSE","FALSE","FALSE","FALSE","monthly","TRUE","2023-07","2024-08","2024-08-10",\N
"S-53b07a","A-b07b56","Pro","25","1225.00","14700.00","FALSE","FALSE","FALSE","FALSE","annual","TRUE","2024-11","2024-12","2024-12-08",\N
"S-bf6d7b","A-8b25f2","Pro","29","1421.00","17052.00","FALSE","FALSE","TRUE","FALSE","annual","TRUE","2024-02","2024-12","2024-12-08",\N
"S-5228d6","A-484819","Enterprise","26","5174.00","62088.00","FALSE","TRUE","FALSE","TRUE","annual","FALSE","2023-02","2024-05","2024-05-30","2024-08-05"
"S-4b9d7c","A-378b99","Pro","16","784.00","9408.00","FALSE","FALSE","TRUE","FALSE","annual","TRUE","2024-09","2024-12","2024-12-05",\N
"S-79bb4c","A-f45426","Pro","11","539.00","6468.00","FALSE","FALSE","FALSE","TRUE","annual","FALSE","2024-08","2024-09","2024-09-21","2024-11-03"
"S-1bbf0a","A-812c5b","Pro","55","0.00","0.00","TRUE","FALSE","FALSE","FALSE","monthly","TRUE","2024-04","2024-12","2024-12-02",\N
"S-a6820d","A-96bbc6","Pro","39","1911.00","22932.00","FALSE","FALSE","FALSE","FALSE","annual","FALSE","2024-05","2024-12","2024-12-12",\N
"S-7f219a","A-08e34e","Pro","14","686.00","8232.00","FALSE","FALSE","FALSE","FALSE","monthly","TRUE","2024-07","2024-09","2024-09-28",\N
"S-3ca6d2","A-0e966d","Basic","35","665.00","7980.00","FALSE","FALSE","FALSE","FALSE","monthly","TRUE","2024-06","2024-11","2024-11-11",\N
"S-f26ae0","A-92a333","Basic","9","171.00","2052.00","FALSE","FALSE","FALSE","FALSE","monthly","TRUE","2023-08","2024-07","2024-07-04",\N
"S-3bc591","A-1f7acb","Basic","64","0.00","0.00","TRUE","FALSE","TRUE","FALSE","annual","FALSE","2023-09","2024-06","2024-06-03",\N
"S-a84e2b","A-afa505","Pro","70","0.00","0.00","TRUE","TRUE","FALSE","FALSE","monthly","FALSE","2024-01","2024-08","2024-08-14",\N
"S-12f05a","A-b9f5b1","Basic","15","285.00","3420.00","FALSE","FALSE","FALSE","FALSE","annual","FALSE","2023-03","2024-06","2024-06-23",\N
"S-3476e2","A-cb6cc6","Basic","13","247.00","2964.00","FALSE","TRUE","FALSE","FALSE","monthly","FALSE","2023-04","2024-09","2024-09-07",\N
"S-ab0f4c","A-cd458b","Basic","25","475.00","5700.00","FALSE","FALSE","FALSE","FALSE","monthly","FALSE","2024-07","2024-12","2024-12-06",\N
"S-23ae3c","A-186a44","Enterprise","24","4776.00","57312.00","FALSE","FALSE","FALSE","FALSE","monthly","TRUE","2023-08","2024-08","2024-08-03",\N
"S-d2e82c","A-bcf87c","Enterprise","16","3184.00","38208.00","FALSE","FALSE","FALSE","FALSE","monthly","TRUE","2024-07","2024-11","2024-11-09",\N
"S-041534","A-4e0e85","Pro","38","1862.00","22344.00","FALSE","FALSE","FALSE","FALSE","monthly","TRUE","2024-02","2024-06","2024-06-06",\N
"S-2f998d","A-d82ef9","Basic","26","494.00","5928.00","FALSE","FALSE","FALSE","FALSE","annual","FALSE","2024-07","2024-11","2024-11-14",\N
"S-5ffb84","A-fe79a5","Enterprise","9","0.00","0.00","TRUE","TRUE","FALSE","FALSE","monthly","TRUE","2024-03","2024-04","2024-04-12",\N
"S-ae9ce7","A-cbd1a3","Enterprise","12","2388.00","28656.00","FALSE","TRUE","FALSE","FALSE","monthly","TRUE","2024-11","2024-12","2024-12-09",\N
"S-a707da","A-67be94","Pro","26","1274.00","15288.00","FALSE","TRUE","FALSE","FALSE","monthly","TRUE","2023-08","2024-12","2024-12-18",\N
"S-b37d03","A-019782","Pro","17","833.00","9996.00","FALSE","TRUE","FALSE","FALSE","annual","TRUE","2023-06","2023-06","2023-06-08",\N
"S-4473ec","A-c608c8","Pro","21","1029.00","12348.00","FALSE","FALSE","FALSE","FALSE","annual","TRUE","2023-06","2024-10","2024-10-12",\N
"S-a81bcd","A-09540c","Basic","67","1273.00","15276.00","FALSE","TRUE","TRUE","FALSE","annual","FALSE","2024-04","2024-04","2024-04-11",\N
"S-c4cef7","A-2e4581","Pro","13","637.00","7644.00","FALSE","FALSE","FALSE","FALSE","annual","FALSE","2024-10","2024-10","2024-10-25",\N
"S-2a6c1f","A-22f2df","Basic","3","57.00","684.00","FALSE","FALSE","FALSE","FALSE","annual","TRUE","2024-12","2024-12","2024-12-16",\N
"S-1712e6","A-9b9fe9","Pro","5","245.00","2940.00","FALSE","FALSE","FALSE","TRUE","monthly","TRUE","2023-10","2023-12","2023-12-10","2024-03-01"
"S-cde950","A-3be56b","Basic","20","380.00","4560.00","FALSE","FALSE","FALSE","FALSE","annual","FALSE","2023-11","2024-12","2024-12-01",\N
"S-ca98c9","A-3be56b","Basic","37","703.00","8436.00","FALSE","FALSE","FALSE","FALSE","monthly","TRUE","2023-11","2024-08","2024-08-23",\N
"S-497d95","A-1d5444","Basic","24","456.00","5472.00","FALSE","FALSE","FALSE","FALSE","monthly","TRUE","2024-03","2024-07","2024-07-15",\N
"S-63d104","A-0e966d","Basic","11","209.00","2508.00","FALSE","FALSE","FALSE","FALSE","annual","TRUE","2024-06","2024-09","2024-09-03",\N
"S-c41762","A-9badbd","Enterprise","59","11741.00","140892.00","FALSE","FALSE","FALSE","TRUE","monthly","TRUE","2024-06","2024-12","2024-12-21","2024-12-30"
"S-2fd379","A-f19409","Basic","28","0.00","0.00","TRUE","TRUE","FALSE","FALSE","annual","TRUE","2023-04","2024-06","2024-06-12",\N
"S-11b2c6","A-855a48","Basic","14","266.00","3192.00","FALSE","FALSE","FALSE","FALSE","monthly","FALSE","2024-01","2024-06","2024-06-06",\N
"S-899319","A-560d27","Enterprise","57","11343.00","136116.00","FALSE","FALSE","FALSE","FALSE","monthly","TRUE","2024-05","2024-07","2024-07-23",\N
"S-542c37","A-812c5b","Pro","55","2695.00","32340.00","FALSE","FALSE","FALSE","FALSE","monthly","TRUE","2024-04","2024-12","2024-12-27",\N
"S-cef05a","A-b7b7b7","Pro","29","0.00","0.00","TRUE","FALSE","FALSE","FALSE","monthly","TRUE","2024-07","2024-10","2024-10-20",\N
"S-51f213","A-4e960a","Pro","12","588.00","7056.00","FALSE","FALSE","FALSE","FALSE","monthly","TRUE","2024-02","2024-11","2024-11-24",\N
"S-e4b8fd","A-f446b6","Pro","53","2597.00","31164.00","FALSE","FALSE","FALSE","FALSE","monthly","FALSE","2023-05","2024-04","2024-04-25",\N
"S-7ba2ad","A-692f18","Basic","14","266.00","3192.00","FALSE","FALSE","FALSE","FALSE","annual","FALSE","2024-03","2024-08","2024-08-05",\N
"S-301b73","A-cab532","Basic","48","912.00","10944.00","FALSE","FALSE","FALSE","FALSE","annual","TRUE","2023-04","2024-11","2024-11-22",\N
"S-dee62f","A-524364","Basic","12","228.00","2736.00","FALSE","FALSE","FALSE","FALSE","monthly","TRUE","2024-12","2024-12","2024-12-31",\N
"S-8bc290","A-2d4502","Enterprise","30","5970.00","71640.00","FALSE","FALSE","FALSE","FALSE","annual","TRUE","2024-04","2024-11","2024-11-02",\N
"S-1f8215","A-f17767","Pro","15","735.00","8820.00","FALSE","FALSE","FALSE","FALSE","annual","TRUE","2023-02","2024-12","2024-12-10",\N
"S-12e3ff","A-e43bf7","Enterprise","44","8756.00","105072.00","FALSE","TRUE","FALSE","FALSE","monthly","FALSE","2023-05","2023-05","2023-05-21",\N
"S-23587d","A-db5e9e","Pro","12","588.00","7056.00","FALSE","FALSE","FALSE","FALSE","annual","TRUE","2024-11","2024-12","2024-12-28",\N
"S-0c5771","A-798a3f","Enterprise","12","0.00","0.00","TRUE","FALSE","FALSE","TRUE","annual","TRUE","2023-12","2024-02","2024-02-24","2024-11-10"
"S-9d35cf","A-249769","Pro","6","294.00","3528.00","FALSE","FALSE","FALSE","FALSE","annual","TRUE","2024-06","2024-10","2024-10-12",\N
"S-f1cc81","A-7f8241","Basic","34","646.00","7752.00","FALSE","FALSE","FALSE","FALSE","annual","TRUE","2023-03","2023-03","2023-03-27",\N
"S-44046d","A-5a184f","Basic","36","684.00","8208.00","FALSE","FALSE","FALSE","TRUE","annual","TRUE","2023-08","2024-11","2024-11-06","2024-12-13"
"S-97aa94","A-bb3bd4","Basic","23","437.00","5244.00","FALSE","FALSE","FALSE","FALSE","annual","TRUE","2024-04","2024-06","2024-06-11",\N
"S-2ee940","A-8bde0c","Enterprise","12","2388.00","28656.00","FALSE","FALSE","FALSE","FALSE","annual","TRUE","2024-11","2024-12","2024-12-12",\N
"S-b2c291","A-ced9aa","Enterprise","3","597.00","7164.00","FALSE","FALSE","FALSE","FALSE","annual","TRUE","2024-10","2024-12","2024-12-10",\N
"S-62b4fc","A-c42f1f","Basic","8","152.00","1824.00","FALSE","FALSE","FALSE","FALSE","monthly","TRUE","2024-07","2024-12","2024-12-29",\N
"S-6fa5cd","A-342303","Basic","17","323.00","3876.00","FALSE","FALSE","FALSE","FALSE","monthly","TRUE","2024-05","2024-05","2024-05-03",\N
"S-33e4e2","A-a1b80b","Enterprise","16","3184.00","38208.00","FALSE","FALSE","TRUE","FALSE","annual","FALSE","2024-03","2024-09","2024-09-19",\N
"S-718f18","A-659280","Enterprise","24","4776.00","57312.00","FALSE","FALSE","FALSE","FALSE","monthly","FALSE","2023-11","2024-06","2024-06-05",\N
"S-95a570","A-56962b","Pro","163","0.00","0.00","TRUE","FALSE","FALSE","TRUE","monthly","TRUE","2024-05","2024-11","2024-11-20","2024-12-26"
"S-b526e3","A-9c18c4","Enterprise","11","2189.00","26268.00","FALSE","TRUE","FALSE","FALSE","annual","TRUE","2023-08","2024-09","2024-09-07",\N
"S-0bccd9","A-96bbc6","Basic","39","741.00","8892.00","FALSE","FALSE","TRUE","FALSE","monthly","TRUE","2024-05","2024-12","2024-12-25",\N
"S-f50b14","A-625d0b","Basic","9","0.00","0.00","TRUE","FALSE","FALSE","FALSE","annual","TRUE","2024-09","2024-09","2024-09-25",\N
"S-0eff34","A-b2225d","Pro","47","2303.00","27636.00","FALSE","FALSE","FALSE","FALSE","monthly","FALSE","2024-04","2024-08","2024-08-04",\N
"S-06fb6f","A-50bb9f","Pro","30","1470.00","17640.00","FALSE","FALSE","FALSE","FALSE","annual","TRUE","2024-07","2024-11","2024-11-05",\N
"S-24323f","A-cb6cc6","Pro","13","637.00","7644.00","FALSE","FALSE","FALSE","FALSE","monthly","FALSE","2023-04","2024-03","2024-03-20",\N
"S-e1e2bf","A-7da956","Basic","13","247.00","2964.00","FALSE","FALSE","TRUE","TRUE","annual","TRUE","2024-06","2024-09","2024-09-24","2024-11-04"
"S-dacbda","A-1f559b","Pro","18","882.00","10584.00","FALSE","FALSE","FALSE","FALSE","monthly","TRUE","2023-12","2024-07","2024-07-25",\N
"S-f66b5d","A-039727","Enterprise","25","0.00","0.00","TRUE","FALSE","FALSE","FALSE","annual","FALSE","2024-11","2024-12","2024-12-07",\N
"S-62a6d7","A-6965e1","Pro","14","686.00","8232.00","FALSE","FALSE","FALSE","FALSE","monthly","TRUE","2024-12","2024-12","2024-12-20",\N
"S-c5a146","A-59f724","Basic","18","342.00","4104.00","FALSE","TRUE","FALSE","FALSE","annual","TRUE","2024-01","2024-07","2024-07-15",\N
"S-3ad334","A-158f4e","Enterprise","61","12139.00","145668.00","FALSE","FALSE","FALSE","FALSE","monthly","TRUE","2023-06","2024-11","2024-11-23",\N
"S-9c1bcb","A-17939a","Basic","51","969.00","11628.00","FALSE","FALSE","FALSE","FALSE","monthly","TRUE","2024-12","2024-12","2024-12-28",\N
"S-3e8909","A-600734","Pro","39","1911.00","22932.00","FALSE","TRUE","FALSE","FALSE","annual","FALSE","2024-01","2024-06","2024-06-08",\N
"S-6b200f","A-600734","Pro","29","1421.00","17052.00","FALSE","TRUE","FALSE","TRUE","annual","TRUE","2024-01","2024-02","2024-02-17","2024-05-30"
"S-ebbda6","A-558c72","Pro","15","735.00","8820.00","FALSE","FALSE","FALSE","FALSE","annual","TRUE","2023-06","2024-10","2024-10-10",\N
"S-c7a771","A-7920cc","Pro","39","1911.00","22932.00","FALSE","FALSE","FALSE","FALSE","monthly","TRUE","2023-11","2024-07","2024-07-04",\N
"S-b8097b","A-ccb686","Pro","34","0.00","0.00","TRUE","FALSE","FALSE","FALSE","monthly","FALSE","2024-02","2024-04","2024-04-17",\N
"S-628842","A-6f8ad2","Enterprise","27","5373.00","64476.00","FALSE","FALSE","FALSE","FALSE","annual","TRUE","2024-07","2024-08","2024-08-26",\N
"S-4690b3","A-068fc6","Enterprise","35","6965.00","83580.00","FALSE","FALSE","FALSE","TRUE","monthly","TRUE","2023-10","2024-12","2024-12-16","2024-12-25"
"S-8fbabd","A-aa9511","Enterprise","25","4975.00","59700.00","FALSE","FALSE","FALSE","TRUE","monthly","TRUE","2023-10","2024-08","2024-08-21","2024-09-09"
"S-6bab8f","A-eb7c38","Enterprise","13","0.00","0.00","TRUE","FALSE","FALSE","FALSE","annual","FALSE","2024-04","2024-04","2024-04-11",\N
"S-e4cb85","A-34ea2f","Basic","29","551.00","6612.00","FALSE","TRUE","FALSE","FALSE","annual","TRUE","2024-09","2024-10","2024-10-21",\N
"S-aeec81","A-e4bf56","Pro","19","931.00","11172.00","FALSE","FALSE","FALSE","FALSE","monthly","FALSE","2024-11","2024-12","2024-12-12",\N
"S-5a3412","A-ccabf0","Basic","17","323.00","3876.00","FALSE","FALSE","FALSE","FALSE","annual","FALSE","2023-11","2024-05","2024-05-21",\N
"S-4904cd","A-dcc3f1","Basic","21","399.00","4788.00","FALSE","FALSE","FALSE","FALSE","annual","FALSE","2023-12","2024-10","2024-10-13",\N
"S-1d4aa3","A-e61e98","Basic","19","361.00","4332.00","FALSE","FALSE","FALSE","FALSE","monthly","TRUE","2023-11","2024-06","2024-06-02",\N
"S-fcc241","A-443b7c","Enterprise","70","13930.00","167160.00","FALSE","FALSE","FALSE","FALSE","annual","TRUE","2024-09","2024-09","2024-09-25",\N
"S-b046ad","A-462d45","Basic","61","0.00","0.00","TRUE","FALSE","FALSE","FALSE","monthly","TRUE","2024-01","2024-09","2024-09-24",\N
"S-0463f5","A-7df7a7","Pro","7","343.00","4116.00","FALSE","FALSE","FALSE","FALSE","monthly","TRUE","2023-02","2023-09","2023-09-16",\N
"S-68a558","A-a1bbb6","Pro","21","1029.00","12348.00","FALSE","FALSE","FALSE","FALSE","monthly","TRUE","2023-04","2023-04","2023-04-17",\N
"S-b420be","A-0e966d","Enterprise","23","4577.00","54924.00","FALSE","FALSE","FALSE","FALSE","annual","TRUE","2024-06","2024-06","2024-06-30",\N
"S-d74733","A-7641d3","Pro","12","588.00","7056.00","FALSE","FALSE","FALSE","FALSE","monthly","FALSE","2023-04","2024-05","2024-05-10",\N
"S-52280f","A-fa2041","Enterprise","16","3184.00","38208.00","FALSE","FALSE","FALSE","FALSE","annual","TRUE","2024-06","2024-07","2024-07-15",\N
"S-0f949d","A-310452","Pro","9","441.00","5292.00","FALSE","FALSE","FALSE","FALSE","annual","TRUE","2024-12","2024-12","2024-12-29",\N
"S-38bf32","A-ed510f","Pro","42","2058.00","24696.00","FALSE","FALSE","FALSE","FALSE","annual","TRUE","2023-03","2024-01","2024-01-24",\N
"S-0c47cb","A-b9eed8","Basic","14","266.00","3192.00","FALSE","FALSE","FALSE","FALSE","annual","TRUE","2024-03","2024-08","2024-08-27",\N
"S-28d64b","A-67be94","Basic","26","494.00","5928.00","FALSE","FALSE","FALSE","FALSE","monthly","TRUE","2023-08","2024-04","2024-04-03",\N
"S-003647","A-e36807","Enterprise","9","1791.00","21492.00","FALSE","FALSE","FALSE","FALSE","monthly","TRUE","2024-06","2024-12","2024-12-23",\N
"S-c0789c","A-7c5768","Enterprise","26","0.00","0.00","TRUE","FALSE","FALSE","FALSE","monthly","TRUE","2024-03","2024-12","2024-12-02",\N
"S-fc3dcb","A-3b5cd1","Enterprise","32","6368.00","76416.00","FALSE","FALSE","FALSE","FALSE","annual","TRUE","2023-09","2024-12","2024-12-24",\N
"S-1ffdd8","A-ef84cf","Basic","8","152.00","1824.00","FALSE","FALSE","FALSE","FALSE","monthly","TRUE","2024-03","2024-08","2024-08-08",\N
"S-e9a159","A-1f0636","Enterprise","105","20895.00","250740.00","FALSE","FALSE","FALSE","FALSE","monthly","FALSE","2024-02","2024-06","2024-06-27",\N
"S-3803ff","A-b3fe05","Enterprise","50","9950.00","119400.00","FALSE","FALSE","FALSE","FALSE","monthly","TRUE","2024-06","2024-08","2024-08-04",\N
"S-aaf30f","A-40906c","Pro","92","4508.00","54096.00","FALSE","FALSE","FALSE","FALSE","annual","TRUE","2024-05","2024-11","2024-11-06",\N
"S-b362a5","A-8145a0","Basic","44","836.00","10032.00","FALSE","FALSE","FALSE","FALSE","annual","TRUE","2023-08","2023-10","2023-10-17",\N
"S-b07043","A-e98302","Basic","16","304.00","3648.00","FALSE","FALSE","FALSE","FALSE","annual","TRUE","2024-01","2024-11","2024-11-22",\N
"S-140d3a","A-ff3c73","Basic","21","399.00","4788.00","FALSE","FALSE","FALSE","FALSE","annual","TRUE","2023-04","2023-06","2023-06-26",\N
"S-2eb247","A-8145a0","Enterprise","25","4975.00","59700.00","FALSE","FALSE","FALSE","TRUE","monthly","TRUE","2023-08","2024-02","2024-02-01","2024-06-09"
"S-ef7534","A-ffdfd5","Pro","3","147.00","1764.00","FALSE","FALSE","FALSE","TRUE","monthly","TRUE","2024-04","2024-12","2024-12-20","2024-12-31"
"S-b204c4","A-68f37c","Enterprise","9","1791.00","21492.00","FALSE","FALSE","FALSE","FALSE","annual","FALSE","2023-07","2024-02","2024-02-20",\N
"S-c787e2","A-d5a319","Enterprise","45","8955.00","107460.00","FALSE","FALSE","FALSE","FALSE","annual","TRUE","2023-06","2024-11","2024-11-05",\N
"S-e60430","A-86902e","Enterprise","61","12139.00","145668.00","FALSE","TRUE","FALSE","FALSE","annual","FALSE","2023-07","2023-12","2023-12-26",\N
"S-92afb8","A-9174e0","Enterprise","37","7363.00","88356.00","FALSE","TRUE","FALSE","FALSE","annual","TRUE","2024-12","2024-12","2024-12-28",\N
"S-0b7eba","A-7f4db3","Enterprise","8","1592.00","19104.00","FALSE","FALSE","FALSE","FALSE","monthly","FALSE","2023-03","2023-03","2023-03-11",\N
"S-a113a2","A-d4ac0e","Enterprise","18","3582.00","42984.00","FALSE","FALSE","FALSE","FALSE","monthly","TRUE","2024-05","2024-10","2024-10-20",\N
"S-624857","A-69b156","Enterprise","7","1393.00","16716.00","FALSE","FALSE","FALSE","FALSE","monthly","TRUE","2023-12","2023-12","2023-12-27",\N
"S-b95c5c","A-20736a","Enterprise","64","12736.00","152832.00","FALSE","FALSE","FALSE","FALSE","monthly","TRUE","2024-05","2024-10","2024-10-13",\N
"S-6bd42d","A-5247b3","Basic","16","304.00","3648.00","FALSE","FALSE","FALSE","FALSE","monthly","TRUE","2024-03","2024-06","2024-06-19",\N
"S-45ab1a","A-1d5444","Basic","24","456.00","5472.00","FALSE","FALSE","FALSE","FALSE","annual","TRUE","2024-03","2024-04","2024-04-19",\N
"S-7fc49b","A-50bb9f","Pro","7","343.00","4116.00","FALSE","TRUE","FALSE","FALSE","monthly","TRUE","2024-07","2024-08","2024-08-11",\N
"S-06b9f0","A-c37601","Pro","8","0.00","0.00","TRUE","FALSE","FALSE","FALSE","annual","TRUE","2024-11","2024-12","2024-12-30",\N
"S-3b43b5","A-7920cc","Pro","39","1911.00","22932.00","FALSE","FALSE","FALSE","FALSE","annual","TRUE","2023-11","2024-06","2024-06-18",\N
"S-78554e","A-2922b6","Basic","51","969.00","11628.00","FALSE","FALSE","FALSE","FALSE","monthly","TRUE","2024-12","2024-12","2024-12-05",\N
"S-f83811","A-f97b9a","Basic","16","304.00","3648.00","FALSE","FALSE","FALSE","FALSE","annual","TRUE","2023-09","2024-07","2024-07-06",\N
"S-3d0e64","A-cbbe12","Pro","40","0.00","0.00","TRUE","FALSE","FALSE","FALSE","monthly","TRUE","2023-07","2023-12","2023-12-05",\N
"S-0f15b7","A-3a5ad8","Pro","9","441.00","5292.00","FALSE","FALSE","FALSE","FALSE","monthly","TRUE","2023-12","2024-04","2024-04-16",\N
"S-24ecbf","A-92a333","Enterprise","9","1791.00","21492.00","FALSE","FALSE","FALSE","FALSE","monthly","TRUE","2023-08","2024-03","2024-03-17",\N
"S-03906f","A-c1e51e","Basic","25","475.00","5700.00","FALSE","FALSE","FALSE","FALSE","annual","TRUE","2024-10","2024-11","2024-11-28",\N
"S-a4d69d","A-592832","Basic","18","342.00","4104.00","FALSE","FALSE","FALSE","FALSE","monthly","TRUE","2024-09","2024-12","2024-12-11",\N
"S-9a8646","A-098560","Basic","10","190.00","2280.00","FALSE","FALSE","FALSE","FALSE","monthly","TRUE","2023-12","2024-04","2024-04-29",\N
"S-3d7bed","A-2e4581","Basic","44","836.00","10032.00","FALSE","FALSE","FALSE","FALSE","monthly","TRUE","2024-10","2024-12","2024-12-22",\N
"S-a9a707","A-71615e","Pro","51","2499.00","29988.00","FALSE","TRUE","FALSE","FALSE","monthly","FALSE","2024-06","2024-08","2024-08-24",\N
"S-1eba7d","A-4e0e85","Enterprise","39","0.00","0.00","TRUE","TRUE","FALSE","FALSE","annual","TRUE","2024-02","2024-12","2024-12-14",\N
"S-7863b1","A-b11cd0","Basic","26","0.00","0.00","TRUE","FALSE","FALSE","FALSE","monthly","TRUE","2023-02","2023-04","2023-04-01",\N
"S-8d3495","A-cbd1a3","Basic","37","703.00","8436.00","FALSE","TRUE","FALSE","FALSE","monthly","TRUE","2024-11","2024-12","2024-12-26",\N
"S-509e88","A-781cc0","Basic","21","399.00","4788.00","FALSE","FALSE","FALSE","FALSE","monthly","TRUE","2024-09","2024-10","2024-10-18",\N
"S-35ff9e","A-ffc04f","Enterprise","19","3781.00","45372.00","FALSE","FALSE","FALSE","FALSE","monthly","FALSE","2024-06","2024-09","2024-09-09",\N
"S-c84ce4","A-bc87bc","Enterprise","22","4378.00","52536.00","FALSE","FALSE","FALSE","FALSE","monthly","TRUE","2024-09","2024-11","2024-11-06",\N
"S-75c438","A-92a3af","Pro","34","1666.00","19992.00","FALSE","FALSE","FALSE","FALSE","monthly","TRUE","2024-07","2024-08","2024-08-14",\N
"S-ccd045","A-96215d","Enterprise","10","1990.00","23880.00","FALSE","FALSE","FALSE","FALSE","monthly","TRUE","2024-08","2024-08","2024-08-17",\N
"S-28e7bf","A-5a92e7","Pro","27","1323.00","15876.00","FALSE","FALSE","FALSE","FALSE","monthly","TRUE","2024-06","2024-08","2024-08-29",\N
"S-656302","A-e60f9d","Enterprise","29","5771.00","69252.00","FALSE","FALSE","FALSE","FALSE","monthly","TRUE","2024-09","2024-10","2024-10-11",\N
"S-c5cee8","A-31ab9a","Pro","73","3577.00","42924.00","FALSE","FALSE","FALSE","FALSE","monthly","TRUE","2024-03","2024-04","2024-04-23",\N
"S-d6aefa","A-65c341","Enterprise","84","16716.00","200592.00","FALSE","FALSE","FALSE","FALSE","annual","TRUE","2024-02","2024-03","2024-03-14",\N
"S-354f6f","A-c58f49","Enterprise","70","13930.00","167160.00","FALSE","FALSE","FALSE","FALSE","annual","TRUE","2024-08","2024-11","2024-11-24",\N
"S-14f39f","A-9affe6","Basic","19","361.00","4332.00","FALSE","FALSE","FALSE","TRUE","monthly","TRUE","2023-04","2024-06","2024-06-22","2024-12-10"
"S-c7667c","A-c1e51e","Pro","10","490.00","5880.00","FALSE","FALSE","FALSE","FALSE","monthly","TRUE","2024-10","2024-11","2024-11-02",\N
"S-85f2ab","A-180abf","Pro","64","3136.00","37632.00","FALSE","FALSE","FALSE","FALSE","monthly","TRUE","2023-09","2024-12","2024-12-17",\N
"S-2d2a88","A-bbe56f","Basic","21","0.00","0.00","TRUE","FALSE","FALSE","FALSE","annual","TRUE","2023-08","2024-04","2024-04-04",\N
"S-58d17c","A-396e5f","Enterprise","2","398.00","4776.00","FALSE","FALSE","FALSE","FALSE","monthly","TRUE","2024-10","2024-12","2024-12-02",\N
"S-941e0f","A-1e6fc3","Basic","11","0.00","0.00","TRUE","FALSE","FALSE","FALSE","annual","TRUE","2024-01","2024-08","2024-08-28",\N
"S-f0c3f6","A-6f50ae","Enterprise","50","9950.00","119400.00","FALSE","FALSE","FALSE","FALSE","annual","TRUE","2023-11","2024-06","2024-06-16",\N
"S-00837c","A-089363","Enterprise","43","8557.00","102684.00","FALSE","FALSE","FALSE","TRUE","annual","FALSE","2023-06","2024-11","2024-11-15","2024-11-27"
"S-904886","A-e36807","Pro","38","1862.00","22344.00","FALSE","FALSE","FALSE","TRUE","annual","FALSE","2024-06","2024-06","2024-06-20","2024-08-09"
"S-d0bb87","A-5f7781","Pro","22","1078.00","12936.00","FALSE","FALSE","FALSE","FALSE","annual","TRUE","2024-08","2024-12","2024-12-07",\N
"S-9ae8de","A-779e4e","Pro","21","1029.00","12348.00","FALSE","TRUE","TRUE","FALSE","monthly","TRUE","2023-01","2023-03","2023-03-27",\N
"S-f971ab","A-4bfa33","Pro","13","637.00","7644.00","FALSE","FALSE","FALSE","FALSE","annual","TRUE","2024-12","2024-12","2024-12-10",\N
"S-ae4bb3","A-89ee83","Pro","74","3626.00","43512.00","FALSE","TRUE","FALSE","FALSE","annual","TRUE","2024-10","2024-11","2024-11-22",\N
"S-b8ca59","A-80eeb6","Enterprise","22","4378.00","52536.00","FALSE","FALSE","FALSE","FALSE","monthly","TRUE","2023-07","2024-02","2024-02-27",\N
"S-3ae7af","A-902ef7","Basic","83","0.00","0.00","TRUE","FALSE","FALSE","FALSE","monthly","TRUE","2024-09","2024-12","2024-12-18",\N
"S-ed2593","A-e1b9cd","Pro","100","4900.00","58800.00","FALSE","FALSE","TRUE","FALSE","monthly","FALSE","2023-03","2023-05","2023-05-28",\N
"S-ac4799","A-86fc1d","Enterprise","26","0.00","0.00","TRUE","TRUE","FALSE","TRUE","monthly","TRUE","2024-08","2024-10","2024-10-14","2024-10-20"
"S-2b35cc","A-9f2731","Pro","13","637.00","7644.00","FALSE","FALSE","TRUE","FALSE","monthly","TRUE","2024-10","2024-11","2024-11-11",\N
"S-9f59fd","A-158f4e","Basic","61","1159.00","13908.00","FALSE","FALSE","FALSE","FALSE","annual","FALSE","2023-06","2024-09","2024-09-03",\N
"S-19cb09","A-d42431","Enterprise","22","4378.00","52536.00","FALSE","FALSE","FALSE","FALSE","monthly","TRUE","2024-06","2024-10","2024-10-17",\N
"S-909612","A-151c9a","Enterprise","23","4577.00","54924.00","FALSE","FALSE","FALSE","FALSE","monthly","TRUE","2023-05","2024-02","2024-02-10",\N
"S-01fa46","A-6f50ae","Basic","19","361.00","4332.00","FALSE","FALSE","FALSE","FALSE","annual","FALSE","2023-11","2024-01","2024-01-08",\N
"S-45c47e","A-d792a6","Basic","21","399.00","4788.00","FALSE","FALSE","FALSE","FALSE","annual","TRUE","2023-02","2023-08","2023-08-01",\N
"S-a50803","A-a45270","Basic","66","0.00","0.00","TRUE","FALSE","FALSE","FALSE","annual","TRUE","2024-07","2024-12","2024-12-23",\N
"S-4984e3","A-f19409","Enterprise","23","4577.00","54924.00","FALSE","FALSE","FALSE","FALSE","monthly","TRUE","2023-04","2024-10","2024-10-20",\N
"S-1f93cd","A-30b4ca","Basic","86","1634.00","19608.00","FALSE","FALSE","FALSE","FALSE","monthly","TRUE","2024-05","2024-08","2024-08-25",\N
"S-6cf058","A-4a4c2d","Basic","54","0.00","0.00","TRUE","FALSE","FALSE","FALSE","monthly","TRUE","2023-07","2024-02","2024-02-23",\N
"S-cd6d68","A-4814a3","Pro","87","4263.00","51156.00","FALSE","FALSE","FALSE","FALSE","monthly","TRUE","2024-09","2024-12","2024-12-30",\N
"S-041553","A-c608c8","Pro","11","539.00","6468.00","FALSE","FALSE","FALSE","FALSE","annual","TRUE","2023-06","2023-12","2023-12-16",\N
"S-3ea19d","A-4e44e8","Basic","10","0.00","0.00","TRUE","FALSE","FALSE","FALSE","monthly","TRUE","2024-08","2024-09","2024-09-28",\N
"S-f62f59","A-96215d","Pro","21","1029.00","12348.00","FALSE","FALSE","FALSE","FALSE","annual","TRUE","2024-08","2024-10","2024-10-13",\N
"S-c99814","A-9289f6","Pro","81","3969.00","47628.00","FALSE","FALSE","FALSE","FALSE","monthly","TRUE","2023-07","2024-03","2024-03-05",\N
"S-23ba41","A-de58ca","Pro","15","735.00","8820.00","FALSE","FALSE","FALSE","FALSE","annual","TRUE","2023-04","2024-06","2024-06-09",\N
"S-3981c7","A-c16b88","Pro","27","0.00","0.00","TRUE","FALSE","FALSE","FALSE","annual","TRUE","2024-03","2024-03","2024-03-08",\N
"S-6d507b","A-ffc04f","Enterprise","13","2587.00","31044.00","FALSE","FALSE","FALSE","FALSE","annual","TRUE","2024-06","2024-06","2024-06-08",\N
"S-1d3af2","A-c42f1f","Basic","8","152.00","1824.00","FALSE","TRUE","FALSE","FALSE","monthly","TRUE","2024-07","2024-11","2024-11-19",\N
"S-f53776","A-f446b6","Basic","12","228.00","2736.00","FALSE","FALSE","FALSE","FALSE","monthly","TRUE","2023-05","2023-09","2023-09-06",\N
"S-e05ab8","A-0158bb","Pro","21","1029.00","12348.00","FALSE","FALSE","FALSE","FALSE","monthly","TRUE","2024-05","2024-12","2024-12-10",\N
"S-da0b9b","A-3a7284","Pro","33","1617.00","19404.00","FALSE","FALSE","FALSE","TRUE","annual","TRUE","2024-11","2024-12","2024-12-21","2024-12-23"
"S-131064","A-9f0b68","Enterprise","34","6766.00","81192.00","FALSE","FALSE","FALSE","FALSE","annual","TRUE","2024-05","2024-10","2024-10-19",\N
"S-541d7a","A-4f18f0","Pro","24","0.00","0.00","TRUE","FALSE","FALSE","TRUE","annual","FALSE","2024-04","2024-09","2024-09-05","2024-10-11"
"S-2ddb46","A-4c38bc","Pro","36","1764.00","21168.00","FALSE","FALSE","FALSE","FALSE","monthly","TRUE","2024-03","2024-05","2024-05-09",\N
"S-16cf6a","A-d792a6","Enterprise","12","2388.00","28656.00","FALSE","FALSE","FALSE","FALSE","annual","TRUE","2023-02","2023-04","2023-04-21",\N
"S-0a01c5","A-e888d1","Enterprise","16","3184.00","38208.00","FALSE","FALSE","FALSE","FALSE","monthly","FALSE","2023-05","2023-08","2023-08-05",\N
"S-ba8f61","A-e693b6","Basic","55","1045.00","12540.00","FALSE","FALSE","FALSE","FALSE","monthly","TRUE","2023-08","2024-09","2024-09-26",\N
"S-0ed7be","A-95b24a","Pro","47","2303.00","27636.00","FALSE","FALSE","FALSE","FALSE","monthly","FALSE","2023-07","2023-07","2023-07-14",\N
"S-c985c4","A-7f8241","Basic","34","646.00","7752.00","FALSE","FALSE","FALSE","FALSE","annual","FALSE","2023-03","2023-05","2023-05-22",\N
"S-894692","A-c62e55","Pro","17","833.00","9996.00","FALSE","FALSE","FALSE","FALSE","monthly","TRUE","2023-11","2024-02","2024-02-22",\N
"S-2cec4e","A-76fa4d","Enterprise","69","13731.00","164772.00","FALSE","FALSE","FALSE","FALSE","monthly","TRUE","2024-11","2024-11","2024-11-26",\N
"S-aede24","A-751c58","Enterprise","15","2985.00","35820.00","FALSE","TRUE","FALSE","FALSE","annual","TRUE","2024-07","2024-09","2024-09-09",\N
"S-d0af44","A-4e44e8","Basic","20","380.00","4560.00","FALSE","TRUE","FALSE","FALSE","annual","FALSE","2024-08","2024-08","2024-08-23",\N
"S-3e0c7b","A-cc1d8d","Basic","84","1596.00","19152.00","FALSE","FALSE","FALSE","FALSE","annual","TRUE","2024-12","2024-12","2024-12-16",\N
"S-3d0aa6","A-81edc3","Enterprise","7","0.00","0.00","TRUE","FALSE","FALSE","FALSE","monthly","TRUE","2023-11","2024-02","2024-02-09",\N
"S-0639f1","A-3be56b","Basic","25","0.00","0.00","TRUE","FALSE","FALSE","FALSE","annual","TRUE","2023-11","2024-05","2024-05-07",\N
"S-907e70","A-993085","Basic","31","589.00","7068.00","FALSE","FALSE","FALSE","FALSE","monthly","TRUE","2023-08","2023-08","2023-08-05",\N
"S-227856","A-310452","Pro","9","441.00","5292.00","FALSE","FALSE","FALSE","FALSE","annual","TRUE","2024-12","2024-12","2024-12-26",\N
"S-4af421","A-6c093d","Basic","27","513.00","6156.00","FALSE","FALSE","FALSE","FALSE","monthly","FALSE","2023-04","2024-07","2024-07-08",\N
"S-f4dbc7","A-65c341","Pro","11","539.00","6468.00","FALSE","FALSE","FALSE","FALSE","monthly","TRUE","2024-02","2024-09","2024-09-21",\N
"S-526a2c","A-9174e0","Pro","37","1813.00","21756.00","FALSE","FALSE","FALSE","FALSE","monthly","TRUE","2024-12","2024-12","2024-12-21",\N
"S-aa5012","A-6f8ad2","Basic","41","779.00","9348.00","FALSE","FALSE","FALSE","FALSE","annual","FALSE","2024-07","2024-12","2024-12-31",\N
"S-551502","A-bb1486","Basic","41","779.00","9348.00","FALSE","FALSE","FALSE","FALSE","monthly","FALSE","2024-11","2024-12","2024-12-09",\N
"S-007e2c","A-cb5333","Pro","33","1617.00","19404.00","FALSE","FALSE","FALSE","FALSE","monthly","FALSE","2024-04","2024-09","2024-09-06",\N
"S-3e0991","A-9174e0","Enterprise","37","7363.00","88356.00","FALSE","FALSE","FALSE","TRUE","monthly","FALSE","2024-12","2024-12","2024-12-07","2024-12-14"
"S-fe0bc0","A-692f18","Enterprise","29","5771.00","69252.00","FALSE","FALSE","FALSE","FALSE","monthly","TRUE","2024-03","2024-03","2024-03-29",\N
"S-ed76ff","A-1e1b80","Enterprise","50","9950.00","119400.00","FALSE","FALSE","FALSE","FALSE","monthly","TRUE","2023-10","2024-03","2024-03-28",\N
"S-c8d680","A-558c72","Enterprise","12","2388.00","28656.00","FALSE","FALSE","FALSE","TRUE","monthly","TRUE","2023-06","2024-01","2024-01-16","2024-02-03"
"S-8b1b5a","A-592832","Pro","18","882.00","10584.00","FALSE","FALSE","FALSE","FALSE","annual","TRUE","2024-09","2024-12","2024-12-17",\N
"S-c0d979","A-3932db","Enterprise","19","0.00","0.00","TRUE","FALSE","FALSE","FALSE","annual","TRUE","2023-12","2024-09","2024-09-19",\N
"S-a8ae52","A-fda07f","Enterprise","26","0.00","0.00","TRUE","FALSE","TRUE","FALSE","annual","FALSE","2024-08","2024-10","2024-10-10",\N
"S-05aaef","A-883b7d","Pro","22","0.00","0.00","TRUE","FALSE","FALSE","FALSE","annual","TRUE","2024-04","2024-08","2024-08-03",\N
"S-a14d4b","A-8b0451","Pro","43","2107.00","25284.00","FALSE","FALSE","FALSE","FALSE","annual","FALSE","2024-09","2024-10","2024-10-05",\N
"S-f97537","A-0aaf6e","Pro","37","1813.00","21756.00","FALSE","FALSE","FALSE","FALSE","monthly","FALSE","2024-06","2024-06","2024-06-16",\N
"S-d6dc7a","A-0e966d","Pro","11","539.00","6468.00","FALSE","FALSE","FALSE","FALSE","monthly","FALSE","2024-06","2024-10","2024-10-02",\N
"S-ca6962","A-22d9d2","Pro","58","2842.00","34104.00","FALSE","TRUE","FALSE","TRUE","monthly","TRUE","2024-03","2024-04","2024-04-01","2024-09-01"
"S-1f4c01","A-c42f1f","Pro","12","588.00","7056.00","FALSE","FALSE","FALSE","FALSE","monthly","FALSE","2024-07","2024-11","2024-11-22",\N
"S-d6f7cd","A-bd4513","Enterprise","50","9950.00","119400.00","FALSE","FALSE","FALSE","FALSE","annual","TRUE","2024-11","2024-11","2024-11-14",\N
"S-c847dc","A-22f2df","Pro","6","0.00","0.00","TRUE","FALSE","FALSE","FALSE","annual","FALSE","2024-12","2024-12","2024-12-26",\N
"S-dbe1b3","A-40906c","Pro","92","4508.00","54096.00","FALSE","FALSE","FALSE","FALSE","annual","TRUE","2024-05","2024-11","2024-11-13",\N
"S-26593b","A-328bd0","Pro","37","1813.00","21756.00","FALSE","TRUE","FALSE","FALSE","annual","TRUE","2023-08","2024-05","2024-05-22",\N
"S-7d66fb","A-bb3bd4","Basic","23","437.00","5244.00","FALSE","FALSE","FALSE","FALSE","monthly","TRUE","2024-04","2024-08","2024-08-18",\N
"S-4206eb","A-7df7a7","Enterprise","13","2587.00","31044.00","FALSE","FALSE","FALSE","FALSE","monthly","TRUE","2023-02","2023-09","2023-09-07",\N
"S-b998a9","A-fce879","Enterprise","10","1990.00","23880.00","FALSE","FALSE","FALSE","FALSE","annual","TRUE","2024-09","2024-10","2024-10-18",\N
"S-040f03","A-31ab9a","Enterprise","14","2786.00","33432.00","FALSE","FALSE","FALSE","FALSE","annual","TRUE","2024-03","2024-10","2024-10-26",\N
"S-440dde","A-8e47ca","Basic","19","361.00","4332.00","FALSE","FALSE","FALSE","FALSE","annual","TRUE","2024-02","2024-07","2024-07-21",\N
"S-9a85ab","A-a8b49c","Basic","30","570.00","6840.00","FALSE","FALSE","FALSE","FALSE","annual","TRUE","2023-10","2024-06","2024-06-02",\N
"S-778c7e","A-544d0a","Enterprise","2","398.00","4776.00","FALSE","TRUE","FALSE","FALSE","annual","FALSE","2024-05","2024-12","2024-12-19",\N
"S-138c41","A-00cac8","Basic","19","361.00","4332.00","FALSE","FALSE","FALSE","FALSE","annual","TRUE","2023-09","2023-12","2023-12-26",\N
"S-109e0c","A-f51f16","Enterprise","10","1990.00","23880.00","FALSE","TRUE","FALSE","FALSE","annual","TRUE","2024-02","2024-03","2024-03-14",\N
"S-8e5be7","A-5ed98d","Pro","24","1176.00","14112.00","FALSE","FALSE","FALSE","FALSE","monthly","TRUE","2024-06","2024-11","2024-11-01",\N
"S-497428","A-cc8c8f","Basic","23","437.00","5244.00","FALSE","FALSE","FALSE","FALSE","monthly","TRUE","2024-06","2024-10","2024-10-07",\N
"S-846d41","A-1986ca","Enterprise","28","5572.00","66864.00","FALSE","FALSE","FALSE","FALSE","monthly","TRUE","2023-07","2024-09","2024-09-02",\N
"S-9def16","A-c16101","Enterprise","22","4378.00","52536.00","FALSE","FALSE","FALSE","FALSE","monthly","TRUE","2024-09","2024-12","2024-12-10",\N
"S-807f28","A-86fc1d","Enterprise","26","5174.00","62088.00","FALSE","FALSE","FALSE","FALSE","monthly","FALSE","2024-08","2024-11","2024-11-05",\N
"S-056775","A-ee42db","Pro","115","5635.00","67620.00","FALSE","TRUE","FALSE","FALSE","annual","TRUE","2023-05","2024-06","2024-06-19",\N
"S-39c024","A-7df7a7","Pro","29","0.00","0.00","TRUE","FALSE","FALSE","FALSE","annual","TRUE","2023-02","2023-06","2023-06-10",\N
"S-9e450b","A-89ee83","Enterprise","23","4577.00","54924.00","FALSE","FALSE","FALSE","TRUE","monthly","TRUE","2024-10","2024-12","2024-12-21","2024-12-31"
"S-e66964","A-e6afc1","Basic","51","969.00","11628.00","FALSE","FALSE","FALSE","FALSE","monthly","FALSE","2023-05","2023-06","2023-06-03",\N
"S-5a500d","A-592832","Basic","30","0.00","0.00","TRUE","FALSE","FALSE","FALSE","annual","TRUE","2024-09","2024-09","2024-09-26",\N
"S-62fe77","A-34ea2f","Pro","23","1127.00","13524.00","FALSE","FALSE","FALSE","FALSE","annual","TRUE","2024-09","2024-09","2024-09-07",\N
"S-3eb9c8","A-69fad4","Basic","35","665.00","7980.00","FALSE","FALSE","FALSE","TRUE","monthly","TRUE","2023-07","2023-09","2023-09-07","2024-02-11"
"S-6fa3a3","A-139c3b","Pro","10","490.00","5880.00","FALSE","FALSE","FALSE","FALSE","annual","TRUE","2024-11","2024-12","2024-12-30",\N
"S-8e5d9f","A-922109","Enterprise","41","8159.00","97908.00","FALSE","FALSE","FALSE","FALSE","monthly","TRUE","2024-03","2024-07","2024-07-17",\N
"S-012ab9","A-b78bf8","Basic","33","627.00","7524.00","FALSE","FALSE","FALSE","FALSE","monthly","TRUE","2024-11","2024-12","2024-12-04",\N
"S-b12284","A-0158bb","Basic","9","171.00","2052.00","FALSE","FALSE","FALSE","FALSE","annual","FALSE","2024-05","2024-06","2024-06-29",\N
"S-ae355b","A-378b99","Enterprise","9","1791.00","21492.00","FALSE","FALSE","FALSE","FALSE","annual","TRUE","2024-09","2024-11","2024-11-08",\N
"S-90432a","A-fe79a5","Enterprise","9","1791.00","21492.00","FALSE","FALSE","FALSE","TRUE","annual","FALSE","2024-03","2024-12","2024-12-04","2024-12-24"
"S-e04d93","A-5a215a","Enterprise","87","17313.00","207756.00","FALSE","FALSE","FALSE","TRUE","monthly","TRUE","2024-01","2024-05","2024-05-27","2024-12-30"
"S-0f569f","A-781cc0","Enterprise","12","2388.00","28656.00","FALSE","FALSE","FALSE","FALSE","monthly","TRUE","2024-09","2024-09","2024-09-18",\N
"S-6d6bde","A-068fc6","Basic","35","665.00","7980.00","FALSE","FALSE","FALSE","FALSE","monthly","TRUE","2023-10","2024-10","2024-10-14",\N
"S-0cbce0","A-5b4ebb","Pro","26","1274.00","15288.00","FALSE","TRUE","FALSE","FALSE","annual","TRUE","2024-07","2024-10","2024-10-15",\N
"S-93cf65","A-ff3c73","Basic","21","0.00","0.00","TRUE","FALSE","FALSE","FALSE","annual","TRUE","2023-04","2023-07","2023-07-19",\N
"S-c3aa52","A-19b2c8","Enterprise","20","0.00","0.00","TRUE","TRUE","FALSE","FALSE","monthly","FALSE","2023-06","2024-08","2024-08-30",\N
"S-68dca1","A-4ae22a","Basic","28","532.00","6384.00","FALSE","FALSE","FALSE","FALSE","annual","TRUE","2024-05","2024-12","2024-12-23",\N
"S-a97ab5","A-e1b9cd","Pro","40","0.00","0.00","TRUE","FALSE","FALSE","FALSE","annual","FALSE","2023-03","2024-09","2024-09-28",\N
"S-c68e80","A-2bc93d","Basic","95","1805.00","21660.00","FALSE","FALSE","FALSE","FALSE","monthly","TRUE","2023-07","2024-03","2024-03-26",\N
"S-0c9fdd","A-5b4ebb","Pro","30","1470.00","17640.00","FALSE","FALSE","FALSE","FALSE","annual","TRUE","2024-07","2024-12","2024-12-16",\N
"S-d64a4e","A-cc98bc","Basic","32","608.00","7296.00","FALSE","FALSE","FALSE","FALSE","monthly","TRUE","2023-05","2023-10","2023-10-24",\N
"S-efcb1e","A-118f1c","Pro","32","0.00","0.00","TRUE","FALSE","FALSE","FALSE","annual","TRUE","2024-10","2024-12","2024-12-10",\N
"S-3909f9","A-d4ac0e","Pro","18","882.00","10584.00","FALSE","FALSE","FALSE","FALSE","annual","FALSE","2024-05","2024-06","2024-06-01",\N
"S-ab476e","A-7dacce","Enterprise","67","13333.00","159996.00","FALSE","FALSE","FALSE","FALSE","annual","TRUE","2024-09","2024-11","2024-11-28",\N
"S-f5fcc9","A-40a557","Pro","16","784.00","9408.00","FALSE","FALSE","FALSE","FALSE","monthly","TRUE","2024-01","2024-06","2024-06-06",\N
"S-804a70","A-4ef964","Enterprise","17","3383.00","40596.00","FALSE","FALSE","FALSE","FALSE","monthly","TRUE","2024-04","2024-07","2024-07-28",\N
"S-834a48","A-86cdb4","Basic","4","0.00","0.00","TRUE","FALSE","FALSE","FALSE","monthly","TRUE","2024-10","2024-11","2024-11-01",\N
"S-f6f308","A-3793ee","Enterprise","49","0.00","0.00","TRUE","TRUE","FALSE","FALSE","annual","TRUE","2023-11","2023-11","2023-11-20",\N
"S-06fb77","A-96e141","Pro","22","1078.00","12936.00","FALSE","FALSE","FALSE","FALSE","annual","TRUE","2023-10","2024-03","2024-03-28",\N
"S-5df64f","A-684255","Enterprise","14","2786.00","33432.00","FALSE","FALSE","FALSE","FALSE","annual","TRUE","2024-04","2024-08","2024-08-31",\N
"S-cf12f4","A-4814a3","Pro","87","4263.00","51156.00","FALSE","TRUE","FALSE","FALSE","monthly","TRUE","2024-09","2024-09","2024-09-27",\N
"S-ee30bb","A-526d93","Enterprise","43","8557.00","102684.00","FALSE","TRUE","FALSE","FALSE","monthly","FALSE","2024-04","2024-04","2024-04-19",\N
"S-ff93b5","A-ba6516","Basic","27","0.00","0.00","TRUE","FALSE","FALSE","FALSE","annual","TRUE","2024-01","2024-05","2024-05-10",\N
"S-2db458","A-53f4e3","Basic","22","418.00","5016.00","FALSE","FALSE","FALSE","FALSE","annual","TRUE","2024-06","2024-09","2024-09-21",\N
"S-e505f2","A-bb2f49","Pro","35","1715.00","20580.00","FALSE","FALSE","FALSE","FALSE","annual","TRUE","2023-06","2024-06","2024-06-15",\N
"S-fcbe5a","A-e19ff6","Pro","40","1960.00","23520.00","FALSE","TRUE","FALSE","FALSE","annual","TRUE","2023-08","2024-10","2024-10-04",\N
"S-d49a8f","A-f92792","Enterprise","24","4776.00","57312.00","FALSE","FALSE","FALSE","FALSE","annual","TRUE","2024-07","2024-09","2024-09-30",\N
"S-b120fb","A-f51f16","Pro","1","49.00","588.00","FALSE","FALSE","FALSE","TRUE","annual","FALSE","2024-02","2024-04","2024-04-01","2024-08-23"
"S-6c7bd8","A-7f8241","Enterprise","36","7164.00","85968.00","FALSE","FALSE","FALSE","FALSE","monthly","TRUE","2023-03","2024-06","2024-06-16",\N
"S-ca321d","A-7920cc","Pro","39","1911.00","22932.00","FALSE","FALSE","FALSE","FALSE","monthly","TRUE","2023-11","2024-10","2024-10-29",\N
"S-7cd9fa","A-d40bf7","Basic","59","1121.00","13452.00","FALSE","FALSE","FALSE","FALSE","monthly","TRUE","2024-11","2024-12","2024-12-29",\N
"S-2a53d5","A-5a184f","Basic","74","1406.00","16872.00","FALSE","FALSE","FALSE","FALSE","annual","TRUE","2023-08","2023-09","2023-09-03",\N
"S-101324","A-8145a0","Enterprise","24","4776.00","57312.00","FALSE","FALSE","FALSE","FALSE","monthly","TRUE","2023-08","2023-09","2023-09-29",\N
"S-307a21","A-940b8b","Basic","56","1064.00","12768.00","FALSE","FALSE","FALSE","FALSE","monthly","FALSE","2024-04","2024-05","2024-05-02",\N
"S-f30081","A-cb5333","Enterprise","33","6567.00","78804.00","FALSE","FALSE","FALSE","FALSE","annual","TRUE","2024-04","2024-04","2024-04-01",\N
"S-d3e724","A-dec005","Basic","26","494.00","5928.00","FALSE","FALSE","FALSE","FALSE","monthly","TRUE","2023-10","2024-08","2024-08-24",\N
"S-713e06","A-4e631b","Enterprise","26","5174.00","62088.00","FALSE","FALSE","FALSE","FALSE","annual","TRUE","2024-03","2024-11","2024-11-06",\N
"S-e977e4","A-80eeb6","Enterprise","22","4378.00","52536.00","FALSE","TRUE","FALSE","FALSE","monthly","TRUE","2023-07","2023-08","2023-08-25",\N
"S-9464f8","A-eb7fac","Basic","26","494.00","5928.00","FALSE","FALSE","FALSE","FALSE","monthly","TRUE","2023-12","2024-10","2024-10-22",\N
"S-3473af","A-d77f4c","Basic","8","152.00","1824.00","FALSE","TRUE","FALSE","FALSE","monthly","TRUE","2023-10","2024-10","2024-10-10",\N
"S-2565f0","A-6a4e2d","Basic","54","1026.00","12312.00","FALSE","FALSE","FALSE","FALSE","annual","FALSE","2023-05","2023-07","2023-07-09",\N
"S-769f70","A-016043","Basic","13","247.00","2964.00","FALSE","FALSE","FALSE","FALSE","monthly","TRUE","2024-08","2024-09","2024-09-28",\N
"S-d48577","A-7cfe77","Pro","69","3381.00","40572.00","FALSE","FALSE","TRUE","FALSE","annual","TRUE","2024-07","2024-07","2024-07-30",\N
"S-703faf","A-b7724f","Basic","10","190.00","2280.00","FALSE","FALSE","FALSE","TRUE","monthly","FALSE","2023-06","2024-09","2024-09-20","2024-11-19"
"S-a3dc1e","A-5c9849","Enterprise","19","0.00","0.00","TRUE","TRUE","FALSE","FALSE","monthly","TRUE","2024-11","2024-12","2024-12-04",\N
"S-ac1f01","A-e693b6","Enterprise","55","10945.00","131340.00","FALSE","FALSE","FALSE","FALSE","monthly","TRUE","2023-08","2024-03","2024-03-14",\N
"S-e6ce29","A-76fa4d","Enterprise","69","13731.00","164772.00","FALSE","FALSE","FALSE","FALSE","monthly","FALSE","2024-11","2024-12","2024-12-05",\N
"S-00866d","A-05f0e5","Basic","32","608.00","7296.00","FALSE","FALSE","FALSE","FALSE","annual","TRUE","2023-06","2023-10","2023-10-31",\N
"S-b7c825","A-9174e0","Enterprise","68","0.00","0.00","TRUE","FALSE","FALSE","FALSE","monthly","FALSE","2024-12","2024-12","2024-12-21",\N
"S-22c99d","A-5a215a","Enterprise","87","0.00","0.00","TRUE","FALSE","FALSE","FALSE","monthly","TRUE","2024-01","2024-03","2024-03-08",\N
"S-329db8","A-8b25f2","Pro","12","588.00","7056.00","FALSE","FALSE","FALSE","FALSE","monthly","TRUE","2024-02","2024-05","2024-05-22",\N
"S-5fe191","A-c43359","Enterprise","38","7562.00","90744.00","FALSE","TRUE","FALSE","FALSE","annual","TRUE","2024-11","2024-12","2024-12-11",\N
"S-c19e74","A-ffc04f","Enterprise","13","0.00","0.00","TRUE","FALSE","FALSE","FALSE","annual","TRUE","2024-06","2024-09","2024-09-19",\N
"S-0e526f","A-e83938","Pro","5","245.00","2940.00","FALSE","FALSE","FALSE","FALSE","annual","TRUE","2024-02","2024-06","2024-06-26",\N
"S-beff12","A-f44180","Enterprise","9","1791.00","21492.00","FALSE","FALSE","FALSE","FALSE","monthly","TRUE","2023-03","2023-10","2023-10-17",\N
"S-f9b4d8","A-6843f2","Pro","21","1029.00","12348.00","FALSE","FALSE","FALSE","FALSE","annual","TRUE","2024-12","2024-12","2024-12-31",\N
"S-d76bd0","A-7f29a7","Basic","41","779.00","9348.00","FALSE","FALSE","FALSE","TRUE","monthly","FALSE","2024-09","2024-10","2024-10-08","2024-10-15"
"S-edf4e0","A-dbc825","Enterprise","22","4378.00","52536.00","FALSE","FALSE","FALSE","FALSE","monthly","TRUE","2024-01","2024-07","2024-07-01",\N
"S-326691","A-e40f45","Basic","21","399.00","4788.00","FALSE","FALSE","FALSE","TRUE","monthly","FALSE","2024-05","2024-11","2024-11-24","2024-12-22"
"S-e7a190","A-0a62f5","Basic","22","418.00","5016.00","FALSE","FALSE","FALSE","FALSE","annual","TRUE","2024-09","2024-12","2024-12-06",\N
"S-f73a84","A-2edab2","Pro","17","833.00","9996.00","FALSE","FALSE","FALSE","FALSE","monthly","TRUE","2023-11","2024-12","2024-12-15",\N
"S-ba67a5","A-fce879","Enterprise","19","3781.00","45372.00","FALSE","FALSE","FALSE","FALSE","annual","TRUE","2024-09","2024-10","2024-10-27",\N
"S-5272ff","A-fda07f","Enterprise","69","13731.00","164772.00","FALSE","FALSE","FALSE","FALSE","annual","TRUE","2024-08","2024-11","2024-11-10",\N
"S-d407d0","A-b9eed8","Pro","11","539.00","6468.00","FALSE","FALSE","FALSE","FALSE","annual","TRUE","2024-03","2024-11","2024-11-04",\N
"S-54d8cf","A-2f6a32","Basic","19","361.00","4332.00","FALSE","FALSE","FALSE","FALSE","monthly","TRUE","2024-09","2024-10","2024-10-13",\N
"S-bdf7c2","A-c42f1f","Pro","11","539.00","6468.00","FALSE","FALSE","TRUE","TRUE","annual","TRUE","2024-07","2024-10","2024-10-26","2024-12-24"
"S-e9257d","A-5b1bcd","Pro","73","3577.00","42924.00","FALSE","TRUE","FALSE","FALSE","annual","FALSE","2023-09","2024-12","2024-12-31",\N
"S-c15f06","A-82d8a6","Pro","33","1617.00","19404.00","FALSE","TRUE","TRUE","FALSE","monthly","TRUE","2024-12","2024-12","2024-12-27",\N
"S-fbc35d","A-a8b49c","Pro","7","343.00","4116.00","FALSE","FALSE","FALSE","FALSE","annual","TRUE","2023-10","2024-10","2024-10-17",\N
"S-78c894","A-d792a6","Basic","4","76.00","912.00","FALSE","TRUE","FALSE","FALSE","annual","TRUE","2023-02","2023-02","2023-02-17",\N
"S-2ee2e1","A-692f18","Pro","50","2450.00","29400.00","FALSE","TRUE","FALSE","FALSE","annual","FALSE","2024-03","2024-06","2024-06-12",\N
"S-5677fb","A-e5d6ab","Enterprise","13","2587.00","31044.00","FALSE","FALSE","FALSE","FALSE","monthly","FALSE","2023-05","2024-07","2024-07-02",\N
"S-3c9a70","A-ee42db","Basic","30","570.00","6840.00","FALSE","FALSE","FALSE","FALSE","monthly","TRUE","2023-05","2024-12","2024-12-22",\N
"S-036362","A-c37601","Pro","12","588.00","7056.00","FALSE","FALSE","FALSE","FALSE","annual","TRUE","2024-11","2024-11","2024-11-01",\N
"S-18b1f9","A-02cd81","Pro","44","2156.00","25872.00","FALSE","FALSE","FALSE","FALSE","monthly","TRUE","2024-03","2024-08","2024-08-13",\N
"S-31afc4","A-d40bf7","Pro","59","2891.00","34692.00","FALSE","FALSE","FALSE","FALSE","monthly","FALSE","2024-11","2024-12","2024-12-09",\N
"S-6ea0ad","A-712426","Pro","13","637.00","7644.00","FALSE","TRUE","FALSE","FALSE","monthly","TRUE","2024-11","2024-12","2024-12-15",\N
"S-c25d2f","A-fabe19","Enterprise","32","6368.00","76416.00","FALSE","FALSE","FALSE","TRUE","annual","TRUE","2024-11","2024-12","2024-12-12","2024-12-27"
"S-444f22","A-8ed5dd","Pro","46","2254.00","27048.00","FALSE","TRUE","FALSE","FALSE","monthly","TRUE","2023-08","2023-12","2023-12-09",\N
"S-f3ff07","A-158f4e","Basic","61","1159.00","13908.00","FALSE","FALSE","FALSE","TRUE","annual","FALSE","2023-06","2023-06","2023-06-19","2024-05-15"
"S-154119","A-3d957b","Basic","73","1387.00","16644.00","FALSE","FALSE","FALSE","FALSE","monthly","TRUE","2024-07","2024-08","2024-08-30",\N
"S-62fa42","A-bb1486","Basic","41","779.00","9348.00","FALSE","FALSE","TRUE","TRUE","annual","FALSE","2024-11","2024-12","2024-12-06","2024-12-19"
"S-97a57b","A-a0ca4e","Enterprise","26","5174.00","62088.00","FALSE","FALSE","FALSE","FALSE","monthly","TRUE","2024-03","2024-08","2024-08-12",\N
"S-7c2997","A-c1e51e","Pro","32","1568.00","18816.00","FALSE","FALSE","FALSE","TRUE","annual","TRUE","2024-10","2024-12","2024-12-21","2024-12-31"
"S-9122a4","A-883b7d","Enterprise","25","4975.00","59700.00","FALSE","FALSE","FALSE","FALSE","monthly","TRUE","2024-04","2024-05","2024-05-29",\N
"S-f9f7af","A-20736a","Pro","50","2450.00","29400.00","FALSE","FALSE","FALSE","FALSE","annual","TRUE","2024-05","2024-08","2024-08-07",\N
"S-f6edd4","A-5a92e7","Basic","11","209.00","2508.00","FALSE","FALSE","FALSE","TRUE","annual","FALSE","2024-06","2024-12","2024-12-04","2024-12-15"
"S-bbe998","A-08e34e","Pro","14","686.00","8232.00","FALSE","FALSE","FALSE","FALSE","annual","TRUE","2024-07","2024-07","2024-07-01",\N
"S-02508a","A-05d3b3","Basic","28","532.00","6384.00","FALSE","FALSE","FALSE","FALSE","annual","TRUE","2023-07","2024-02","2024-02-04",\N
"S-7e44b0","A-a33200","Pro","29","1421.00","17052.00","FALSE","FALSE","FALSE","FALSE","annual","FALSE","2024-09","2024-10","2024-10-14",\N
"S-028f5b","A-80eeb6","Enterprise","26","5174.00","62088.00","FALSE","FALSE","FALSE","TRUE","annual","TRUE","2023-07","2024-02","2024-02-20","2024-08-12"
"S-d26ee3","A-1f559b","Basic","16","304.00","3648.00","FALSE","FALSE","FALSE","TRUE","monthly","TRUE","2023-12","2023-12","2023-12-12","2024-05-24"
"S-a1901c","A-5c9849","Enterprise","19","3781.00","45372.00","FALSE","FALSE","FALSE","FALSE","monthly","FALSE","2024-11","2024-12","2024-12-10",\N
"S-c96d86","A-1e1b80","Basic","50","950.00","11400.00","FALSE","TRUE","FALSE","FALSE","annual","TRUE","2023-10","2024-11","2024-11-04",\N
"S-ea8479","A-bcf87c","Basic","17","323.00","3876.00","FALSE","FALSE","TRUE","FALSE","annual","FALSE","2024-07","2024-10","2024-10-25",\N
"S-7eb81c","A-474ad4","Pro","8","392.00","4704.00","FALSE","FALSE","FALSE","FALSE","monthly","FALSE","2023-12","2024-01","2024-01-15",\N
"S-8d4b81","A-2b9d3e","Basic","1","19.00","228.00","FALSE","FALSE","FALSE","FALSE","annual","FALSE","2023-09","2024-04","2024-04-28",\N
"S-9e5075","A-81edc3","Enterprise","44","8756.00","105072.00","FALSE","FALSE","FALSE","FALSE","annual","TRUE","2023-11","2024-09","2024-09-02",\N
"S-6bdda7","A-bad8c1","Pro","37","1813.00","21756.00","FALSE","FALSE","FALSE","FALSE","monthly","TRUE","2023-06","2024-06","2024-06-03",\N
"S-2c52b6","A-016043","Enterprise","14","2786.00","33432.00","FALSE","FALSE","FALSE","FALSE","monthly","FALSE","2024-08","2024-10","2024-10-09",\N
"S-9c09cb","A-702032","Basic","28","532.00","6384.00","FALSE","FALSE","FALSE","FALSE","annual","TRUE","2024-04","2024-12","2024-12-10",\N
"S-3829dc","A-1ac5e0","Enterprise","33","6567.00","78804.00","FALSE","FALSE","FALSE","FALSE","monthly","TRUE","2024-10","2024-11","2024-11-17",\N
"S-d238c2","A-71615e","Enterprise","55","10945.00","131340.00","FALSE","FALSE","FALSE","FALSE","annual","TRUE","2024-06","2024-08","2024-08-17",\N
"S-885bd4","A-8bde0c","Pro","12","588.00","7056.00","FALSE","FALSE","FALSE","FALSE","annual","TRUE","2024-11","2024-11","2024-11-13",\N
"S-700923","A-bcf664","Enterprise","13","2587.00","31044.00","FALSE","FALSE","FALSE","FALSE","monthly","TRUE","2023-06","2024-04","2024-04-04",\N
"S-d538f6","A-d535f6","Enterprise","12","0.00","0.00","TRUE","FALSE","TRUE","FALSE","monthly","TRUE","2024-09","2024-12","2024-12-15",\N
"S-5ca0fe","A-d3c88e","Pro","16","784.00","9408.00","FALSE","FALSE","FALSE","FALSE","monthly","FALSE","2024-10","2024-11","2024-11-02",\N
"S-83dc0a","A-f44180","Enterprise","9","1791.00","21492.00","FALSE","FALSE","FALSE","FALSE","annual","TRUE","2023-03","2023-08","2023-08-31",\N
"S-39a8f1","A-52dd88","Pro","23","1127.00","13524.00","FALSE","FALSE","FALSE","FALSE","monthly","FALSE","2023-03","2024-03","2024-03-12",\N
"S-0a765d","A-439b2f","Basic","4","76.00","912.00","FALSE","FALSE","FALSE","FALSE","monthly","TRUE","2024-03","2024-07","2024-07-03",\N
"S-fa9b43","A-10b8f2","Basic","47","0.00","0.00","TRUE","FALSE","FALSE","FALSE","annual","FALSE","2023-02","2023-02","2023-02-05",\N
"S-3a57be","A-05f0e5","Pro","32","1568.00","18816.00","FALSE","FALSE","FALSE","FALSE","monthly","TRUE","2023-06","2024-05","2024-05-15",\N
"S-5ede24","A-9bfc9f","Pro","60","2940.00","35280.00","FALSE","FALSE","FALSE","FALSE","monthly","TRUE","2023-09","2024-07","2024-07-30",\N
"S-df5924","A-443f6f","Pro","19","931.00","11172.00","FALSE","FALSE","FALSE","TRUE","annual","TRUE","2024-12","2024-12","2024-12-21","2024-12-22"
"S-eb9911","A-ab438f","Basic","28","0.00","0.00","TRUE","FALSE","FALSE","FALSE","annual","TRUE","2024-10","2024-10","2024-10-18",\N
"S-7db513","A-4f18f0","Enterprise","24","4776.00","57312.00","FALSE","FALSE","FALSE","FALSE","monthly","TRUE","2024-04","2024-06","2024-06-01",\N
"S-2ded06","A-ff79f2","Basic","31","589.00","7068.00","FALSE","TRUE","FALSE","FALSE","monthly","FALSE","2024-05","2024-12","2024-12-25",\N
"S-c0ca82","A-00cac8","Pro","19","931.00","11172.00","FALSE","FALSE","TRUE","FALSE","annual","TRUE","2023-09","2024-12","2024-12-02",\N
"S-7cf7c6","A-22d9d2","Pro","13","637.00","7644.00","FALSE","FALSE","FALSE","FALSE","annual","TRUE","2024-03","2024-06","2024-06-02",\N
"S-9fa49b","A-1f7acb","Enterprise","64","12736.00","152832.00","FALSE","TRUE","FALSE","FALSE","annual","FALSE","2023-09","2023-09","2023-09-01",\N
"S-4a3e6c","A-acb7f7","Pro","32","1568.00","18816.00","FALSE","FALSE","FALSE","FALSE","monthly","TRUE","2024-01","2024-06","2024-06-19",\N
"S-112733","A-71615e","Basic","15","285.00","3420.00","FALSE","FALSE","FALSE","FALSE","annual","FALSE","2024-06","2024-10","2024-10-21",\N
"S-28332f","A-ff79f2","Enterprise","23","4577.00","54924.00","FALSE","FALSE","FALSE","FALSE","monthly","TRUE","2024-05","2024-09","2024-09-16",\N
"S-6709f4","A-bcbe98","Basic","46","874.00","10488.00","FALSE","FALSE","FALSE","FALSE","monthly","FALSE","2024-07","2024-12","2024-12-06",\N
"S-0b059f","A-7c4956","Basic","5","95.00","1140.00","FALSE","FALSE","FALSE","TRUE","monthly","FALSE","2023-06","2023-07","2023-07-10","2023-11-30"
"S-d91908","A-02fac6","Basic","22","418.00","5016.00","FALSE","FALSE","FALSE","FALSE","monthly","TRUE","2023-10","2024-09","2024-09-22",\N
"S-381988","A-eb7c38","Pro","7","0.00","0.00","TRUE","FALSE","FALSE","FALSE","annual","FALSE","2024-04","2024-08","2024-08-27",\N
"S-535e55","A-9077b0","Pro","7","343.00","4116.00","FALSE","TRUE","FALSE","FALSE","monthly","TRUE","2024-08","2024-12","2024-12-08",\N
"S-a22ca2","A-dbc825","Enterprise","45","8955.00","107460.00","FALSE","FALSE","FALSE","FALSE","monthly","TRUE","2024-01","2024-07","2024-07-30",\N
"S-4e762d","A-2789e3","Enterprise","61","12139.00","145668.00","FALSE","FALSE","FALSE","FALSE","annual","TRUE","2024-09","2024-11","2024-11-06",\N
"S-1d3a93","A-d82ef9","Enterprise","26","5174.00","62088.00","FALSE","FALSE","FALSE","FALSE","monthly","FALSE","2024-07","2024-08","2024-08-10",\N
"S-1c5650","A-1e1b80","Pro","53","2597.00","31164.00","FALSE","FALSE","FALSE","FALSE","monthly","TRUE","2023-10","2023-12","2023-12-27",\N
"S-593787","A-9ee962","Basic","9","0.00","0.00","TRUE","TRUE","FALSE","FALSE","monthly","TRUE","2023-06","2023-11","2023-11-22",\N
"S-28a2b2","A-eb7fac","Enterprise","7","1393.00","16716.00","FALSE","FALSE","FALSE","FALSE","monthly","TRUE","2023-12","2024-09","2024-09-22",\N
"S-0bdbb3","A-00cac8","Enterprise","39","7761.00","93132.00","FALSE","FALSE","FALSE","FALSE","monthly","TRUE","2023-09","2024-08","2024-08-09",\N
"S-dc8c2f","A-8b0451","Basic","41","779.00","9348.00","FALSE","FALSE","FALSE","FALSE","monthly","TRUE","2024-09","2024-09","2024-09-21",\N
"S-a33656","A-524364","Basic","12","228.00","2736.00","FALSE","FALSE","FALSE","FALSE","monthly","TRUE","2024-12","2024-12","2024-12-31",\N
"S-b991d2","A-3ce5b8","Pro","8","392.00","4704.00","FALSE","FALSE","FALSE","FALSE","annual","TRUE","2023-12","2024-02","2024-02-17",\N
"S-a53e06","A-089363","Basic","3","57.00","684.00","FALSE","FALSE","FALSE","FALSE","annual","FALSE","2023-06","2024-06","2024-06-14",\N
"S-249448","A-dbc825","Enterprise","19","3781.00","45372.00","FALSE","FALSE","FALSE","FALSE","annual","TRUE","2024-01","2024-01","2024-01-19",\N
"S-768196","A-1f7acb","Basic","64","1216.00","14592.00","FALSE","FALSE","FALSE","FALSE","monthly","TRUE","2023-09","2023-10","2023-10-14",\N
"S-e6513c","A-2edab2","Basic","17","323.00","3876.00","FALSE","FALSE","FALSE","FALSE","monthly","TRUE","2023-11","2023-12","2023-12-05",\N
"S-0acba4","A-4e631b","Basic","22","418.00","5016.00","FALSE","FALSE","FALSE","FALSE","annual","FALSE","2024-03","2024-11","2024-11-22",\N
"S-e57a7d","A-3f9cc0","Enterprise","22","4378.00","52536.00","FALSE","FALSE","TRUE","FALSE","annual","FALSE","2024-06","2024-06","2024-06-23",\N
"S-f24609","A-151c9a","Pro","29","1421.00","17052.00","FALSE","FALSE","FALSE","FALSE","monthly","TRUE","2023-05","2023-07","2023-07-14",\N
"S-cfb246","A-ee42db","Basic","13","0.00","0.00","TRUE","FALSE","FALSE","FALSE","annual","TRUE","2023-05","2024-10","2024-10-25",\N
"S-242e1b","A-313be3","Pro","47","2303.00","27636.00","FALSE","TRUE","FALSE","FALSE","annual","FALSE","2023-11","2024-08","2024-08-25",\N
"S-89d7b0","A-fe79a5","Enterprise","9","1791.00","21492.00","FALSE","FALSE","FALSE","FALSE","annual","TRUE","2024-03","2024-06","2024-06-03",\N
"S-5a26fc","A-9779ad","Pro","40","0.00","0.00","TRUE","FALSE","FALSE","FALSE","annual","FALSE","2024-04","2024-07","2024-07-07",\N
"S-d64e41","A-354f12","Enterprise","34","6766.00","81192.00","FALSE","FALSE","TRUE","FALSE","annual","TRUE","2024-05","2024-05","2024-05-28",\N
"S-482962","A-de24d5","Pro","20","980.00","11760.00","FALSE","FALSE","FALSE","FALSE","annual","TRUE","2024-11","2024-11","2024-11-06",\N
"S-e77d56","A-9289f6","Basic","1","19.00","228.00","FALSE","FALSE","FALSE","FALSE","monthly","TRUE","2023-07","2023-12","2023-12-06",\N
"S-658bcb","A-0cc442","Enterprise","45","8955.00","107460.00","FALSE","FALSE","FALSE","FALSE","monthly","TRUE","2024-07","2024-08","2024-08-14",\N
"S-56c23b","A-e888d1","Enterprise","19","3781.00","45372.00","FALSE","FALSE","FALSE","FALSE","annual","FALSE","2023-05","2024-10","2024-10-31",\N
"S-39f1b0","A-bf7919","Enterprise","8","0.00","0.00","TRUE","FALSE","FALSE","FALSE","annual","TRUE","2024-12","2024-12","2024-12-10",\N
"S-21d0ab","A-a1b80b","Basic","22","418.00","5016.00","FALSE","FALSE","FALSE","FALSE","monthly","TRUE","2024-03","2024-07","2024-07-21",\N
"S-b27c2f","A-625d0b","Pro","17","833.00","9996.00","FALSE","FALSE","FALSE","FALSE","monthly","TRUE","2024-09","2024-12","2024-12-24",\N
"S-1224ea","A-474ad4","Pro","8","0.00","0.00","TRUE","FALSE","FALSE","FALSE","monthly","TRUE","2023-12","2023-12","2023-12-10",\N
"S-0d8293","A-425e76","Pro","71","3479.00","41748.00","FALSE","FALSE","FALSE","FALSE","monthly","TRUE","2023-06","2023-11","2023-11-18",\N
"S-f409d8","A-0651a4","Enterprise","16","3184.00","38208.00","FALSE","FALSE","FALSE","FALSE","annual","TRUE","2024-10","2024-12","2024-12-04",\N
"S-374511","A-e89151","Enterprise","10","1990.00","23880.00","FALSE","FALSE","FALSE","FALSE","monthly","TRUE","2023-11","2024-04","2024-04-01",\N
"S-c1f160","A-ccabf0","Pro","2","98.00","1176.00","FALSE","FALSE","TRUE","TRUE","annual","TRUE","2023-11","2024-07","2024-07-14","2024-12-04"
"S-2b58a7","A-7c5768","Basic","3","57.00","684.00","FALSE","FALSE","FALSE","FALSE","monthly","TRUE","2024-03","2024-07","2024-07-07",\N
"S-4dfd17","A-bcbe98","Basic","46","874.00","10488.00","FALSE","TRUE","TRUE","FALSE","monthly","TRUE","2024-07","2024-07","2024-07-29",\N
"S-4781b1","A-558c72","Pro","16","784.00","9408.00","FALSE","FALSE","FALSE","FALSE","monthly","TRUE","2023-06","2023-06","2023-06-12",\N
"S-c53808","A-712426","Pro","12","588.00","7056.00","FALSE","FALSE","FALSE","FALSE","monthly","TRUE","2024-11","2024-12","2024-12-08",\N
"S-e3165d","A-3b5cd1","Pro","21","1029.00","12348.00","FALSE","FALSE","FALSE","FALSE","monthly","TRUE","2023-09","2023-10","2023-10-09",\N
"S-0334aa","A-acb7f7","Pro","41","2009.00","24108.00","FALSE","TRUE","FALSE","FALSE","annual","TRUE","2024-01","2024-04","2024-04-12",\N
"S-6c625e","A-854864","Pro","91","4459.00","53508.00","FALSE","FALSE","FALSE","FALSE","monthly","FALSE","2024-12","2024-12","2024-12-15",\N
"S-e48c4d","A-439b2f","Basic","7","133.00","1596.00","FALSE","FALSE","FALSE","FALSE","annual","TRUE","2024-03","2024-03","2024-03-09",\N
"S-322a59","A-a8b49c","Pro","26","1274.00","15288.00","FALSE","FALSE","FALSE","FALSE","monthly","TRUE","2023-10","2024-02","2024-02-17",\N
"S-41b844","A-94d3da","Pro","41","2009.00","24108.00","FALSE","FALSE","FALSE","FALSE","monthly","FALSE","2023-06","2023-06","2023-06-03",\N
"S-12125f","A-e5d6ab","Basic","3","57.00","684.00","FALSE","FALSE","FALSE","FALSE","monthly","TRUE","2023-05","2023-08","2023-08-08",\N
"S-91709b","A-ab438f","Enterprise","23","4577.00","54924.00","FALSE","FALSE","FALSE","TRUE","annual","TRUE","2024-10","2024-11","2024-11-26","2024-12-31"
"S-ff681f","A-bbc346","Enterprise","19","3781.00","45372.00","FALSE","TRUE","FALSE","FALSE","annual","FALSE","2024-08","2024-08","2024-08-31",\N
"S-6b534f","A-08e34e","Enterprise","14","2786.00","33432.00","FALSE","FALSE","FALSE","FALSE","monthly","TRUE","2024-07","2024-12","2024-12-31",\N
"S-2d3434","A-425e76","Pro","8","392.00","4704.00","FALSE","FALSE","FALSE","FALSE","annual","TRUE","2023-06","2023-07","2023-07-22",\N
"S-b8caad","A-ac14bb","Pro","21","1029.00","12348.00","FALSE","FALSE","FALSE","FALSE","annual","FALSE","2023-09","2023-09","2023-09-27",\N
"S-58ab69","A-58b9ff","Pro","63","3087.00","37044.00","FALSE","FALSE","TRUE","FALSE","monthly","TRUE","2024-06","2024-09","2024-09-27",\N
"S-6c877e","A-712533","Enterprise","18","0.00","0.00","TRUE","FALSE","FALSE","FALSE","monthly","TRUE","2023-08","2023-08","2023-08-13",\N
"S-ff4611","A-c9bb3e","Pro","123","6027.00","72324.00","FALSE","FALSE","FALSE","FALSE","annual","TRUE","2024-04","2024-04","2024-04-25",\N
"S-f3c329","A-1f0636","Basic","105","1995.00","23940.00","FALSE","FALSE","FALSE","FALSE","annual","TRUE","2024-02","2024-09","2024-09-02",\N
"S-270a4e","A-6c093d","Basic","7","133.00","1596.00","FALSE","TRUE","FALSE","FALSE","monthly","TRUE","2023-04","2024-01","2024-01-17",\N
"S-2a312e","A-034368","Basic","26","494.00","5928.00","FALSE","FALSE","FALSE","FALSE","monthly","TRUE","2023-12","2024-06","2024-06-21",\N
"S-3aa11b","A-7c83a1","Pro","12","588.00","7056.00","FALSE","FALSE","FALSE","FALSE","annual","TRUE","2024-05","2024-09","2024-09-27",\N
"S-0a8cff","A-016043","Enterprise","12","0.00","0.00","TRUE","TRUE","FALSE","FALSE","monthly","TRUE","2024-08","2024-09","2024-09-28",\N
"S-b4d224","A-4c6f11","Basic","27","513.00","6156.00","FALSE","FALSE","TRUE","FALSE","annual","TRUE","2024-03","2024-05","2024-05-31",\N
"S-f0e458","A-ab438f","Pro","77","0.00","0.00","TRUE","FALSE","FALSE","FALSE","monthly","TRUE","2024-10","2024-12","2024-12-27",\N
"S-af5ec3","A-8e47ca","Enterprise","19","3781.00","45372.00","FALSE","FALSE","FALSE","FALSE","monthly","TRUE","2024-02","2024-08","2024-08-23",\N
"S-683c6b","A-e36807","Enterprise","14","2786.00","33432.00","FALSE","FALSE","FALSE","FALSE","annual","TRUE","2024-06","2024-11","2024-11-21",\N
"S-1df679","A-508199","Enterprise","19","3781.00","45372.00","FALSE","FALSE","FALSE","FALSE","annual","TRUE","2024-01","2024-04","2024-04-26",\N
"S-ca74fe","A-dfbd31","Pro","14","686.00","8232.00","FALSE","FALSE","FALSE","FALSE","annual","FALSE","2023-12","2024-07","2024-07-30",\N
"S-061025","A-c45b23","Pro","7","343.00","4116.00","FALSE","FALSE","FALSE","FALSE","annual","TRUE","2023-12","2024-11","2024-11-16",\N
"S-333abd","A-a1b80b","Basic","16","304.00","3648.00","FALSE","FALSE","FALSE","FALSE","annual","TRUE","2024-03","2024-07","2024-07-05",\N
"S-5281ee","A-427b69","Pro","17","0.00","0.00","TRUE","FALSE","FALSE","FALSE","annual","FALSE","2024-09","2024-09","2024-09-27",\N
"S-1bf697","A-acb7f7","Pro","32","1568.00","18816.00","FALSE","FALSE","FALSE","FALSE","monthly","TRUE","2024-01","2024-08","2024-08-31",\N
"S-9b8167","A-054577","Pro","29","1421.00","17052.00","FALSE","FALSE","FALSE","FALSE","monthly","TRUE","2024-05","2024-05","2024-05-08",\N
"S-585d4c","A-00bed1","Enterprise","28","5572.00","66864.00","FALSE","TRUE","FALSE","FALSE","monthly","TRUE","2023-11","2024-05","2024-05-06",\N
"S-cdd281","A-39ddf4","Enterprise","40","7960.00","95520.00","FALSE","FALSE","FALSE","FALSE","monthly","TRUE","2024-12","2024-12","2024-12-30",\N
"S-f83141","A-659280","Basic","17","0.00","0.00","TRUE","FALSE","FALSE","FALSE","annual","FALSE","2023-11","2024-12","2024-12-26",\N
"S-3af429","A-9077b0","Basic","30","0.00","0.00","TRUE","TRUE","FALSE","FALSE","monthly","TRUE","2024-08","2024-12","2024-12-10",\N
"S-0cb4fe","A-560d27","Enterprise","71","14129.00","169548.00","FALSE","FALSE","FALSE","FALSE","monthly","TRUE","2024-05","2024-05","2024-05-31",\N
"S-da3b68","A-5c046d","Enterprise","93","18507.00","222084.00","FALSE","FALSE","FALSE","FALSE","monthly","TRUE","2024-07","2024-11","2024-11-23",\N
"S-620b62","A-d42431","Enterprise","22","4378.00","52536.00","FALSE","TRUE","FALSE","FALSE","annual","FALSE","2024-06","2024-08","2024-08-06",\N
"S-4056f6","A-86cdb4","Pro","2","98.00","1176.00","FALSE","FALSE","FALSE","FALSE","annual","TRUE","2024-10","2024-10","2024-10-06",\N
"S-7a1803","A-443b7c","Enterprise","11","0.00","0.00","TRUE","FALSE","FALSE","FALSE","annual","TRUE","2024-09","2024-10","2024-10-26",\N
"S-ddc51c","A-ad296b","Pro","38","1862.00","22344.00","FALSE","FALSE","FALSE","FALSE","annual","TRUE","2024-07","2024-12","2024-12-09",\N
"S-ba228b","A-a33200","Basic","29","551.00","6612.00","FALSE","FALSE","FALSE","FALSE","monthly","TRUE","2024-09","2024-12","2024-12-20",\N
"S-e3255c","A-600734","Pro","29","1421.00","17052.00","FALSE","FALSE","FALSE","FALSE","monthly","TRUE","2024-01","2024-10","2024-10-08",\N
"S-5619af","A-1d5444","Enterprise","24","4776.00","57312.00","FALSE","FALSE","FALSE","FALSE","monthly","FALSE","2024-03","2024-04","2024-04-23",\N
"S-47048b","A-0f7d77","Basic","7","133.00","1596.00","FALSE","FALSE","FALSE","FALSE","annual","TRUE","2024-11","2024-12","2024-12-31",\N
"S-b60208","A-9174e0","Enterprise","37","0.00","0.00","TRUE","FALSE","FALSE","FALSE","annual","TRUE","2024-12","2024-12","2024-12-06",\N
"S-64d203","A-f17767","Pro","9","441.00","5292.00","FALSE","FALSE","FALSE","FALSE","monthly","TRUE","2023-02","2024-03","2024-03-20",\N
"S-a87ff6","A-4e960a","Basic","12","228.00","2736.00","FALSE","FALSE","FALSE","FALSE","monthly","TRUE","2024-02","2024-12","2024-12-08",\N
"S-0ff481","A-6c093d","Basic","15","285.00","3420.00","FALSE","FALSE","FALSE","FALSE","annual","FALSE","2023-04","2023-04","2023-04-30",\N
"S-bb3c63","A-94d3da","Basic","41","779.00","9348.00","FALSE","FALSE","FALSE","FALSE","monthly","TRUE","2023-06","2023-12","2023-12-01",\N
"S-55aa8a","A-bad8c1","Pro","60","0.00","0.00","TRUE","FALSE","FALSE","FALSE","monthly","TRUE","2023-06","2023-11","2023-11-15",\N
"S-196dc6","A-eb2fdc","Enterprise","47","9353.00","112236.00","FALSE","FALSE","FALSE","FALSE","annual","TRUE","2024-02","2024-05","2024-05-22",\N
"S-afa7a7","A-1b9609","Enterprise","25","0.00","0.00","TRUE","FALSE","FALSE","FALSE","annual","TRUE","2023-12","2024-10","2024-10-03",\N
"S-fcef74","A-ad64c6","Pro","12","588.00","7056.00","FALSE","FALSE","FALSE","FALSE","monthly","TRUE","2024-03","2024-09","2024-09-08",\N
"S-a3129d","A-712426","Enterprise","18","0.00","0.00","TRUE","FALSE","FALSE","FALSE","annual","TRUE","2024-11","2024-12","2024-12-07",\N
"S-8def89","A-cbd1a3","Enterprise","8","1592.00","19104.00","FALSE","FALSE","FALSE","FALSE","annual","TRUE","2024-11","2024-11","2024-11-27",\N
"S-a2cde5","A-463db0","Pro","15","735.00","8820.00","FALSE","FALSE","FALSE","FALSE","annual","FALSE","2024-12","2024-12","2024-12-20",\N
"S-c855b0","A-ac14bb","Enterprise","71","14129.00","169548.00","FALSE","TRUE","FALSE","FALSE","annual","TRUE","2023-09","2024-01","2024-01-16",\N
"S-85ddea","A-cc1d8d","Enterprise","5","995.00","11940.00","FALSE","FALSE","FALSE","FALSE","monthly","TRUE","2024-12","2024-12","2024-12-20",\N
"S-982ee2","A-eb2fdc","Enterprise","31","6169.00","74028.00","FALSE","FALSE","FALSE","FALSE","annual","TRUE","2024-02","2024-11","2024-11-07",\N
"S-6ce11a","A-ac85cd","Basic","53","1007.00","12084.00","FALSE","FALSE","FALSE","FALSE","annual","TRUE","2024-08","2024-12","2024-12-03",\N
"S-d638c7","A-832ec2","Basic","31","589.00","7068.00","FALSE","TRUE","FALSE","FALSE","annual","TRUE","2024-01","2024-07","2024-07-25",\N
"S-f967c2","A-029f69","Basic","7","133.00","1596.00","FALSE","FALSE","FALSE","FALSE","monthly","TRUE","2024-05","2024-12","2024-12-10",\N
"S-196c1e","A-7df7a7","Basic","7","133.00","1596.00","FALSE","FALSE","FALSE","FALSE","annual","TRUE","2023-02","2024-11","2024-11-04",\N
"S-559e85","A-53f4e3","Pro","29","1421.00","17052.00","FALSE","FALSE","FALSE","FALSE","monthly","TRUE","2024-06","2024-12","2024-12-22",\N
"S-af7a2c","A-dcc2f0","Basic","22","418.00","5016.00","FALSE","TRUE","FALSE","FALSE","annual","TRUE","2023-10","2024-11","2024-11-13",\N
"S-e66253","A-d5a319","Enterprise","15","2985.00","35820.00","FALSE","FALSE","FALSE","FALSE","annual","TRUE","2023-06","2024-11","2024-11-19",\N
"S-25f647","A-425e76","Basic","37","703.00","8436.00","FALSE","FALSE","FALSE","FALSE","monthly","TRUE","2023-06","2024-07","2024-07-10",\N
"S-766d8b","A-82861f","Enterprise","41","8159.00","97908.00","FALSE","FALSE","FALSE","TRUE","monthly","TRUE","2024-05","2024-05","2024-05-27","2024-11-15"
"S-39f1ed","A-6dee43","Pro","3","147.00","1764.00","FALSE","FALSE","FALSE","FALSE","monthly","TRUE","2023-10","2024-04","2024-04-27",\N
"S-70c734","A-bd4708","Pro","37","1813.00","21756.00","FALSE","FALSE","FALSE","FALSE","annual","TRUE","2024-07","2024-09","2024-09-05",\N
"S-e44831","A-bb2f49","Pro","28","1372.00","16464.00","FALSE","FALSE","FALSE","FALSE","monthly","FALSE","2023-06","2024-12","2024-12-26",\N
"S-21c164","A-029f69","Basic","34","646.00","7752.00","FALSE","FALSE","FALSE","FALSE","annual","TRUE","2024-05","2024-12","2024-12-31",\N
"S-d83789","A-104f1a","Pro","24","1176.00","14112.00","FALSE","FALSE","FALSE","FALSE","monthly","TRUE","2024-09","2024-12","2024-12-10",\N
"S-dafec3","A-684255","Enterprise","9","1791.00","21492.00","FALSE","FALSE","FALSE","FALSE","annual","FALSE","2024-04","2024-09","2024-09-09",\N
"S-9cd745","A-cab532","Enterprise","11","2189.00","26268.00","FALSE","FALSE","FALSE","FALSE","monthly","TRUE","2023-04","2023-07","2023-07-24",\N
"S-90e2d7","A-8ae3fc","Basic","31","589.00","7068.00","FALSE","FALSE","FALSE","FALSE","annual","TRUE","2024-07","2024-07","2024-07-17",\N
"S-ca72d9","A-bcf664","Basic","55","1045.00","12540.00","FALSE","FALSE","FALSE","FALSE","annual","TRUE","2023-06","2024-01","2024-01-29",\N
"S-e05562","A-075038","Pro","17","833.00","9996.00","FALSE","FALSE","FALSE","FALSE","monthly","TRUE","2023-07","2023-11","2023-11-08",\N
"S-c14073","A-ba6516","Basic","27","513.00","6156.00","FALSE","TRUE","FALSE","FALSE","annual","TRUE","2024-01","2024-01","2024-01-30",\N
"S-01b2dc","A-cc102e","Basic","13","247.00","2964.00","FALSE","TRUE","FALSE","FALSE","annual","TRUE","2024-05","2024-12","2024-12-23",\N
"S-e25e6e","A-5a92e7","Basic","4","76.00","912.00","FALSE","FALSE","FALSE","FALSE","monthly","TRUE","2024-06","2024-12","2024-12-07",\N
"S-47e122","A-271f46","Basic","38","722.00","8664.00","FALSE","FALSE","FALSE","FALSE","monthly","TRUE","2023-03","2023-07","2023-07-01",\N
"S-5856ab","A-3c1a3f","Pro","19","931.00","11172.00","FALSE","FALSE","FALSE","TRUE","annual","TRUE","2023-08","2024-05","2024-05-06","2024-11-25"
"S-edd29b","A-592832","Enterprise","18","3582.00","42984.00","FALSE","FALSE","FALSE","FALSE","annual","TRUE","2024-09","2024-12","2024-12-24",\N
"S-dc77b7","A-cbd1a3","Basic","20","380.00","4560.00","FALSE","FALSE","FALSE","FALSE","annual","TRUE","2024-11","2024-12","2024-12-29",\N
"S-2d0c1f","A-241e75","Pro","46","2254.00","27048.00","FALSE","FALSE","FALSE","FALSE","annual","TRUE","2024-07","2024-07","2024-07-11",\N
"S-ac42e8","A-417d2f","Basic","49","931.00","11172.00","FALSE","FALSE","FALSE","FALSE","monthly","FALSE","2023-07","2024-09","2024-09-08",\N
"S-5c3f50","A-f3ff05","Enterprise","4","796.00","9552.00","FALSE","FALSE","FALSE","FALSE","annual","TRUE","2024-08","2024-09","2024-09-11",\N
"S-84e658","A-922109","Enterprise","3","0.00","0.00","TRUE","FALSE","FALSE","FALSE","monthly","FALSE","2024-03","2024-08","2024-08-18",\N
"S-1dbbc2","A-42b791","Basic","20","380.00","4560.00","FALSE","FALSE","FALSE","FALSE","monthly","FALSE","2024-06","2024-12","2024-12-30",\N
"S-b633be","A-6c093d","Basic","62","0.00","0.00","TRUE","FALSE","FALSE","TRUE","monthly","TRUE","2023-04","2023-09","2023-09-26","2024-07-14"
"S-a1676a","A-bb3bd4","Pro","23","1127.00","13524.00","FALSE","FALSE","FALSE","FALSE","annual","TRUE","2024-04","2024-05","2024-05-06",\N
"S-e958ba","A-417d2f","Pro","13","637.00","7644.00","FALSE","FALSE","FALSE","FALSE","monthly","TRUE","2023-07","2024-03","2024-03-29",\N
"S-86571c","A-d26ab4","Enterprise","33","6567.00","78804.00","FALSE","FALSE","FALSE","FALSE","monthly","TRUE","2024-11","2024-12","2024-12-27",\N
"S-4193dd","A-4e631b","Basic","22","418.00","5016.00","FALSE","FALSE","FALSE","FALSE","monthly","TRUE","2024-03","2024-10","2024-10-13",\N
"S-860bc8","A-42e5e1","Basic","1","19.00","228.00","FALSE","FALSE","FALSE","FALSE","annual","TRUE","2024-07","2024-08","2024-08-29",\N
"S-2e78ce","A-84ebe4","Basic","18","342.00","4104.00","FALSE","FALSE","FALSE","TRUE","monthly","TRUE","2023-05","2024-04","2024-04-15","2024-10-22"
"S-b5a1a0","A-474ad4","Basic","10","190.00","2280.00","FALSE","TRUE","TRUE","FALSE","annual","TRUE","2023-12","2023-12","2023-12-04",\N
"S-480226","A-7f6b86","Basic","45","855.00","10260.00","FALSE","TRUE","FALSE","FALSE","annual","TRUE","2023-08","2024-05","2024-05-21",\N
"S-be828b","A-cbbe12","Pro","40","1960.00","23520.00","FALSE","FALSE","FALSE","FALSE","monthly","TRUE","2023-07","2023-08","2023-08-09",\N
"S-3ffd93","A-cc1d8d","Basic","39","741.00","8892.00","FALSE","FALSE","FALSE","FALSE","monthly","TRUE","2024-12","2024-12","2024-12-23",\N
"S-94d88f","A-ccc747","Pro","16","784.00","9408.00","FALSE","FALSE","FALSE","FALSE","annual","FALSE","2024-05","2024-09","2024-09-11",\N
"S-b27c39","A-484819","Basic","18","342.00","4104.00","FALSE","TRUE","FALSE","TRUE","monthly","TRUE","2023-02","2023-06","2023-06-02","2024-07-03"
"S-d073bb","A-a1bbb6","Enterprise","9","1791.00","21492.00","FALSE","FALSE","FALSE","FALSE","monthly","TRUE","2023-04","2023-08","2023-08-13",\N
"S-afe3b8","A-cc1d8d","Pro","16","784.00","9408.00","FALSE","FALSE","FALSE","FALSE","monthly","TRUE","2024-12","2024-12","2024-12-10",\N
"S-bbd8b5","A-54ecc2","Basic","4","76.00","912.00","FALSE","FALSE","FALSE","FALSE","annual","TRUE","2023-08","2023-11","2023-11-26",\N
"S-6d10f7","A-7641d3","Pro","16","784.00","9408.00","FALSE","FALSE","FALSE","FALSE","monthly","TRUE","2023-04","2024-11","2024-11-17",\N
"S-491d53","A-3cc791","Pro","12","588.00","7056.00","FALSE","FALSE","FALSE","FALSE","monthly","TRUE","2024-01","2024-05","2024-05-23",\N
"S-cfedb3","A-54d94a","Basic","27","513.00","6156.00","FALSE","FALSE","FALSE","FALSE","annual","TRUE","2023-11","2024-07","2024-07-16",\N
"S-62a617","A-2d1036","Basic","69","1311.00","15732.00","FALSE","FALSE","FALSE","TRUE","annual","FALSE","2024-07","2024-09","2024-09-23","2024-10-17"
"S-0b3f0c","A-3be56b","Enterprise","3","0.00","0.00","TRUE","FALSE","FALSE","FALSE","monthly","TRUE","2023-11","2024-06","2024-06-12",\N
"S-e5909f","A-b44e3e","Pro","40","1960.00","23520.00","FALSE","TRUE","FALSE","FALSE","annual","TRUE","2024-02","2024-04","2024-04-17",\N
"S-53ff75","A-acb7f7","Basic","32","608.00","7296.00","FALSE","FALSE","TRUE","FALSE","monthly","TRUE","2024-01","2024-11","2024-11-26",\N
"S-4a724b","A-00bed1","Pro","28","1372.00","16464.00","FALSE","FALSE","FALSE","FALSE","annual","TRUE","2023-11","2024-08","2024-08-06",\N
"S-ce90ba","A-812c5b","Pro","55","0.00","0.00","TRUE","FALSE","FALSE","FALSE","monthly","TRUE","2024-04","2024-04","2024-04-03",\N
"S-672dd6","A-05d3b3","Enterprise","16","3184.00","38208.00","FALSE","FALSE","FALSE","FALSE","monthly","TRUE","2023-07","2023-08","2023-08-03",\N
"S-78172b","A-f9cc74","Enterprise","30","5970.00","71640.00","FALSE","FALSE","FALSE","FALSE","monthly","TRUE","2024-10","2024-10","2024-10-30",\N
"S-ea9f08","A-b9eed8","Pro","13","637.00","7644.00","FALSE","FALSE","TRUE","FALSE","annual","TRUE","2024-03","2024-07","2024-07-14",\N
"S-5aa854","A-328bd0","Pro","18","882.00","10584.00","FALSE","FALSE","FALSE","FALSE","annual","TRUE","2023-08","2024-04","2024-04-29",\N
"S-e81358","A-d77f4c","Pro","29","1421.00","17052.00","FALSE","FALSE","FALSE","FALSE","annual","TRUE","2023-10","2024-02","2024-02-29",\N
"S-e95f57","A-1986ca","Enterprise","20","3980.00","47760.00","FALSE","FALSE","FALSE","FALSE","monthly","FALSE","2023-07","2024-09","2024-09-24",\N
"S-0027d3","A-e693b6","Basic","55","1045.00","12540.00","FALSE","FALSE","FALSE","FALSE","annual","TRUE","2023-08","2024-05","2024-05-04",\N
"S-3ce79c","A-781cc0","Enterprise","22","4378.00","52536.00","FALSE","FALSE","FALSE","FALSE","monthly","FALSE","2024-09","2024-10","2024-10-17",\N
"S-6e81f5","A-bece89","Pro","38","1862.00","22344.00","FALSE","FALSE","FALSE","FALSE","annual","TRUE","2024-01","2024-10","2024-10-18",\N
"S-775a4f","A-7c83a1","Enterprise","19","3781.00","45372.00","FALSE","FALSE","FALSE","FALSE","monthly","TRUE","2024-05","2024-07","2024-07-18",\N
"S-f4e6c0","A-2f6a32","Basic","19","0.00","0.00","TRUE","FALSE","FALSE","FALSE","monthly","TRUE","2024-09","2024-11","2024-11-16",\N
"S-089366","A-e60f9d","Basic","29","551.00","6612.00","FALSE","FALSE","FALSE","FALSE","annual","TRUE","2024-09","2024-11","2024-11-12",\N
"S-a19f87","A-bb1486","Pro","41","2009.00","24108.00","FALSE","FALSE","FALSE","FALSE","annual","TRUE","2024-11","2024-12","2024-12-18",\N
"S-2de283","A-117171","Pro","45","0.00","0.00","TRUE","FALSE","FALSE","FALSE","monthly","TRUE","2024-10","2024-11","2024-11-27",\N
"S-f497df","A-751c58","Basic","71","1349.00","16188.00","FALSE","FALSE","FALSE","FALSE","annual","TRUE","2024-07","2024-12","2024-12-21",\N
"S-c8a4ff","A-fabe19","Enterprise","23","4577.00","54924.00","FALSE","FALSE","FALSE","TRUE","annual","FALSE","2024-11","2024-12","2024-12-24","2024-12-29"
"S-294d8b","A-9289f6","Enterprise","17","3383.00","40596.00","FALSE","FALSE","FALSE","FALSE","monthly","TRUE","2023-07","2024-09","2024-09-15",\N
"S-a3927a","A-378b99","Enterprise","8","1592.00","19104.00","FALSE","FALSE","FALSE","TRUE","annual","TRUE","2024-09","2024-12","2024-12-02","2024-12-30"
"S-2cf162","A-a8d89d","Basic","13","247.00","2964.00","FALSE","FALSE","FALSE","FALSE","annual","TRUE","2023-12","2024-04","2024-04-12",\N
"S-7be036","A-3a7284","Pro","31","1519.00","18228.00","FALSE","TRUE","FALSE","FALSE","annual","TRUE","2024-11","2024-12","2024-12-28",\N
"S-1facfc","A-7df7a7","Pro","7","343.00","4116.00","FALSE","FALSE","FALSE","FALSE","annual","TRUE","2023-02","2024-03","2024-03-04",\N
"S-ccdc31","A-970c97","Pro","19","931.00","11172.00","FALSE","FALSE","FALSE","FALSE","annual","TRUE","2024-03","2024-12","2024-12-16",\N
"S-d3efa2","A-a1bbb6","Enterprise","11","2189.00","26268.00","FALSE","FALSE","FALSE","FALSE","monthly","TRUE","2023-04","2023-12","2023-12-21",\N
"S-dcc1a5","A-029f69","Pro","26","1274.00","15288.00","FALSE","FALSE","FALSE","FALSE","annual","FALSE","2024-05","2024-05","2024-05-09",\N
"S-0d2fb8","A-43a9e3","Basic","22","418.00","5016.00","FALSE","FALSE","FALSE","FALSE","annual","FALSE","2023-09","2023-09","2023-09-20",\N
"S-0fcf7d","A-e08cd3","Pro","67","3283.00","39396.00","FALSE","FALSE","FALSE","FALSE","annual","FALSE","2024-09","2024-11","2024-11-23",\N
"S-e76552","A-474ad4","Pro","8","392.00","4704.00","FALSE","FALSE","FALSE","FALSE","monthly","FALSE","2023-12","2024-09","2024-09-13",\N
"S-c14566","A-313be3","Pro","47","2303.00","27636.00","FALSE","FALSE","FALSE","FALSE","annual","TRUE","2023-11","2023-12","2023-12-11",\N
"S-a2fb62","A-443f6f","Pro","19","931.00","11172.00","FALSE","FALSE","FALSE","FALSE","annual","TRUE","2024-12","2024-12","2024-12-10",\N
"S-bd1912","A-0cc442","Basic","97","1843.00","22116.00","FALSE","FALSE","FALSE","TRUE","monthly","TRUE","2024-07","2024-10","2024-10-06","2024-10-23"
"S-d5605e","A-e351e1","Basic","33","0.00","0.00","TRUE","FALSE","FALSE","FALSE","monthly","FALSE","2024-09","2024-11","2024-11-11",\N
"S-b9c635","A-87aa7b","Pro","24","1176.00","14112.00","FALSE","FALSE","TRUE","FALSE","monthly","TRUE","2024-05","2024-06","2024-06-02",\N
"S-f2dd76","A-443b7c","Pro","39","0.00","0.00","TRUE","FALSE","FALSE","TRUE","monthly","FALSE","2024-09","2024-11","2024-11-13","2024-11-21"
"S-e7de53","A-4a4c2d","Basic","54","1026.00","12312.00","FALSE","FALSE","FALSE","FALSE","monthly","TRUE","2023-07","2024-07","2024-07-08",\N
"S-8ed780","A-bc87bc","Basic","13","247.00","2964.00","FALSE","FALSE","FALSE","FALSE","monthly","TRUE","2024-09","2024-12","2024-12-09",\N
"S-6a017c","A-6f8ad2","Enterprise","5","995.00","11940.00","FALSE","FALSE","FALSE","FALSE","annual","FALSE","2024-07","2024-10","2024-10-03",\N
"S-f2e134","A-4f18f0","Basic","25","475.00","5700.00","FALSE","FALSE","FALSE","TRUE","monthly","TRUE","2024-04","2024-08","2024-08-09","2024-10-07"
"S-9fbdfb","A-e4144b","Enterprise","79","0.00","0.00","TRUE","TRUE","FALSE","FALSE","annual","TRUE","2024-11","2024-11","2024-11-25",\N
"S-2416eb","A-cd458b","Basic","10","190.00","2280.00","FALSE","FALSE","FALSE","FALSE","monthly","TRUE","2024-07","2024-08","2024-08-14",\N
"S-20812a","A-5a3eb9","Pro","69","3381.00","40572.00","FALSE","FALSE","FALSE","FALSE","monthly","TRUE","2023-09","2024-06","2024-06-14",\N
"S-e88276","A-66224b","Basic","92","1748.00","20976.00","FALSE","FALSE","FALSE","FALSE","monthly","TRUE","2024-10","2024-12","2024-12-06",\N
"S-51cb35","A-18793f","Basic","148","2812.00","33744.00","FALSE","FALSE","FALSE","TRUE","annual","TRUE","2024-12","2024-12","2024-12-20","2024-12-29"
"S-53e028","A-fdfc91","Basic","111","2109.00","25308.00","FALSE","FALSE","FALSE","FALSE","monthly","TRUE","2023-07","2024-09","2024-09-14",\N
"S-f64908","A-1ac5e0","Basic","33","0.00","0.00","TRUE","FALSE","FALSE","FALSE","monthly","FALSE","2024-10","2024-12","2024-12-11",\N
"S-a0c741","A-40906c","Basic","92","1748.00","20976.00","FALSE","FALSE","FALSE","FALSE","monthly","FALSE","2024-05","2024-06","2024-06-19",\N
"S-65d722","A-df10db","Basic","2","38.00","456.00","FALSE","FALSE","FALSE","FALSE","monthly","TRUE","2023-08","2023-09","2023-09-23",\N
"S-5b9bb9","A-bc4d48","Pro","35","1715.00","20580.00","FALSE","FALSE","FALSE","FALSE","annual","FALSE","2024-06","2024-08","2024-08-29",\N
"S-84c44b","A-9bfc9f","Basic","53","1007.00","12084.00","FALSE","TRUE","FALSE","FALSE","monthly","TRUE","2023-09","2024-01","2024-01-01",\N
"S-0fb7bb","A-87aa7b","Pro","24","1176.00","14112.00","FALSE","FALSE","TRUE","FALSE","annual","FALSE","2024-05","2024-06","2024-06-05",\N
"S-cdc644","A-76fa4d","Enterprise","69","13731.00","164772.00","FALSE","FALSE","FALSE","TRUE","annual","TRUE","2024-11","2024-12","2024-12-03","2024-12-31"
"S-c57c91","A-39ddf4","Pro","40","1960.00","23520.00","FALSE","FALSE","FALSE","FALSE","monthly","TRUE","2024-12","2024-12","2024-12-24",\N
"S-2d7947","A-4e960a","Basic","12","228.00","2736.00","FALSE","FALSE","FALSE","FALSE","annual","TRUE","2024-02","2024-06","2024-06-04",\N
"S-b81200","A-7c6b6b","Pro","6","294.00","3528.00","FALSE","FALSE","FALSE","FALSE","monthly","TRUE","2024-12","2024-12","2024-12-21",\N
"S-8ea942","A-0651a4","Enterprise","36","0.00","0.00","TRUE","FALSE","FALSE","FALSE","annual","TRUE","2024-10","2024-12","2024-12-19",\N
"S-0146f6","A-7641d3","Enterprise","13","2587.00","31044.00","FALSE","FALSE","FALSE","FALSE","monthly","TRUE","2023-04","2024-05","2024-05-13",\N
"S-8b0950","A-dfbd31","Enterprise","14","2786.00","33432.00","FALSE","FALSE","FALSE","FALSE","monthly","FALSE","2023-12","2024-02","2024-02-15",\N
"S-5bbb5b","A-ffc04f","Enterprise","15","2985.00","35820.00","FALSE","FALSE","TRUE","FALSE","annual","TRUE","2024-06","2024-12","2024-12-01",\N
"S-ecefa1","A-40a557","Basic","25","475.00","5700.00","FALSE","FALSE","FALSE","FALSE","monthly","TRUE","2024-01","2024-06","2024-06-26",\N
"S-1526b7","A-2f6a32","Pro","19","931.00","11172.00","FALSE","TRUE","FALSE","FALSE","annual","TRUE","2024-09","2024-11","2024-11-24",\N
"S-55d484","A-52dd88","Basic","23","0.00","0.00","TRUE","FALSE","FALSE","FALSE","annual","TRUE","2023-03","2023-12","2023-12-15",\N
"S-94471b","A-ffc04f","Basic","13","247.00","2964.00","FALSE","FALSE","FALSE","FALSE","monthly","FALSE","2024-06","2024-10","2024-10-04",\N
"S-eb4b0a","A-acb7f7","Basic","32","608.00","7296.00","FALSE","FALSE","FALSE","FALSE","annual","TRUE","2024-01","2024-12","2024-12-28",\N
"S-f7a5b9","A-ffdfd5","Pro","11","539.00","6468.00","FALSE","FALSE","FALSE","FALSE","annual","TRUE","2024-04","2024-04","2024-04-24",\N
"S-410fd5","A-a1b80b","Basic","19","361.00","4332.00","FALSE","FALSE","FALSE","FALSE","annual","TRUE","2024-03","2024-06","2024-06-09",\N
"S-32ab86","A-7c6b6b","Pro","23","1127.00","13524.00","FALSE","FALSE","FALSE","FALSE","monthly","TRUE","2024-12","2024-12","2024-12-28",\N
"S-9e8b22","A-7c6b6b","Pro","6","294.00","3528.00","FALSE","FALSE","FALSE","TRUE","annual","TRUE","2024-12","2024-12","2024-12-16","2024-12-23"
"S-bf4ec8","A-7a0d69","Pro","15","735.00","8820.00","FALSE","FALSE","FALSE","FALSE","monthly","TRUE","2024-07","2024-08","2024-08-20",\N
"S-a25d8b","A-40a557","Enterprise","55","10945.00","131340.00","FALSE","FALSE","FALSE","FALSE","monthly","TRUE","2024-01","2024-03","2024-03-24",\N
"S-37f480","A-87aa7b","Pro","27","1323.00","15876.00","FALSE","FALSE","FALSE","FALSE","annual","FALSE","2024-05","2024-05","2024-05-25",\N
"S-c27e9c","A-9f2731","Basic","38","722.00","8664.00","FALSE","FALSE","FALSE","FALSE","monthly","TRUE","2024-10","2024-11","2024-11-02",\N
"S-a76521","A-eb7c38","Basic","33","627.00","7524.00","FALSE","FALSE","FALSE","FALSE","annual","TRUE","2024-04","2024-12","2024-12-04",\N
"S-0ab9fb","A-05f0e5","Pro","65","3185.00","38220.00","FALSE","FALSE","FALSE","FALSE","annual","TRUE","2023-06","2024-10","2024-10-22",\N
"S-afc43d","A-02cd81","Basic","44","836.00","10032.00","FALSE","FALSE","FALSE","FALSE","annual","FALSE","2024-03","2024-08","2024-08-25",\N
"S-b6e44c","A-019782","Basic","11","209.00","2508.00","FALSE","FALSE","FALSE","FALSE","annual","FALSE","2023-06","2023-10","2023-10-26",\N
"S-6a8046","A-f97b9a","Enterprise","19","3781.00","45372.00","FALSE","FALSE","FALSE","FALSE","monthly","TRUE","2023-09","2023-12","2023-12-26",\N
"S-a3cbd4","A-42e5e1","Enterprise","20","3980.00","47760.00","FALSE","FALSE","FALSE","TRUE","monthly","TRUE","2024-07","2024-08","2024-08-01","2024-08-14"
"S-f74e00","A-8ae05d","Pro","86","4214.00","50568.00","FALSE","FALSE","FALSE","FALSE","monthly","TRUE","2024-06","2024-12","2024-12-02",\N
"S-c2eeba","A-65aeb5","Basic","9","171.00","2052.00","FALSE","FALSE","FALSE","FALSE","monthly","FALSE","2024-02","2024-02","2024-02-02",\N
"S-371662","A-bad8c1","Pro","54","2646.00","31752.00","FALSE","FALSE","FALSE","FALSE","monthly","TRUE","2023-06","2023-06","2023-06-12",\N
"S-8ebe58","A-cea1f0","Pro","8","0.00","0.00","TRUE","FALSE","FALSE","FALSE","annual","TRUE","2024-06","2024-06","2024-06-09",\N
"S-6102fe","A-cb5333","Basic","33","0.00","0.00","TRUE","FALSE","FALSE","FALSE","monthly","FALSE","2024-04","2024-06","2024-06-25",\N
"S-6676fa","A-7df7a7","Pro","7","343.00","4116.00","FALSE","FALSE","TRUE","FALSE","monthly","TRUE","2023-02","2023-02","2023-02-05",\N
"S-2b550a","A-c7ffc2","Enterprise","30","5970.00","71640.00","FALSE","TRUE","FALSE","FALSE","monthly","TRUE","2023-05","2023-11","2023-11-01",\N
"S-c48d0d","A-3ce5b8","Basic","37","703.00","8436.00","FALSE","FALSE","FALSE","FALSE","annual","TRUE","2023-12","2024-05","2024-05-22",\N
"S-7fca0e","A-5b4ebb","Basic","52","988.00","11856.00","FALSE","FALSE","FALSE","FALSE","annual","TRUE","2024-07","2024-08","2024-08-21",\N
"S-5d343c","A-9208f0","Basic","25","475.00","5700.00","FALSE","FALSE","FALSE","FALSE","annual","TRUE","2023-05","2023-09","2023-09-23",\N
"S-76b176","A-6da850","Pro","8","392.00","4704.00","FALSE","FALSE","FALSE","TRUE","monthly","FALSE","2023-10","2024-11","2024-11-10","2024-12-09"
"S-e746d2","A-977ca0","Enterprise","91","18109.00","217308.00","FALSE","FALSE","FALSE","FALSE","monthly","TRUE","2023-02","2023-08","2023-08-18",\N
"S-7b896c","A-ffdfd5","Basic","30","570.00","6840.00","FALSE","FALSE","FALSE","FALSE","monthly","TRUE","2024-04","2024-08","2024-08-18",\N
"S-c9a968","A-bad8c1","Basic","8","152.00","1824.00","FALSE","FALSE","FALSE","FALSE","monthly","TRUE","2023-06","2024-03","2024-03-21",\N
"S-f4b648","A-8ae05d","Enterprise","86","17114.00","205368.00","FALSE","FALSE","FALSE","TRUE","annual","TRUE","2024-06","2024-11","2024-11-27","2024-12-28"
"S-f4a3ac","A-1f7acb","Enterprise","64","12736.00","152832.00","FALSE","FALSE","FALSE","FALSE","annual","TRUE","2023-09","2024-09","2024-09-22",\N
"S-42671b","A-118f1c","Enterprise","32","6368.00","76416.00","FALSE","FALSE","FALSE","FALSE","annual","TRUE","2024-10","2024-12","2024-12-11",\N
"S-88cc86","A-80eeb6","Enterprise","22","4378.00","52536.00","FALSE","FALSE","FALSE","TRUE","annual","TRUE","2023-07","2024-12","2024-12-20","2024-12-31"
"S-02b754","A-3b37d9","Enterprise","23","4577.00","54924.00","FALSE","FALSE","FALSE","FALSE","annual","FALSE","2023-04","2023-10","2023-10-11",\N
"S-7826c1","A-157070","Pro","18","882.00","10584.00","FALSE","FALSE","FALSE","FALSE","monthly","TRUE","2023-12","2024-07","2024-07-23",\N
"S-45c2cf","A-7920cc","Basic","39","741.00","8892.00","FALSE","FALSE","FALSE","FALSE","monthly","TRUE","2023-11","2023-12","2023-12-11",\N
"S-df819a","A-ffc04f","Pro","20","980.00","11760.00","FALSE","FALSE","FALSE","FALSE","monthly","FALSE","2024-06","2024-09","2024-09-08",\N
"S-983266","A-dcc2f0","Pro","15","735.00","8820.00","FALSE","FALSE","FALSE","TRUE","annual","TRUE","2023-10","2024-09","2024-09-16","2024-11-03"
"S-16dfaf","A-8e47ca","Pro","19","931.00","11172.00","FALSE","FALSE","FALSE","FALSE","annual","TRUE","2024-02","2024-02","2024-02-27",\N
"S-f77847","A-186a44","Basic","20","380.00","4560.00","FALSE","FALSE","TRUE","FALSE","annual","TRUE","2023-08","2023-08","2023-08-23",\N
"S-1053c9","A-69b156","Basic","14","266.00","3192.00","FALSE","FALSE","FALSE","FALSE","annual","TRUE","2023-12","2024-10","2024-10-12",\N
"S-8eae4e","A-db5e9e","Enterprise","16","3184.00","38208.00","FALSE","FALSE","FALSE","FALSE","monthly","TRUE","2024-11","2024-12","2024-12-16",\N
"S-bf39f7","A-3793ee","Pro","49","2401.00","28812.00","FALSE","FALSE","FALSE","FALSE","monthly","TRUE","2023-11","2024-01","2024-01-24",\N
"S-a4142f","A-a8b49c","Basic","7","133.00","1596.00","FALSE","FALSE","FALSE","FALSE","annual","TRUE","2023-10","2023-10","2023-10-14",\N
"S-e6dee4","A-029f69","Pro","3","147.00","1764.00","FALSE","FALSE","FALSE","FALSE","annual","TRUE","2024-05","2024-11","2024-11-11",\N
"S-b76ba6","A-d4ac0e","Pro","18","882.00","10584.00","FALSE","FALSE","FALSE","FALSE","monthly","TRUE","2024-05","2024-12","2024-12-14",\N
"S-5a94f7","A-328bd0","Pro","33","1617.00","19404.00","FALSE","FALSE","FALSE","FALSE","monthly","TRUE","2023-08","2023-09","2023-09-26",\N
"S-61afee","A-7df7a7","Enterprise","45","8955.00","107460.00","FALSE","FALSE","FALSE","FALSE","monthly","FALSE","2023-02","2023-06","2023-06-26",\N
"S-2a73e2","A-10b8f2","Basic","47","893.00","10716.00","FALSE","FALSE","FALSE","FALSE","annual","FALSE","2023-02","2024-01","2024-01-29",\N
"S-e0075b","A-b3fe05","Enterprise","17","3383.00","40596.00","FALSE","FALSE","FALSE","FALSE","annual","TRUE","2024-06","2024-09","2024-09-03",\N
"S-5bbb53","A-1b7577","Pro","4","196.00","2352.00","FALSE","FALSE","FALSE","FALSE","annual","TRUE","2024-10","2024-12","2024-12-03",\N
"S-65731a","A-684255","Basic","9","0.00","0.00","TRUE","FALSE","TRUE","TRUE","annual","TRUE","2024-04","2024-12","2024-12-15","2024-12-26"
"S-2d5c04","A-503d5a","Enterprise","5","995.00","11940.00","FALSE","FALSE","FALSE","FALSE","monthly","TRUE","2023-10","2024-03","2024-03-27",\N
"S-34253c","A-1b9609","Basic","18","342.00","4104.00","FALSE","FALSE","FALSE","FALSE","annual","FALSE","2023-12","2023-12","2023-12-02",\N
"S-d18856","A-396e5f","Enterprise","6","1194.00","14328.00","FALSE","FALSE","FALSE","FALSE","monthly","TRUE","2024-10","2024-10","2024-10-05",\N
"S-e6b450","A-eb1312","Pro","25","1225.00","14700.00","FALSE","FALSE","FALSE","FALSE","monthly","TRUE","2024-09","2024-11","2024-11-21",\N
"S-0d8cfd","A-4ae22a","Pro","6","294.00","3528.00","FALSE","FALSE","FALSE","FALSE","annual","TRUE","2024-05","2024-08","2024-08-20",\N
"S-86e45a","A-56962b","Pro","163","7987.00","95844.00","FALSE","FALSE","FALSE","FALSE","annual","TRUE","2024-05","2024-09","2024-09-23",\N
"S-dcae52","A-00cac8","Enterprise","20","3980.00","47760.00","FALSE","FALSE","FALSE","FALSE","monthly","TRUE","2023-09","2024-10","2024-10-29",\N
"S-17bbdd","A-bcbe98","Pro","46","2254.00","27048.00","FALSE","FALSE","FALSE","FALSE","annual","TRUE","2024-07","2024-11","2024-11-18",\N
"S-f24690","A-756192","Basic","19","361.00","4332.00","FALSE","FALSE","FALSE","FALSE","monthly","TRUE","2023-09","2024-11","2024-11-18",\N
"S-9a3e85","A-8ae3fc","Pro","21","1029.00","12348.00","FALSE","FALSE","FALSE","FALSE","annual","TRUE","2024-07","2024-08","2024-08-06",\N
"S-1c2a4a","A-b7b7b7","Pro","24","1176.00","14112.00","FALSE","FALSE","FALSE","FALSE","annual","TRUE","2024-07","2024-12","2024-12-29",\N
"S-c37ee1","A-9174e0","Basic","60","1140.00","13680.00","FALSE","FALSE","FALSE","FALSE","monthly","TRUE","2024-12","2024-12","2024-12-08",\N
"S-4ebd94","A-c62e55","Pro","24","1176.00","14112.00","FALSE","FALSE","FALSE","FALSE","annual","TRUE","2023-11","2024-03","2024-03-07",\N
"S-61797c","A-ad296b","Basic","38","722.00","8664.00","FALSE","FALSE","FALSE","FALSE","annual","TRUE","2024-07","2024-07","2024-07-25",\N
"S-f8d0a2","A-a0ca4e","Basic","11","209.00","2508.00","FALSE","FALSE","FALSE","FALSE","annual","FALSE","2024-03","2024-05","2024-05-15",\N
"S-d0eeb2","A-fce879","Pro","45","0.00","0.00","TRUE","FALSE","TRUE","FALSE","monthly","TRUE","2024-09","2024-10","2024-10-18",\N
"S-10fc7d","A-cab532","Enterprise","11","2189.00","26268.00","FALSE","TRUE","FALSE","FALSE","annual","TRUE","2023-04","2024-10","2024-10-14",\N
"S-c249fb","A-cc98bc","Basic","32","608.00","7296.00","FALSE","FALSE","FALSE","FALSE","monthly","TRUE","2023-05","2023-12","2023-12-25",\N
"S-c86492","A-c43359","Pro","38","1862.00","22344.00","FALSE","FALSE","FALSE","FALSE","annual","TRUE","2024-11","2024-11","2024-11-18",\N
"S-1be7c5","A-80eeb6","Basic","34","646.00","7752.00","FALSE","FALSE","FALSE","TRUE","monthly","TRUE","2023-07","2023-07","2023-07-15","2024-11-05"
"S-86bcda","A-4a4c2d","Basic","54","1026.00","12312.00","FALSE","TRUE","FALSE","FALSE","monthly","FALSE","2023-07","2024-09","2024-09-18",\N
"S-ee956d","A-96bbc6","Pro","39","1911.00","22932.00","FALSE","FALSE","FALSE","FALSE","annual","TRUE","2024-05","2024-09","2024-09-01",\N
"S-404132","A-39ddf4","Pro","40","1960.00","23520.00","FALSE","FALSE","FALSE","TRUE","annual","TRUE","2024-12","2024-12","2024-12-20","2024-12-29"
"S-4d5ab5","A-df1e44","Enterprise","12","2388.00","28656.00","FALSE","FALSE","FALSE","FALSE","monthly","FALSE","2024-03","2024-08","2024-08-08",\N
"S-e5d9a4","A-09316c","Enterprise","70","13930.00","167160.00","FALSE","TRUE","FALSE","FALSE","annual","TRUE","2024-09","2024-12","2024-12-07",\N
"S-3684d3","A-7920cc","Basic","39","741.00","8892.00","FALSE","FALSE","FALSE","FALSE","monthly","TRUE","2023-11","2024-09","2024-09-22",\N
"S-cce4fc","A-659280","Pro","13","637.00","7644.00","FALSE","FALSE","FALSE","FALSE","annual","TRUE","2023-11","2023-11","2023-11-28",\N
"S-3cae45","A-c16101","Enterprise","7","1393.00","16716.00","FALSE","FALSE","FALSE","FALSE","annual","TRUE","2024-09","2024-10","2024-10-18",\N
"S-82b11e","A-0651a4","Basic","21","399.00","4788.00","FALSE","FALSE","FALSE","FALSE","annual","TRUE","2024-10","2024-12","2024-12-06",\N
"S-23d18f","A-ad3abd","Basic","44","0.00","0.00","TRUE","FALSE","FALSE","TRUE","monthly","TRUE","2023-03","2023-11","2023-11-21","2024-02-04"
"S-652885","A-59f724","Basic","18","342.00","4104.00","FALSE","FALSE","FALSE","FALSE","monthly","TRUE","2024-01","2024-12","2024-12-08",\N
"S-2e7b85","A-328bd0","Basic","18","342.00","4104.00","FALSE","FALSE","FALSE","FALSE","annual","TRUE","2023-08","2023-10","2023-10-19",\N
"S-48c5be","A-fa2041","Pro","39","0.00","0.00","TRUE","FALSE","FALSE","FALSE","annual","TRUE","2024-06","2024-12","2024-12-05",\N
"S-277111","A-625d0b","Pro","9","441.00","5292.00","FALSE","FALSE","FALSE","FALSE","monthly","TRUE","2024-09","2024-10","2024-10-14",\N
"S-505f35","A-5a184f","Enterprise","22","4378.00","52536.00","FALSE","FALSE","FALSE","FALSE","annual","TRUE","2023-08","2023-12","2023-12-02",\N
"S-70b655","A-ac85cd","Pro","53","2597.00","31164.00","FALSE","FALSE","FALSE","FALSE","monthly","FALSE","2024-08","2024-08","2024-08-16",\N
"S-4ac0bb","A-7c6b6b","Pro","28","1372.00","16464.00","FALSE","FALSE","FALSE","FALSE","monthly","FALSE","2024-12","2024-12","2024-12-25",\N
"S-4ea564","A-de58ca","Basic","15","285.00","3420.00","FALSE","FALSE","FALSE","FALSE","annual","TRUE","2023-04","2024-08","2024-08-09",\N
"S-1a9c5c","A-c58f49","Basic","70","0.00","0.00","TRUE","FALSE","FALSE","FALSE","annual","TRUE","2024-08","2024-11","2024-11-02",\N
"S-23dab0","A-65aeb5","Pro","9","441.00","5292.00","FALSE","FALSE","FALSE","FALSE","annual","TRUE","2024-02","2024-09","2024-09-30",\N
"S-d396d1","A-2edab2","Pro","17","833.00","9996.00","FALSE","FALSE","FALSE","TRUE","monthly","TRUE","2023-11","2024-03","2024-03-05","2024-10-11"
"S-f1826f","A-4c6f11","Enterprise","24","4776.00","57312.00","FALSE","FALSE","FALSE","FALSE","monthly","TRUE","2024-03","2024-03","2024-03-30",\N
"S-1c3a42","A-f45426","Enterprise","20","3980.00","47760.00","FALSE","FALSE","FALSE","FALSE","annual","TRUE","2024-08","2024-09","2024-09-14",\N
"S-27c00d","A-a6d261","Basic","48","912.00","10944.00","FALSE","FALSE","FALSE","FALSE","monthly","TRUE","2023-12","2024-06","2024-06-08",\N
"S-2e4018","A-7f8241","Enterprise","34","6766.00","81192.00","FALSE","TRUE","FALSE","FALSE","monthly","TRUE","2023-03","2023-06","2023-06-06",\N
"S-4da459","A-02cd81","Pro","44","2156.00","25872.00","FALSE","FALSE","FALSE","FALSE","annual","TRUE","2024-03","2024-12","2024-12-29",\N
"S-5879cf","A-a09355","Enterprise","30","5970.00","71640.00","FALSE","FALSE","FALSE","FALSE","monthly","TRUE","2024-08","2024-09","2024-09-02",\N
"S-2e965d","A-00cac8","Pro","8","392.00","4704.00","FALSE","FALSE","FALSE","FALSE","monthly","TRUE","2023-09","2023-09","2023-09-16",\N
"S-e0f238","A-463db0","Pro","35","1715.00","20580.00","FALSE","FALSE","FALSE","FALSE","annual","TRUE","2024-12","2024-12","2024-12-09",\N
"S-752e61","A-e3bd71","Enterprise","31","6169.00","74028.00","FALSE","FALSE","FALSE","FALSE","monthly","TRUE","2023-04","2024-03","2024-03-24",\N
"S-1a3d9c","A-684255","Pro","11","539.00","6468.00","FALSE","FALSE","FALSE","FALSE","annual","FALSE","2024-04","2024-07","2024-07-07",\N
"S-525d6b","A-94f8c9","Enterprise","13","0.00","0.00","TRUE","FALSE","FALSE","TRUE","monthly","TRUE","2024-04","2024-04","2024-04-17","2024-05-29"
"S-a45a12","A-dcc3f1","Basic","21","399.00","4788.00","FALSE","FALSE","FALSE","FALSE","monthly","TRUE","2023-12","2023-12","2023-12-27",\N
"S-975ee4","A-a09355","Pro","14","686.00","8232.00","FALSE","FALSE","FALSE","TRUE","annual","FALSE","2024-08","2024-11","2024-11-18","2024-11-24"
"S-50c6f5","A-a6d261","Enterprise","103","20497.00","245964.00","FALSE","FALSE","FALSE","TRUE","monthly","TRUE","2023-12","2024-04","2024-04-26","2024-11-26"
"S-150c8e","A-58b9ff","Pro","33","1617.00","19404.00","FALSE","FALSE","FALSE","FALSE","monthly","TRUE","2024-06","2024-11","2024-11-03",\N
"S-da2f0b","A-8145a0","Enterprise","12","2388.00","28656.00","FALSE","TRUE","FALSE","FALSE","annual","TRUE","2023-08","2024-08","2024-08-10",\N
"S-2bc860","A-98a59a","Pro","56","2744.00","32928.00","FALSE","TRUE","FALSE","FALSE","monthly","FALSE","2023-09","2023-11","2023-11-10",\N
"S-da9d5f","A-a33200","Basic","29","551.00","6612.00","FALSE","FALSE","FALSE","FALSE","annual","TRUE","2024-09","2024-10","2024-10-21",\N
"S-c7f2e5","A-34ea2f","Enterprise","21","4179.00","50148.00","FALSE","FALSE","FALSE","TRUE","annual","TRUE","2024-09","2024-11","2024-11-09","2024-11-19"
"S-eef92e","A-fdfc91","Pro","66","3234.00","38808.00","FALSE","FALSE","FALSE","FALSE","annual","TRUE","2023-07","2024-08","2024-08-11",\N
"S-3947da","A-37f969","Enterprise","30","5970.00","71640.00","FALSE","TRUE","FALSE","FALSE","annual","TRUE","2023-10","2024-09","2024-09-12",\N
"S-51590f","A-249769","Basic","9","171.00","2052.00","FALSE","FALSE","FALSE","FALSE","annual","TRUE","2024-06","2024-11","2024-11-17",\N
"S-383ac2","A-09316c","Basic","70","0.00","0.00","TRUE","FALSE","FALSE","FALSE","monthly","FALSE","2024-09","2024-10","2024-10-22",\N
"S-44e3ac","A-81edc3","Enterprise","5","995.00","11940.00","FALSE","FALSE","FALSE","FALSE","monthly","TRUE","2023-11","2024-01","2024-01-14",\N
"S-ebe172","A-c4ea60","Basic","18","342.00","4104.00","FALSE","FALSE","FALSE","FALSE","monthly","TRUE","2023-04","2023-05","2023-05-29",\N
"S-a4139f","A-c45b23","Pro","5","245.00","2940.00","FALSE","FALSE","FALSE","FALSE","monthly","TRUE","2023-12","2024-02","2024-02-01",\N
"S-32d874","A-02cd81","Pro","44","2156.00","25872.00","FALSE","FALSE","FALSE","FALSE","annual","FALSE","2024-03","2024-05","2024-05-04",\N
"S-4e63e7","A-a33200","Enterprise","29","5771.00","69252.00","FALSE","FALSE","FALSE","TRUE","annual","TRUE","2024-09","2024-10","2024-10-25","2024-11-24"
"S-810c27","A-8ed5dd","Basic","5","95.00","1140.00","FALSE","FALSE","FALSE","FALSE","annual","TRUE","2023-08","2024-08","2024-08-21",\N
"S-74d86d","A-5ed98d","Basic","54","1026.00","12312.00","FALSE","TRUE","FALSE","FALSE","annual","TRUE","2024-06","2024-12","2024-12-20",\N
"S-ad32a8","A-6843f2","Pro","21","1029.00","12348.00","FALSE","FALSE","FALSE","FALSE","monthly","TRUE","2024-12","2024-12","2024-12-11",\N
"S-2f729b","A-3be56b","Pro","35","1715.00","20580.00","FALSE","FALSE","FALSE","TRUE","monthly","TRUE","2023-11","2024-02","2024-02-01","2024-03-05"
"S-3eb56d","A-463db0","Pro","15","735.00","8820.00","FALSE","FALSE","FALSE","FALSE","annual","TRUE","2024-12","2024-12","2024-12-31",\N
"S-21bd9b","A-65a46c","Pro","35","1715.00","20580.00","FALSE","FALSE","FALSE","FALSE","annual","TRUE","2024-03","2024-12","2024-12-24",\N
"S-2e0575","A-4814a3","Enterprise","87","17313.00","207756.00","FALSE","FALSE","FALSE","TRUE","annual","TRUE","2024-09","2024-11","2024-11-06","2024-12-31"
"S-1630dd","A-fda07f","Pro","34","1666.00","19992.00","FALSE","FALSE","FALSE","FALSE","annual","TRUE","2024-08","2024-09","2024-09-14",\N
"S-9842bb","A-4814a3","Enterprise","87","17313.00","207756.00","FALSE","FALSE","FALSE","FALSE","monthly","FALSE","2024-09","2024-10","2024-10-27",\N
"S-12ed58","A-1f0ac7","Basic","32","608.00","7296.00","FALSE","FALSE","FALSE","FALSE","annual","TRUE","2023-12","2024-11","2024-11-14",\N
"S-be3ff6","A-de58ca","Pro","105","0.00","0.00","TRUE","FALSE","FALSE","FALSE","annual","FALSE","2023-04","2023-07","2023-07-17",\N
"S-a36281","A-c45b23","Basic","8","152.00","1824.00","FALSE","FALSE","FALSE","FALSE","monthly","TRUE","2023-12","2023-12","2023-12-29",\N
"S-7d651b","A-4ef964","Pro","28","1372.00","16464.00","FALSE","FALSE","FALSE","FALSE","monthly","TRUE","2024-04","2024-11","2024-11-15",\N
"S-668cdc","A-40de06","Pro","28","1372.00","16464.00","FALSE","FALSE","FALSE","FALSE","monthly","TRUE","2023-06","2023-11","2023-11-08",\N
"S-3ef584","A-72799b","Enterprise","20","3980.00","47760.00","FALSE","FALSE","FALSE","FALSE","annual","TRUE","2023-11","2023-11","2023-11-17",\N
"S-9211e5","A-d4ac0e","Enterprise","28","5572.00","66864.00","FALSE","FALSE","FALSE","FALSE","annual","TRUE","2024-05","2024-10","2024-10-12",\N
"S-3ae2dd","A-f45426","Basic","57","0.00","0.00","TRUE","FALSE","FALSE","FALSE","annual","TRUE","2024-08","2024-08","2024-08-05",\N
"S-942caf","A-812c5b","Basic","71","1349.00","16188.00","FALSE","FALSE","FALSE","FALSE","monthly","TRUE","2024-04","2024-11","2024-11-07",\N
"S-d71bdd","A-c45b23","Enterprise","9","1791.00","21492.00","FALSE","FALSE","FALSE","FALSE","annual","FALSE","2023-12","2024-05","2024-05-26",\N
"S-f32731","A-20736a","Enterprise","50","0.00","0.00","TRUE","FALSE","FALSE","FALSE","monthly","TRUE","2024-05","2024-10","2024-10-02",\N
"S-911b0a","A-8ed5dd","Pro","5","245.00","2940.00","FALSE","FALSE","FALSE","FALSE","annual","TRUE","2023-08","2023-08","2023-08-08",\N
"S-d09309","A-d49cc5","Pro","75","3675.00","44100.00","FALSE","FALSE","FALSE","FALSE","monthly","TRUE","2024-02","2024-10","2024-10-09",\N
"S-4260ed","A-4f18f0","Basic","24","456.00","5472.00","FALSE","FALSE","FALSE","FALSE","annual","TRUE","2024-04","2024-07","2024-07-15",\N
"S-c7e38a","A-2edab2","Basic","17","323.00","3876.00","FALSE","FALSE","FALSE","FALSE","annual","TRUE","2023-11","2024-10","2024-10-03",\N
"S-d22c1d","A-337bc1","Pro","86","4214.00","50568.00","FALSE","FALSE","TRUE","FALSE","monthly","FALSE","2023-08","2024-09","2024-09-18",\N
"S-aadf83","A-700ade","Enterprise","9","1791.00","21492.00","FALSE","FALSE","FALSE","TRUE","annual","TRUE","2024-11","2024-11","2024-11-20","2024-12-04"
"S-096835","A-117171","Enterprise","45","0.00","0.00","TRUE","FALSE","FALSE","FALSE","monthly","TRUE","2024-10","2024-10","2024-10-20",\N
"S-8ba96c","A-f6b2fb","Enterprise","23","4577.00","54924.00","FALSE","FALSE","FALSE","FALSE","annual","TRUE","2024-05","2024-06","2024-06-20",\N
"S-3112d0","A-68f37c","Basic","94","1786.00","21432.00","FALSE","FALSE","FALSE","FALSE","monthly","TRUE","2023-07","2024-04","2024-04-11",\N
"S-7ea5d9","A-684255","Pro","10","490.00","5880.00","FALSE","TRUE","FALSE","FALSE","monthly","TRUE","2024-04","2024-08","2024-08-05",\N
"S-c796c1","A-aa9511","Pro","23","1127.00","13524.00","FALSE","FALSE","FALSE","FALSE","monthly","TRUE","2023-10","2023-10","2023-10-11",\N
"S-0ea795","A-d3c88e","Pro","16","784.00","9408.00","FALSE","FALSE","FALSE","FALSE","annual","TRUE","2024-10","2024-10","2024-10-27",\N
"S-32545c","A-7dacce","Enterprise","15","2985.00","35820.00","FALSE","FALSE","FALSE","FALSE","annual","FALSE","2024-09","2024-11","2024-11-13",\N
"S-2aaca3","A-751c58","Enterprise","26","5174.00","62088.00","FALSE","FALSE","FALSE","FALSE","monthly","TRUE","2024-07","2024-12","2024-12-18",\N
"S-6fde5e","A-7c4956","Basic","27","513.00","6156.00","FALSE","FALSE","FALSE","FALSE","annual","TRUE","2023-06","2024-12","2024-12-20",\N
"S-7ccc38","A-2d1036","Basic","69","1311.00","15732.00","FALSE","FALSE","FALSE","FALSE","annual","FALSE","2024-07","2024-07","2024-07-13",\N
"S-ff9bde","A-8bde0c","Pro","12","588.00","7056.00","FALSE","FALSE","FALSE","TRUE","monthly","TRUE","2024-11","2024-12","2024-12-20","2024-12-22"
"S-a01d87","A-e5d6ab","Basic","9","171.00","2052.00","FALSE","FALSE","FALSE","FALSE","annual","TRUE","2023-05","2024-06","2024-06-27",\N
"S-9ac7cb","A-712f1c","Pro","18","882.00","10584.00","FALSE","FALSE","FALSE","FALSE","monthly","TRUE","2024-01","2024-04","2024-04-19",\N
"S-b47d75","A-b2225d","Enterprise","47","9353.00","112236.00","FALSE","FALSE","FALSE","FALSE","annual","TRUE","2024-04","2024-05","2024-05-13",\N
"S-d71a1f","A-40a557","Pro","16","784.00","9408.00","FALSE","TRUE","FALSE","FALSE","annual","TRUE","2024-01","2024-11","2024-11-03",\N
"S-08e560","A-de58ca","Pro","15","735.00","8820.00","FALSE","FALSE","FALSE","TRUE","monthly","TRUE","2023-04","2023-09","2023-09-25","2024-01-07"
"S-46ff9c","A-139c3b","Pro","28","1372.00","16464.00","FALSE","FALSE","FALSE","TRUE","monthly","TRUE","2024-11","2024-11","2024-11-27","2024-12-16"
"S-d91f4c","A-1b7577","Basic","10","190.00","2280.00","FALSE","FALSE","TRUE","TRUE","monthly","TRUE","2024-10","2024-11","2024-11-15","2024-11-15"
"S-40adae","A-8145a0","Basic","10","190.00","2280.00","FALSE","FALSE","FALSE","FALSE","monthly","TRUE","2023-08","2024-01","2024-01-26",\N
"S-db4e11","A-49b828","Pro","14","686.00","8232.00","FALSE","FALSE","FALSE","FALSE","monthly","TRUE","2023-05","2024-08","2024-08-09",\N
"S-e4a862","A-3ce5b8","Enterprise","8","0.00","0.00","TRUE","FALSE","FALSE","FALSE","annual","TRUE","2023-12","2024-10","2024-10-03",\N
"S-e7cb68","A-474ad4","Pro","9","441.00","5292.00","FALSE","FALSE","FALSE","FALSE","annual","TRUE","2023-12","2024-01","2024-01-29",\N
"S-e093a9","A-80eeb6","Pro","22","1078.00","12936.00","FALSE","TRUE","FALSE","FALSE","monthly","TRUE","2023-07","2023-08","2023-08-02",\N
"S-56834c","A-158f4e","Pro","61","0.00","0.00","TRUE","FALSE","FALSE","FALSE","monthly","TRUE","2023-06","2023-08","2023-08-30",\N
"S-11d922","A-533452","Enterprise","15","2985.00","35820.00","FALSE","FALSE","TRUE","FALSE","monthly","TRUE","2024-11","2024-11","2024-11-28",\N
"S-58b22d","A-6f50ae","Enterprise","19","3781.00","45372.00","FALSE","FALSE","FALSE","FALSE","monthly","TRUE","2023-11","2024-12","2024-12-31",\N
"S-42daaa","A-08e34e","Basic","77","1463.00","17556.00","FALSE","FALSE","FALSE","FALSE","annual","FALSE","2024-07","2024-08","2024-08-07",\N
"S-fa0d9e","A-726cfa","Enterprise","38","7562.00","90744.00","FALSE","FALSE","FALSE","FALSE","monthly","FALSE","2023-07","2024-12","2024-12-16",\N
"S-55c61c","A-8b0451","Enterprise","41","8159.00","97908.00","FALSE","FALSE","FALSE","FALSE","annual","TRUE","2024-09","2024-12","2024-12-21",\N
"S-9917a2","A-ac14bb","Pro","26","0.00","0.00","TRUE","FALSE","FALSE","FALSE","annual","TRUE","2023-09","2024-02","2024-02-29",\N
"S-154918","A-c1dfe1","Basic","26","494.00","5928.00","FALSE","FALSE","FALSE","FALSE","monthly","FALSE","2023-10","2024-09","2024-09-22",\N
"S-20152a","A-fabe19","Enterprise","33","0.00","0.00","TRUE","FALSE","FALSE","FALSE","annual","FALSE","2024-11","2024-12","2024-12-20",\N
"S-f0e08e","A-69b156","Enterprise","13","2587.00","31044.00","FALSE","FALSE","FALSE","FALSE","monthly","TRUE","2023-12","2024-09","2024-09-16",\N
"S-0896f4","A-781cc0","Basic","12","228.00","2736.00","FALSE","FALSE","FALSE","FALSE","annual","TRUE","2024-09","2024-12","2024-12-08",\N
"S-328ac2","A-417d2f","Pro","4","196.00","2352.00","FALSE","FALSE","FALSE","FALSE","annual","FALSE","2023-07","2024-10","2024-10-14",\N
"S-4df118","A-86fc1d","Basic","26","494.00","5928.00","FALSE","TRUE","FALSE","TRUE","monthly","TRUE","2024-08","2024-10","2024-10-28","2024-11-02"
"S-01bbff","A-de24d5","Basic","5","95.00","1140.00","FALSE","FALSE","FALSE","FALSE","annual","TRUE","2024-11","2024-11","2024-11-17",\N
"S-31d765","A-7dacce","Pro","12","0.00","0.00","TRUE","TRUE","FALSE","FALSE","annual","TRUE","2024-09","2024-12","2024-12-04",\N
"S-c64b73","A-de58ca","Pro","15","735.00","8820.00","FALSE","FALSE","FALSE","FALSE","annual","TRUE","2023-04","2023-04","2023-04-20",\N
"S-720940","A-2bc93d","Basic","20","380.00","4560.00","FALSE","TRUE","FALSE","FALSE","monthly","TRUE","2023-07","2023-07","2023-07-29",\N
"S-e753fa","A-a6d261","Pro","28","1372.00","16464.00","FALSE","TRUE","FALSE","FALSE","annual","TRUE","2023-12","2024-02","2024-02-06",\N
"S-755502","A-5a3eb9","Enterprise","18","3582.00","42984.00","FALSE","FALSE","FALSE","FALSE","annual","TRUE","2023-09","2024-05","2024-05-28",\N
"S-5480a7","A-94d3da","Enterprise","41","8159.00","97908.00","FALSE","TRUE","FALSE","FALSE","annual","TRUE","2023-06","2023-06","2023-06-05",\N
"S-db7a77","A-7df7a7","Enterprise","15","2985.00","35820.00","FALSE","FALSE","FALSE","FALSE","annual","TRUE","2023-02","2023-12","2023-12-13",\N
"S-6403db","A-37f969","Basic","51","969.00","11628.00","FALSE","FALSE","FALSE","FALSE","monthly","TRUE","2023-10","2023-11","2023-11-02",\N
"S-22f096","A-c58f49","Enterprise","70","13930.00","167160.00","FALSE","FALSE","FALSE","FALSE","monthly","TRUE","2024-08","2024-10","2024-10-15",\N
"S-20f1bd","A-bb2f49","Pro","16","784.00","9408.00","FALSE","FALSE","FALSE","FALSE","monthly","TRUE","2023-06","2024-02","2024-02-16",\N
"S-bbff6f","A-df10db","Pro","26","1274.00","15288.00","FALSE","FALSE","FALSE","FALSE","monthly","TRUE","2023-08","2024-05","2024-05-19",\N
"S-3a694d","A-781cc0","Pro","20","980.00","11760.00","FALSE","FALSE","FALSE","FALSE","monthly","FALSE","2024-09","2024-11","2024-11-10",\N
"S-e1820e","A-0651a4","Enterprise","19","3781.00","45372.00","FALSE","FALSE","FALSE","FALSE","annual","TRUE","2024-10","2024-11","2024-11-24",\N
"S-67595c","A-508199","Basic","27","513.00","6156.00","FALSE","FALSE","FALSE","FALSE","annual","FALSE","2024-01","2024-02","2024-02-08",\N
"S-17fb4d","A-71615e","Enterprise","15","2985.00","35820.00","FALSE","FALSE","FALSE","FALSE","monthly","TRUE","2024-06","2024-07","2024-07-04",\N
"S-f8a794","A-dec005","Enterprise","31","6169.00","74028.00","FALSE","FALSE","FALSE","FALSE","monthly","TRUE","2023-10","2023-12","2023-12-22",\N
"S-dc1c10","A-139c3b","Basic","29","551.00","6612.00","FALSE","FALSE","FALSE","FALSE","annual","TRUE","2024-11","2024-11","2024-11-28",\N
"S-59d050","A-751c58","Pro","45","2205.00","26460.00","FALSE","TRUE","FALSE","FALSE","monthly","TRUE","2024-07","2024-10","2024-10-11",\N
"S-a3b329","A-3a7284","Basic","37","703.00","8436.00","FALSE","FALSE","TRUE","FALSE","monthly","FALSE","2024-11","2024-12","2024-12-23",\N
"S-2881e0","A-42e5e1","Pro","1","49.00","588.00","FALSE","FALSE","TRUE","FALSE","annual","TRUE","2024-07","2024-07","2024-07-21",\N
"S-5d532c","A-cd458b","Enterprise","10","1990.00","23880.00","FALSE","FALSE","TRUE","FALSE","monthly","TRUE","2024-07","2024-12","2024-12-26",\N
"S-f9c661","A-1e50e0","Enterprise","19","3781.00","45372.00","FALSE","FALSE","FALSE","FALSE","annual","TRUE","2023-03","2024-09","2024-09-05",\N
"S-817e4b","A-42b791","Enterprise","75","14925.00","179100.00","FALSE","FALSE","FALSE","FALSE","annual","FALSE","2024-06","2024-10","2024-10-08",\N
"S-59be40","A-94f8c9","Basic","13","247.00","2964.00","FALSE","FALSE","FALSE","FALSE","annual","TRUE","2024-04","2024-10","2024-10-21",\N
"S-d82234","A-d77f4c","Pro","4","196.00","2352.00","FALSE","TRUE","FALSE","TRUE","annual","TRUE","2023-10","2024-12","2024-12-17","2024-12-18"
"S-68f388","A-671f31","Basic","59","1121.00","13452.00","FALSE","FALSE","FALSE","FALSE","monthly","TRUE","2024-11","2024-11","2024-11-27",\N
"S-eae806","A-c37601","Enterprise","54","10746.00","128952.00","FALSE","FALSE","FALSE","FALSE","monthly","FALSE","2024-11","2024-12","2024-12-30",\N
"S-1f0d7f","A-32728c","Basic","20","380.00","4560.00","FALSE","FALSE","FALSE","FALSE","annual","TRUE","2023-04","2024-05","2024-05-05",\N
"S-544f34","A-fdfc91","Pro","29","1421.00","17052.00","FALSE","FALSE","FALSE","FALSE","monthly","TRUE","2023-07","2024-05","2024-05-09",\N
"S-e71203","A-117171","Enterprise","45","8955.00","107460.00","FALSE","FALSE","TRUE","FALSE","monthly","TRUE","2024-10","2024-10","2024-10-02",\N
"S-a53eac","A-9077b0","Basic","2","0.00","0.00","TRUE","FALSE","FALSE","FALSE","monthly","TRUE","2024-08","2024-11","2024-11-18",\N
"S-efdeae","A-3793ee","Enterprise","49","9751.00","117012.00","FALSE","FALSE","FALSE","FALSE","monthly","FALSE","2023-11","2024-10","2024-10-23",\N
"S-29ccb8","A-eb1312","Basic","25","475.00","5700.00","FALSE","FALSE","FALSE","FALSE","annual","TRUE","2024-09","2024-12","2024-12-28",\N
"S-467016","A-e83938","Enterprise","7","1393.00","16716.00","FALSE","FALSE","FALSE","FALSE","monthly","TRUE","2024-02","2024-11","2024-11-28",\N
"S-12a13c","A-40a557","Enterprise","16","3184.00","38208.00","FALSE","FALSE","FALSE","FALSE","monthly","TRUE","2024-01","2024-12","2024-12-14",\N
"S-82ffca","A-508199","Enterprise","19","3781.00","45372.00","FALSE","FALSE","FALSE","FALSE","annual","FALSE","2024-01","2024-01","2024-01-30",\N
"S-85b5ce","A-e7a1e2","Basic","10","190.00","2280.00","FALSE","FALSE","FALSE","FALSE","annual","TRUE","2024-07","2024-12","2024-12-26",\N
"S-c1c645","A-443b7c","Basic","4","76.00","912.00","FALSE","TRUE","FALSE","FALSE","annual","TRUE","2024-09","2024-10","2024-10-06",\N
"S-02984e","A-2e3bad","Enterprise","61","12139.00","145668.00","FALSE","FALSE","FALSE","FALSE","annual","TRUE","2023-08","2024-06","2024-06-21",\N
"S-15e705","A-adc1f3","Pro","9","441.00","5292.00","FALSE","FALSE","FALSE","FALSE","annual","TRUE","2024-08","2024-12","2024-12-18",\N
"S-0a19d1","A-5b4ebb","Enterprise","21","4179.00","50148.00","FALSE","FALSE","FALSE","FALSE","annual","FALSE","2024-07","2024-10","2024-10-21",\N
"S-d50d25","A-6f50ae","Pro","19","931.00","11172.00","FALSE","FALSE","FALSE","FALSE","annual","TRUE","2023-11","2024-07","2024-07-13",\N
"S-cb2ad3","A-52dd88","Basic","28","532.00","6384.00","FALSE","TRUE","FALSE","FALSE","annual","TRUE","2023-03","2024-11","2024-11-13",\N
"S-15afd8","A-5c046d","Enterprise","93","18507.00","222084.00","FALSE","FALSE","FALSE","FALSE","annual","TRUE","2024-07","2024-12","2024-12-18",\N
"S-e79dbc","A-2e4581","Pro","66","0.00","0.00","TRUE","FALSE","FALSE","FALSE","monthly","TRUE","2024-10","2024-10","2024-10-30",\N
"S-33200e","A-f5641b","Enterprise","31","6169.00","74028.00","FALSE","FALSE","FALSE","FALSE","monthly","TRUE","2024-04","2024-08","2024-08-06",\N
"S-d5eae3","A-e7a1e2","Enterprise","12","2388.00","28656.00","FALSE","FALSE","FALSE","FALSE","monthly","FALSE","2024-07","2024-08","2024-08-09",\N
"S-f20079","A-8ae3fc","Basic","20","380.00","4560.00","FALSE","FALSE","FALSE","FALSE","monthly","TRUE","2024-07","2024-12","2024-12-16",\N
"S-93622a","A-d4ac0e","Basic","156","0.00","0.00","TRUE","FALSE","FALSE","FALSE","monthly","TRUE","2024-05","2024-05","2024-05-10",\N
"S-c62bb7","A-0a62f5","Enterprise","16","3184.00","38208.00","FALSE","FALSE","FALSE","FALSE","monthly","TRUE","2024-09","2024-09","2024-09-16",\N
"S-6696a0","A-82861f","Basic","41","779.00","9348.00","FALSE","FALSE","FALSE","FALSE","monthly","TRUE","2024-05","2024-08","2024-08-04",\N
"S-510999","A-7da956","Enterprise","13","0.00","0.00","TRUE","TRUE","FALSE","FALSE","monthly","TRUE","2024-06","2024-06","2024-06-30",\N
"S-255846","A-9a532a","Enterprise","33","6567.00","78804.00","FALSE","FALSE","FALSE","FALSE","monthly","TRUE","2024-08","2024-08","2024-08-28",\N
"S-fd8bb6","A-337bc1","Pro","30","1470.00","17640.00","FALSE","FALSE","FALSE","FALSE","monthly","TRUE","2023-08","2023-08","2023-08-02",\N
"S-d7461b","A-fa3095","Pro","70","3430.00","41160.00","FALSE","FALSE","FALSE","FALSE","monthly","TRUE","2023-09","2023-12","2023-12-17",\N
"S-2361ec","A-c45b23","Enterprise","26","5174.00","62088.00","FALSE","FALSE","FALSE","TRUE","annual","TRUE","2023-12","2024-12","2024-12-12","2024-12-15"
"S-9c47f6","A-5b1bcd","Pro","73","0.00","0.00","TRUE","FALSE","FALSE","FALSE","annual","TRUE","2023-09","2024-04","2024-04-13",\N
"S-c20518","A-b2af2e","Enterprise","5","995.00","11940.00","FALSE","FALSE","FALSE","FALSE","monthly","TRUE","2024-08","2024-10","2024-10-14",\N
"S-cdf835","A-f19409","Pro","23","1127.00","13524.00","FALSE","FALSE","FALSE","FALSE","monthly","FALSE","2023-04","2024-04","2024-04-17",\N
"S-cde2c6","A-dec005","Enterprise","21","4179.00","50148.00","FALSE","FALSE","FALSE","FALSE","monthly","TRUE","2023-10","2024-09","2024-09-17",\N
"S-af6974","A-86cdb4","Pro","18","882.00","10584.00","FALSE","FALSE","FALSE","FALSE","annual","TRUE","2024-10","2024-11","2024-11-23",\N
"S-38c5fd","A-32fb14","Basic","26","494.00","5928.00","FALSE","FALSE","FALSE","TRUE","annual","TRUE","2023-07","2023-11","2023-11-20","2024-06-28"
"S-7bf6d8","A-fe79a5","Basic","9","0.00","0.00","TRUE","FALSE","FALSE","FALSE","annual","TRUE","2024-03","2024-03","2024-03-23",\N
"S-ada98e","A-2789e3","Basic","11","209.00","2508.00","FALSE","TRUE","FALSE","FALSE","annual","TRUE","2024-09","2024-10","2024-10-21",\N
"S-3a3be9","A-1b707d","Basic","8","152.00","1824.00","FALSE","FALSE","FALSE","TRUE","annual","TRUE","2023-11","2024-05","2024-05-03","2024-07-14"
"S-d4e525","A-7988d1","Basic","33","627.00","7524.00","FALSE","FALSE","FALSE","FALSE","annual","TRUE","2024-03","2024-07","2024-07-25",\N
"S-8a6579","A-80eeb6","Basic","22","418.00","5016.00","FALSE","TRUE","FALSE","FALSE","annual","TRUE","2023-07","2024-11","2024-11-01",\N
"S-db7a97","A-e60f9d","Enterprise","48","9552.00","114624.00","FALSE","FALSE","TRUE","FALSE","monthly","TRUE","2024-09","2024-11","2024-11-11",\N
"S-699110","A-fda07f","Enterprise","27","5373.00","64476.00","FALSE","TRUE","FALSE","FALSE","annual","FALSE","2024-08","2024-10","2024-10-01",\N
"S-f5f52a","A-7641d3","Pro","8","392.00","4704.00","FALSE","FALSE","FALSE","FALSE","annual","TRUE","2023-04","2024-06","2024-06-18",\N
"S-748318","A-726cfa","Basic","14","266.00","3192.00","FALSE","FALSE","FALSE","FALSE","annual","TRUE","2023-07","2024-11","2024-11-03",\N
"S-bb7eef","A-798a3f","Basic","31","589.00","7068.00","FALSE","TRUE","FALSE","TRUE","annual","TRUE","2023-12","2023-12","2023-12-26","2024-04-24"
"S-af6536","A-13466a","Enterprise","40","7960.00","95520.00","FALSE","FALSE","FALSE","TRUE","monthly","TRUE","2023-11","2024-02","2024-02-11","2024-10-28"
"S-5f75b5","A-1b707d","Enterprise","19","3781.00","45372.00","FALSE","FALSE","FALSE","FALSE","annual","TRUE","2023-11","2024-04","2024-04-13",\N
"S-6f47c5","A-0b0d6d","Enterprise","13","2587.00","31044.00","FALSE","FALSE","FALSE","TRUE","annual","TRUE","2024-12","2024-12","2024-12-31","2024-12-31"
"S-552434","A-7f4db3","Pro","79","3871.00","46452.00","FALSE","FALSE","FALSE","FALSE","annual","TRUE","2023-03","2024-08","2024-08-14",\N
"S-86615c","A-592832","Enterprise","26","5174.00","62088.00","FALSE","TRUE","FALSE","FALSE","monthly","TRUE","2024-09","2024-10","2024-10-03",\N
"S-778307","A-f17767","Pro","23","1127.00","13524.00","FALSE","FALSE","FALSE","FALSE","monthly","TRUE","2023-02","2023-11","2023-11-15",\N
"S-1e1853","A-089363","Enterprise","26","5174.00","62088.00","FALSE","FALSE","FALSE","TRUE","monthly","TRUE","2023-06","2024-11","2024-11-25","2024-12-31"
"S-e371b7","A-310452","Enterprise","50","9950.00","119400.00","FALSE","FALSE","FALSE","FALSE","monthly","TRUE","2024-12","2024-12","2024-12-28",\N
"S-36885c","A-02cd81","Pro","44","0.00","0.00","TRUE","FALSE","FALSE","FALSE","annual","TRUE","2024-03","2024-04","2024-04-07",\N
"S-304f59","A-625d0b","Basic","25","0.00","0.00","TRUE","FALSE","FALSE","FALSE","annual","TRUE","2024-09","2024-10","2024-10-15",\N
"S-3e5d57","A-503d5a","Basic","25","0.00","0.00","TRUE","FALSE","FALSE","FALSE","annual","TRUE","2023-10","2024-01","2024-01-24",\N
"S-013f5c","A-40de06","Pro","35","0.00","0.00","TRUE","FALSE","FALSE","FALSE","annual","TRUE","2023-06","2024-07","2024-07-16",\N
"S-acb7af","A-8adedc","Enterprise","4","0.00","0.00","TRUE","FALSE","FALSE","FALSE","annual","TRUE","2024-02","2024-05","2024-05-23",\N
"S-9fae95","A-96bbc6","Enterprise","56","11144.00","133728.00","FALSE","TRUE","FALSE","FALSE","annual","TRUE","2024-05","2024-12","2024-12-08",\N
"S-70cf3c","A-3b5cd1","Pro","13","637.00","7644.00","FALSE","FALSE","FALSE","FALSE","monthly","TRUE","2023-09","2024-03","2024-03-24",\N
"S-d26bbf","A-054577","Pro","35","1715.00","20580.00","FALSE","FALSE","FALSE","FALSE","monthly","TRUE","2024-05","2024-06","2024-06-29",\N
"S-f7ef84","A-b11cd0","Pro","26","1274.00","15288.00","FALSE","FALSE","FALSE","FALSE","annual","TRUE","2023-02","2023-12","2023-12-30",\N
"S-7480e6","A-524364","Enterprise","43","8557.00","102684.00","FALSE","FALSE","FALSE","FALSE","annual","TRUE","2024-12","2024-12","2024-12-31",\N
"S-b95b76","A-dbc825","Pro","19","931.00","11172.00","FALSE","FALSE","FALSE","FALSE","monthly","TRUE","2024-01","2024-05","2024-05-02",\N
"S-639754","A-034368","Basic","19","0.00","0.00","TRUE","FALSE","FALSE","FALSE","monthly","TRUE","2023-12","2023-12","2023-12-14",\N
"S-06e3cd","A-42e5e1","Basic","22","0.00","0.00","TRUE","FALSE","FALSE","FALSE","monthly","TRUE","2024-07","2024-10","2024-10-22",\N
"S-0e43ee","A-09540c","Enterprise","67","13333.00","159996.00","FALSE","FALSE","FALSE","FALSE","monthly","TRUE","2024-04","2024-05","2024-05-28",\N
"S-a408fe","A-02fac6","Pro","22","1078.00","12936.00","FALSE","TRUE","FALSE","FALSE","monthly","TRUE","2023-10","2024-10","2024-10-18",\N
"S-916cca","A-e51ec7","Basic","3","0.00","0.00","TRUE","TRUE","FALSE","TRUE","annual","TRUE","2023-11","2024-10","2024-10-04","2024-10-31"
"S-332e0d","A-3b5cd1","Pro","13","0.00","0.00","TRUE","FALSE","TRUE","FALSE","monthly","TRUE","2023-09","2023-09","2023-09-30",\N
"S-5798f3","A-d77f4c","Pro","7","343.00","4116.00","FALSE","FALSE","FALSE","FALSE","monthly","FALSE","2023-10","2024-07","2024-07-21",\N
"S-ea389c","A-df10db","Basic","14","266.00","3192.00","FALSE","FALSE","FALSE","FALSE","monthly","TRUE","2023-08","2024-09","2024-09-08",\N
"S-8932ce","A-fa3095","Basic","70","1330.00","15960.00","FALSE","FALSE","FALSE","FALSE","monthly","TRUE","2023-09","2024-12","2024-12-18",\N
"S-14d515","A-eb7c38","Enterprise","33","6567.00","78804.00","FALSE","FALSE","FALSE","FALSE","monthly","FALSE","2024-04","2024-07","2024-07-02",\N
"S-99efdc","A-4e44e8","Enterprise","17","3383.00","40596.00","FALSE","FALSE","FALSE","FALSE","annual","TRUE","2024-08","2024-12","2024-12-19",\N
"S-183502","A-4e960a","Enterprise","71","14129.00","169548.00","FALSE","FALSE","FALSE","FALSE","monthly","TRUE","2024-02","2024-04","2024-04-11",\N
"S-7ff88c","A-b7ef83","Pro","12","588.00","7056.00","FALSE","FALSE","FALSE","FALSE","monthly","FALSE","2024-06","2024-12","2024-12-30",\N
"S-583674","A-7c5768","Pro","6","0.00","0.00","TRUE","FALSE","FALSE","FALSE","monthly","TRUE","2024-03","2024-09","2024-09-28",\N
"S-6e0386","A-2d4502","Enterprise","22","4378.00","52536.00","FALSE","FALSE","FALSE","FALSE","monthly","TRUE","2024-04","2024-09","2024-09-04",\N
"S-79535e","A-4a4c2d","Pro","54","2646.00","31752.00","FALSE","FALSE","FALSE","FALSE","monthly","TRUE","2023-07","2024-12","2024-12-11",\N
"S-180ae3","A-cab532","Pro","11","539.00","6468.00","FALSE","FALSE","FALSE","FALSE","annual","TRUE","2023-04","2024-03","2024-03-25",\N
"S-31be9c","A-5f2961","Basic","55","1045.00","12540.00","FALSE","FALSE","FALSE","FALSE","monthly","FALSE","2024-11","2024-12","2024-12-02",\N
"S-183460","A-310452","Basic","9","171.00","2052.00","FALSE","FALSE","FALSE","FALSE","annual","TRUE","2024-12","2024-12","2024-12-29",\N
"S-2b608a","A-adc1f3","Basic","16","0.00","0.00","TRUE","FALSE","FALSE","FALSE","monthly","TRUE","2024-08","2024-09","2024-09-18",\N
"S-499ea3","A-c16cf7","Enterprise","24","4776.00","57312.00","FALSE","FALSE","FALSE","TRUE","monthly","TRUE","2024-10","2024-10","2024-10-21","2024-11-12"
"S-a916c8","A-3cc791","Basic","12","0.00","0.00","TRUE","FALSE","FALSE","FALSE","monthly","FALSE","2024-01","2024-04","2024-04-26",\N
"S-4e563b","A-10b8f2","Basic","103","1957.00","23484.00","FALSE","FALSE","FALSE","FALSE","annual","TRUE","2023-02","2024-04","2024-04-26",\N
"S-f4e0a6","A-e61e98","Basic","19","361.00","4332.00","FALSE","FALSE","FALSE","FALSE","monthly","TRUE","2023-11","2024-08","2024-08-31",\N
"S-7717d6","A-378b99","Enterprise","32","0.00","0.00","TRUE","TRUE","FALSE","FALSE","monthly","TRUE","2024-09","2024-12","2024-12-02",\N
"S-ff4e21","A-7a0d69","Pro","6","294.00","3528.00","FALSE","TRUE","FALSE","FALSE","annual","TRUE","2024-07","2024-11","2024-11-22",\N
"S-40b133","A-432483","Basic","4","0.00","0.00","TRUE","FALSE","FALSE","FALSE","annual","FALSE","2023-04","2023-04","2023-04-11",\N
"S-92f228","A-779e4e","Basic","9","171.00","2052.00","FALSE","FALSE","FALSE","FALSE","annual","TRUE","2023-01","2023-01","2023-01-09",\N
"S-2aec7e","A-ce66f8","Basic","29","551.00","6612.00","FALSE","FALSE","FALSE","FALSE","annual","TRUE","2023-08","2024-05","2024-05-21",\N
"S-78f326","A-4c38bc","Basic","36","0.00","0.00","TRUE","FALSE","FALSE","FALSE","monthly","TRUE","2024-03","2024-04","2024-04-21",\N
"S-0e12d4","A-a45270","Pro","13","637.00","7644.00","FALSE","FALSE","FALSE","FALSE","monthly","TRUE","2024-07","2024-08","2024-08-02",\N
"S-9093cf","A-8ed5dd","Enterprise","30","5970.00","71640.00","FALSE","FALSE","FALSE","FALSE","monthly","TRUE","2023-08","2024-02","2024-02-18",\N
"S-db94ad","A-313be3","Enterprise","47","0.00","0.00","TRUE","FALSE","FALSE","FALSE","annual","TRUE","2023-11","2024-11","2024-11-14",\N
"S-59edf9","A-427b69","Basic","17","323.00","3876.00","FALSE","FALSE","FALSE","FALSE","monthly","FALSE","2024-09","2024-12","2024-12-16",\N
"S-e854de","A-18793f","Pro","148","7252.00","87024.00","FALSE","FALSE","FALSE","FALSE","monthly","TRUE","2024-12","2024-12","2024-12-25",\N
"S-28eeec","A-89ee83","Pro","2","98.00","1176.00","FALSE","TRUE","FALSE","FALSE","annual","TRUE","2024-10","2024-11","2024-11-29",\N
"S-b93c11","A-9f9299","Basic","28","532.00","6384.00","FALSE","FALSE","FALSE","FALSE","monthly","FALSE","2023-11","2024-07","2024-07-08",\N
"S-6cb3d7","A-fd7ad3","Pro","11","539.00","6468.00","FALSE","TRUE","FALSE","TRUE","annual","TRUE","2024-11","2024-11","2024-11-26","2024-12-20"
"S-bbdf5c","A-b7ef83","Enterprise","8","1592.00","19104.00","FALSE","FALSE","FALSE","FALSE","monthly","TRUE","2024-06","2024-06","2024-06-21",\N
"S-5b8c4f","A-7c5768","Basic","8","152.00","1824.00","FALSE","FALSE","FALSE","FALSE","monthly","FALSE","2024-03","2024-05","2024-05-05",\N
"S-6b9696","A-c16cf7","Basic","35","665.00","7980.00","FALSE","FALSE","FALSE","FALSE","annual","TRUE","2024-10","2024-12","2024-12-23",\N
"S-9f009b","A-68f37c","Basic","16","0.00","0.00","TRUE","FALSE","FALSE","FALSE","monthly","TRUE","2023-07","2023-11","2023-11-30",\N
"S-8317da","A-d49cc5","Basic","50","950.00","11400.00","FALSE","FALSE","FALSE","FALSE","monthly","TRUE","2024-02","2024-12","2024-12-10",\N
"S-d61866","A-f17767","Enterprise","6","1194.00","14328.00","FALSE","TRUE","FALSE","FALSE","monthly","TRUE","2023-02","2023-03","2023-03-22",\N
"S-0b8b0c","A-f17767","Enterprise","1","199.00","2388.00","FALSE","FALSE","FALSE","FALSE","monthly","FALSE","2023-02","2024-08","2024-08-03",\N
"S-084930","A-c1e51e","Enterprise","3","597.00","7164.00","FALSE","FALSE","FALSE","FALSE","monthly","TRUE","2024-10","2024-12","2024-12-08",\N
"S-2abab6","A-ae052e","Pro","39","0.00","0.00","TRUE","FALSE","TRUE","TRUE","monthly","TRUE","2024-01","2024-01","2024-01-22","2024-10-29"
"S-6b144c","A-3cc791","Basic","16","304.00","3648.00","FALSE","FALSE","FALSE","FALSE","annual","TRUE","2024-01","2024-04","2024-04-10",\N
"S-0efc9b","A-4bfa33","Basic","12","228.00","2736.00","FALSE","FALSE","FALSE","FALSE","monthly","TRUE","2024-12","2024-12","2024-12-13",\N
"S-f690e0","A-1f559b","Basic","7","133.00","1596.00","FALSE","FALSE","FALSE","FALSE","monthly","TRUE","2023-12","2024-07","2024-07-25",\N
"S-6ac338","A-2b9d3e","Basic","28","532.00","6384.00","FALSE","FALSE","FALSE","FALSE","annual","TRUE","2023-09","2024-08","2024-08-29",\N
"S-f52c97","A-40de06","Basic","28","532.00","6384.00","FALSE","FALSE","TRUE","FALSE","annual","TRUE","2023-06","2024-11","2024-11-17",\N
"S-8b00ff","A-40906c","Enterprise","92","18308.00","219696.00","FALSE","FALSE","FALSE","FALSE","annual","TRUE","2024-05","2024-06","2024-06-19",\N
"S-c7f25a","A-87aa7b","Basic","25","475.00","5700.00","FALSE","TRUE","FALSE","FALSE","monthly","TRUE","2024-05","2024-08","2024-08-10",\N
"S-dbee03","A-49b828","Basic","9","171.00","2052.00","FALSE","FALSE","FALSE","FALSE","monthly","TRUE","2023-05","2023-05","2023-05-16",\N
"S-1f15a2","A-7f4db3","Basic","39","0.00","0.00","TRUE","FALSE","FALSE","FALSE","annual","TRUE","2023-03","2023-04","2023-04-05",\N
"S-3da8ee","A-271f46","Enterprise","46","9154.00","109848.00","FALSE","FALSE","FALSE","FALSE","monthly","TRUE","2023-03","2024-11","2024-11-22",\N
"S-51dfbc","A-7f8241","Pro","34","1666.00","19992.00","FALSE","FALSE","FALSE","FALSE","monthly","FALSE","2023-03","2023-09","2023-09-24",\N
"S-027102","A-3c1a3f","Enterprise","3","597.00","7164.00","FALSE","FALSE","FALSE","FALSE","annual","TRUE","2023-08","2024-09","2024-09-30",\N
"S-d6f31b","A-b20d99","Enterprise","20","3980.00","47760.00","FALSE","TRUE","FALSE","FALSE","monthly","TRUE","2024-01","2024-11","2024-11-03",\N
"S-b5b39a","A-1f0636","Pro","105","0.00","0.00","TRUE","FALSE","FALSE","FALSE","annual","TRUE","2024-02","2024-03","2024-03-17",\N
"S-7ab956","A-53f4e3","Basic","13","247.00","2964.00","FALSE","FALSE","FALSE","FALSE","annual","TRUE","2024-06","2024-12","2024-12-03",\N
"S-0a7396","A-54d94a","Pro","27","1323.00","15876.00","FALSE","FALSE","TRUE","FALSE","monthly","TRUE","2023-11","2024-02","2024-02-24",\N
"S-337c84","A-2bc93d","Basic","29","551.00","6612.00","FALSE","TRUE","FALSE","FALSE","annual","TRUE","2023-07","2024-09","2024-09-22",\N
"S-b8c3e6","A-8ae05d","Enterprise","86","0.00","0.00","TRUE","FALSE","FALSE","FALSE","monthly","TRUE","2024-06","2024-12","2024-12-13",\N
"S-cd5968","A-ee42db","Pro","13","637.00","7644.00","FALSE","FALSE","FALSE","FALSE","monthly","TRUE","2023-05","2023-10","2023-10-21",\N
"S-dc3e11","A-2f6a32","Pro","19","931.00","11172.00","FALSE","FALSE","FALSE","FALSE","monthly","TRUE","2024-09","2024-12","2024-12-01",\N
"S-b18409","A-92a3af","Pro","25","1225.00","14700.00","FALSE","FALSE","FALSE","FALSE","monthly","TRUE","2024-07","2024-10","2024-10-26",\N
"S-d365af","A-4e44e8","Basic","11","209.00","2508.00","FALSE","FALSE","FALSE","FALSE","annual","TRUE","2024-08","2024-09","2024-09-01",\N
"S-eaf2e2","A-427b69","Pro","17","833.00","9996.00","FALSE","FALSE","FALSE","FALSE","annual","FALSE","2024-09","2024-10","2024-10-24",\N
"S-b7482e","A-cbd1a3","Basic","34","646.00","7752.00","FALSE","FALSE","FALSE","FALSE","annual","TRUE","2024-11","2024-12","2024-12-16",\N
"S-74704b","A-cb5333","Pro","33","1617.00","19404.00","FALSE","FALSE","FALSE","FALSE","monthly","TRUE","2024-04","2024-12","2024-12-15",\N
"S-f8e091","A-34d880","Enterprise","5","995.00","11940.00","FALSE","FALSE","FALSE","FALSE","monthly","TRUE","2024-04","2024-10","2024-10-21",\N
"S-41d741","A-65aeb5","Basic","28","532.00","6384.00","FALSE","FALSE","FALSE","FALSE","annual","TRUE","2024-02","2024-08","2024-08-23",\N
"S-79e254","A-474ad4","Pro","53","2597.00","31164.00","FALSE","FALSE","FALSE","FALSE","annual","FALSE","2023-12","2024-03","2024-03-23",\N
"S-2d21b9","A-b7b7b7","Pro","24","1176.00","14112.00","FALSE","FALSE","FALSE","FALSE","annual","TRUE","2024-07","2024-07","2024-07-12",\N
"S-d56460","A-d62e02","Enterprise","16","3184.00","38208.00","FALSE","FALSE","FALSE","FALSE","annual","TRUE","2024-09","2024-10","2024-10-02",\N
"S-8921cb","A-50bb9f","Enterprise","35","6965.00","83580.00","FALSE","FALSE","FALSE","FALSE","monthly","TRUE","2024-07","2024-07","2024-07-22",\N
"S-920d64","A-b7724f","Basic","12","228.00","2736.00","FALSE","FALSE","FALSE","FALSE","annual","TRUE","2023-06","2024-07","2024-07-21",\N
"S-ae7a5d","A-22f2df","Pro","15","735.00","8820.00","FALSE","FALSE","FALSE","FALSE","annual","TRUE","2024-12","2024-12","2024-12-21",\N
"S-d518e8","A-e4144b","Basic","41","0.00","0.00","TRUE","FALSE","FALSE","FALSE","monthly","TRUE","2024-11","2024-12","2024-12-06",\N
"S-3f1bb5","A-7e0a10","Basic","46","874.00","10488.00","FALSE","FALSE","FALSE","FALSE","annual","TRUE","2023-11","2023-12","2023-12-21",\N
"S-83ee41","A-ad3abd","Basic","44","836.00","10032.00","FALSE","FALSE","FALSE","FALSE","annual","TRUE","2023-03","2023-04","2023-04-20",\N
"S-9eeb7e","A-029f69","Basic","11","209.00","2508.00","FALSE","FALSE","FALSE","FALSE","monthly","FALSE","2024-05","2024-12","2024-12-02",\N
"S-649bb6","A-9f9299","Enterprise","28","5572.00","66864.00","FALSE","FALSE","FALSE","FALSE","annual","FALSE","2023-11","2024-07","2024-07-18",\N
"S-9f8b23","A-118f1c","Enterprise","128","25472.00","305664.00","FALSE","FALSE","FALSE","TRUE","annual","TRUE","2024-10","2024-12","2024-12-24","2024-12-26"
"S-510009","A-0651a4","Enterprise","16","3184.00","38208.00","FALSE","FALSE","FALSE","FALSE","monthly","TRUE","2024-10","2024-11","2024-11-16",\N
"S-295bac","A-779e4e","Enterprise","58","11542.00","138504.00","FALSE","FALSE","FALSE","FALSE","monthly","TRUE","2023-01","2023-07","2023-07-13",\N
"S-b555de","A-af0cd2","Basic","19","361.00","4332.00","FALSE","TRUE","FALSE","FALSE","monthly","TRUE","2023-01","2023-10","2023-10-04",\N
"S-1f5841","A-b30291","Basic","5","95.00","1140.00","FALSE","FALSE","FALSE","FALSE","annual","TRUE","2024-04","2024-05","2024-05-08",\N
"S-0d6da2","A-e4144b","Enterprise","41","0.00","0.00","TRUE","FALSE","FALSE","FALSE","monthly","FALSE","2024-11","2024-11","2024-11-28",\N
"S-5c4dd7","A-0b0d6d","Pro","21","1029.00","12348.00","FALSE","FALSE","FALSE","FALSE","annual","TRUE","2024-12","2024-12","2024-12-31",\N
"S-904529","A-fe79a5","Basic","19","0.00","0.00","TRUE","TRUE","FALSE","TRUE","monthly","TRUE","2024-03","2024-03","2024-03-02","2024-10-02"
"S-eed91a","A-22d9d2","Pro","32","1568.00","18816.00","FALSE","FALSE","TRUE","TRUE","monthly","TRUE","2024-03","2024-12","2024-12-17","2024-12-20"
"S-71466f","A-d5a319","Basic","15","285.00","3420.00","FALSE","FALSE","FALSE","FALSE","annual","TRUE","2023-06","2024-01","2024-01-16",\N
"S-24d48b","A-7c83a1","Pro","12","588.00","7056.00","FALSE","FALSE","FALSE","TRUE","annual","TRUE","2024-05","2024-05","2024-05-16","2024-07-29"
"S-518ce3","A-98a59a","Pro","148","0.00","0.00","TRUE","FALSE","TRUE","FALSE","annual","TRUE","2023-09","2024-08","2024-08-01",\N
"S-0e0ec8","A-cc102e","Basic","13","247.00","2964.00","FALSE","FALSE","FALSE","FALSE","annual","TRUE","2024-05","2024-05","2024-05-06",\N
"S-fe0869","A-d4e0d4","Enterprise","117","23283.00","279396.00","FALSE","FALSE","FALSE","FALSE","annual","TRUE","2024-10","2024-11","2024-11-16",\N
"S-457294","A-fa3095","Enterprise","70","13930.00","167160.00","FALSE","FALSE","FALSE","FALSE","monthly","TRUE","2023-09","2024-06","2024-06-07",\N
"S-3bb28f","A-37f969","Enterprise","30","5970.00","71640.00","FALSE","TRUE","FALSE","FALSE","monthly","TRUE","2023-10","2024-01","2024-01-20",\N
"S-31d8aa","A-96bbc6","Pro","39","1911.00","22932.00","FALSE","TRUE","FALSE","FALSE","annual","TRUE","2024-05","2024-05","2024-05-28",\N
"S-29c16b","A-afa505","Pro","70","3430.00","41160.00","FALSE","FALSE","FALSE","TRUE","monthly","TRUE","2024-01","2024-07","2024-07-24","2024-10-06"
"S-b3f2cb","A-812c5b","Enterprise","55","0.00","0.00","TRUE","FALSE","FALSE","FALSE","monthly","TRUE","2024-04","2024-06","2024-06-19",\N
"S-5d6528","A-22d9d2","Enterprise","8","1592.00","19104.00","FALSE","FALSE","FALSE","FALSE","monthly","TRUE","2024-03","2024-07","2024-07-23",\N
"S-dbb8b9","A-58b9ff","Pro","2","98.00","1176.00","FALSE","FALSE","FALSE","FALSE","monthly","FALSE","2024-06","2024-08","2024-08-09",\N
"S-9f7ef0","A-b3fe05","Enterprise","46","9154.00","109848.00","FALSE","FALSE","FALSE","FALSE","monthly","TRUE","2024-06","2024-10","2024-10-31",\N
"S-2178f0","A-b30291","Basic","5","0.00","0.00","TRUE","FALSE","FALSE","TRUE","monthly","TRUE","2024-04","2024-09","2024-09-26","2024-11-02"
"S-31cec4","A-34ea2f","Basic","8","152.00","1824.00","FALSE","FALSE","FALSE","FALSE","monthly","TRUE","2024-09","2024-10","2024-10-28",\N
"S-a1426b","A-cc98bc","Basic","32","608.00","7296.00","FALSE","FALSE","FALSE","FALSE","annual","FALSE","2023-05","2023-12","2023-12-31",\N
"S-5ea66d","A-503d5a","Enterprise","4","796.00","9552.00","FALSE","FALSE","FALSE","FALSE","annual","TRUE","2023-10","2024-12","2024-12-18",\N
"S-4f9730","A-8adedc","Enterprise","25","0.00","0.00","TRUE","FALSE","FALSE","FALSE","monthly","TRUE","2024-02","2024-07","2024-07-21",\N
"S-befdf1","A-68f37c","Basic","13","247.00","2964.00","FALSE","FALSE","FALSE","FALSE","monthly","TRUE","2023-07","2024-02","2024-02-27",\N
"S-2b504d","A-6a4e2d","Enterprise","9","1791.00","21492.00","FALSE","FALSE","FALSE","FALSE","annual","TRUE","2023-05","2023-07","2023-07-12",\N
"S-4484ae","A-b07346","Enterprise","51","10149.00","121788.00","FALSE","TRUE","FALSE","FALSE","monthly","TRUE","2024-11","2024-12","2024-12-08",\N
"S-a2e1dd","A-c37cab","Enterprise","13","0.00","0.00","TRUE","FALSE","FALSE","TRUE","monthly","TRUE","2024-07","2024-08","2024-08-10","2024-09-29"
"S-00dea4","A-a6d261","Enterprise","15","2985.00","35820.00","FALSE","FALSE","FALSE","FALSE","monthly","TRUE","2023-12","2024-01","2024-01-14",\N
"S-b73fdf","A-dbc825","Basic","19","361.00","4332.00","FALSE","FALSE","FALSE","TRUE","annual","TRUE","2024-01","2024-04","2024-04-26","2024-08-07"
"S-07e821","A-e61e98","Pro","37","1813.00","21756.00","FALSE","FALSE","FALSE","FALSE","monthly","TRUE","2023-11","2023-11","2023-11-09",\N
"S-c8292c","A-cb5333","Basic","51","0.00","0.00","TRUE","FALSE","FALSE","FALSE","annual","TRUE","2024-04","2024-05","2024-05-04",\N
"S-47b86b","A-524364","Pro","11","539.00","6468.00","FALSE","FALSE","FALSE","FALSE","monthly","TRUE","2024-12","2024-12","2024-12-31",\N
"S-07976e","A-81edc3","Pro","5","245.00","2940.00","FALSE","FALSE","FALSE","FALSE","monthly","TRUE","2023-11","2024-07","2024-07-12",\N
"S-412125","A-1b9609","Basic","16","304.00","3648.00","FALSE","FALSE","FALSE","FALSE","monthly","TRUE","2023-12","2024-01","2024-01-14",\N
"S-1d15a7","A-1e50e0","Enterprise","19","3781.00","45372.00","FALSE","TRUE","FALSE","FALSE","monthly","TRUE","2023-03","2023-03","2023-03-23",\N
"S-655049","A-9779ad","Basic","40","0.00","0.00","TRUE","FALSE","FALSE","FALSE","monthly","FALSE","2024-04","2024-10","2024-10-27",\N
"S-9cfabf","A-0f3e88","Basic","7","133.00","1596.00","FALSE","FALSE","FALSE","FALSE","annual","TRUE","2023-08","2023-08","2023-08-05",\N
"S-dd80e4","A-0532a9","Enterprise","21","4179.00","50148.00","FALSE","TRUE","FALSE","FALSE","annual","TRUE","2024-09","2024-11","2024-11-24",\N
"S-1fb7ac","A-117171","Pro","45","2205.00","26460.00","FALSE","FALSE","FALSE","TRUE","annual","TRUE","2024-10","2024-12","2024-12-14","2024-12-17"
"S-576519","A-cc98bc","Enterprise","32","6368.00","76416.00","FALSE","FALSE","FALSE","FALSE","monthly","TRUE","2023-05","2023-05","2023-05-27",\N
"S-b23ec5","A-3be56b","Enterprise","18","3582.00","42984.00","FALSE","FALSE","TRUE","FALSE","annual","TRUE","2023-11","2024-05","2024-05-01",\N
"S-1cb993","A-84ebe4","Basic","18","342.00","4104.00","FALSE","FALSE","FALSE","FALSE","annual","TRUE","2023-05","2023-05","2023-05-10",\N
"S-c87692","A-dcc2f0","Basic","15","285.00","3420.00","FALSE","FALSE","FALSE","FALSE","annual","TRUE","2023-10","2023-10","2023-10-02",\N
"S-2aaa9c","A-4c38bc","Pro","36","1764.00","21168.00","FALSE","FALSE","FALSE","FALSE","monthly","TRUE","2024-03","2024-12","2024-12-10",\N
"S-8426e7","A-42e5e1","Enterprise","22","4378.00","52536.00","FALSE","FALSE","FALSE","FALSE","annual","TRUE","2024-07","2024-10","2024-10-18",\N
"S-ed857b","A-ad64c6","Enterprise","12","2388.00","28656.00","FALSE","FALSE","FALSE","FALSE","monthly","FALSE","2024-03","2024-03","2024-03-07",\N
"S-2843fe","A-089363","Basic","2","0.00","0.00","TRUE","FALSE","FALSE","FALSE","monthly","TRUE","2023-06","2024-06","2024-06-26",\N
"S-4c8e19","A-659280","Basic","17","323.00","3876.00","FALSE","FALSE","FALSE","FALSE","monthly","FALSE","2023-11","2024-11","2024-11-21",\N
"S-b4b084","A-ced9aa","Enterprise","5","995.00","11940.00","FALSE","FALSE","FALSE","FALSE","monthly","TRUE","2024-10","2024-12","2024-12-21",\N
"S-0802a4","A-a45270","Pro","79","3871.00","46452.00","FALSE","FALSE","FALSE","FALSE","annual","TRUE","2024-07","2024-08","2024-08-24",\N
"S-37879d","A-9779ad","Pro","40","1960.00","23520.00","FALSE","FALSE","FALSE","FALSE","monthly","FALSE","2024-04","2024-09","2024-09-17",\N
"S-8048cc","A-eb7c38","Basic","9","171.00","2052.00","FALSE","FALSE","TRUE","FALSE","annual","TRUE","2024-04","2024-07","2024-07-04",\N
"S-c2a14b","A-526d93","Enterprise","43","8557.00","102684.00","FALSE","FALSE","FALSE","TRUE","annual","FALSE","2024-04","2024-11","2024-11-08","2024-11-10"
"S-549340","A-eb1312","Pro","25","1225.00","14700.00","FALSE","FALSE","FALSE","FALSE","monthly","TRUE","2024-09","2024-09","2024-09-18",\N
"S-83d49e","A-dbc825","Pro","19","931.00","11172.00","FALSE","FALSE","FALSE","FALSE","annual","TRUE","2024-01","2024-07","2024-07-27",\N
"S-2ad954","A-b9f5b1","Enterprise","42","0.00","0.00","TRUE","FALSE","FALSE","FALSE","monthly","TRUE","2023-03","2023-03","2023-03-12",\N
"S-4e4ef4","A-9ee962","Pro","25","1225.00","14700.00","FALSE","FALSE","TRUE","FALSE","monthly","TRUE","2023-06","2023-07","2023-07-09",\N
"S-a0d68d","A-c58f49","Basic","70","1330.00","15960.00","FALSE","FALSE","FALSE","FALSE","monthly","TRUE","2024-08","2024-08","2024-08-10",\N
"S-f3f2bd","A-560d27","Basic","29","0.00","0.00","TRUE","FALSE","FALSE","FALSE","annual","TRUE","2024-05","2024-12","2024-12-17",\N
"S-37a9e3","A-c608c8","Enterprise","11","2189.00","26268.00","FALSE","FALSE","FALSE","TRUE","monthly","FALSE","2023-06","2024-06","2024-06-07","2024-06-29"
"S-c9d475","A-1986ca","Enterprise","20","3980.00","47760.00","FALSE","FALSE","FALSE","FALSE","annual","FALSE","2023-07","2023-07","2023-07-06",\N
"S-646813","A-a45270","Enterprise","14","0.00","0.00","TRUE","FALSE","FALSE","FALSE","monthly","TRUE","2024-07","2024-09","2024-09-14",\N
"S-d0bab8","A-94f8c9","Basic","74","1406.00","16872.00","FALSE","TRUE","FALSE","FALSE","annual","TRUE","2024-04","2024-06","2024-06-26",\N
"S-57bbae","A-a09355","Pro","14","686.00","8232.00","FALSE","FALSE","FALSE","FALSE","monthly","TRUE","2024-08","2024-11","2024-11-05",\N
"S-59778a","A-f6b2fb","Enterprise","49","9751.00","117012.00","FALSE","FALSE","FALSE","FALSE","monthly","TRUE","2024-05","2024-08","2024-08-11",\N
"S-94c40b","A-7c6b6b","Pro","26","1274.00","15288.00","FALSE","FALSE","FALSE","TRUE","annual","TRUE","2024-12","2024-12","2024-12-06","2024-12-26"
"S-b9c6ce","A-e1462e","Enterprise","15","0.00","0.00","TRUE","FALSE","FALSE","FALSE","monthly","TRUE","2023-04","2024-10","2024-10-06",\N
"S-f1ffee","A-96215d","Enterprise","16","3184.00","38208.00","FALSE","FALSE","FALSE","FALSE","annual","FALSE","2024-08","2024-09","2024-09-30",\N
"S-cc30c5","A-b78bf8","Basic","33","627.00","7524.00","FALSE","FALSE","FALSE","FALSE","monthly","TRUE","2024-11","2024-11","2024-11-17",\N
"S-9fa60e","A-712426","Basic","9","171.00","2052.00","FALSE","FALSE","FALSE","FALSE","annual","TRUE","2024-11","2024-12","2024-12-15",\N
"S-44c2c1","A-2d1036","Pro","69","3381.00","40572.00","FALSE","FALSE","TRUE","FALSE","annual","TRUE","2024-07","2024-08","2024-08-02",\N
"S-3d6648","A-e2cd1b","Enterprise","15","0.00","0.00","TRUE","FALSE","FALSE","FALSE","monthly","TRUE","2024-02","2024-10","2024-10-05",\N
"S-d97fa8","A-508199","Basic","19","361.00","4332.00","FALSE","FALSE","FALSE","FALSE","monthly","TRUE","2024-01","2024-02","2024-02-20",\N
"S-398291","A-acb7f7","Enterprise","32","6368.00","76416.00","FALSE","FALSE","FALSE","FALSE","monthly","TRUE","2024-01","2024-07","2024-07-15",\N
"S-d7ee6f","A-35083d","Enterprise","19","3781.00","45372.00","FALSE","TRUE","FALSE","FALSE","annual","TRUE","2023-06","2023-08","2023-08-10",\N
"S-3663bb","A-de24d5","Enterprise","5","0.00","0.00","TRUE","FALSE","FALSE","FALSE","monthly","TRUE","2024-11","2024-12","2024-12-19",\N
"S-81cd46","A-ced9aa","Enterprise","6","1194.00","14328.00","FALSE","FALSE","FALSE","FALSE","annual","TRUE","2024-10","2024-10","2024-10-11",\N
"S-e6678a","A-54ecc2","Pro","4","196.00","2352.00","FALSE","FALSE","FALSE","FALSE","annual","FALSE","2023-08","2023-08","2023-08-16",\N
"S-69b66d","A-6da850","Basic","25","475.00","5700.00","FALSE","TRUE","FALSE","FALSE","annual","TRUE","2023-10","2024-01","2024-01-08",\N
"S-68565b","A-5c046d","Basic","93","1767.00","21204.00","FALSE","FALSE","FALSE","FALSE","annual","FALSE","2024-07","2024-12","2024-12-02",\N
"S-00b0bc","A-089363","Enterprise","9","0.00","0.00","TRUE","FALSE","FALSE","FALSE","annual","TRUE","2023-06","2024-12","2024-12-12",\N
"S-f6ca9e","A-c7ffc2","Enterprise","30","5970.00","71640.00","FALSE","FALSE","FALSE","FALSE","annual","TRUE","2023-05","2024-10","2024-10-27",\N
"S-8fd696","A-dec005","Enterprise","54","10746.00","128952.00","FALSE","FALSE","FALSE","TRUE","annual","FALSE","2023-10","2024-11","2024-11-15","2024-12-03"
"S-71cb15","A-2d4502","Enterprise","34","6766.00","81192.00","FALSE","FALSE","FALSE","FALSE","annual","TRUE","2024-04","2024-12","2024-12-12",\N
"S-37dc91","A-a1bbb6","Pro","15","0.00","0.00","TRUE","FALSE","FALSE","FALSE","annual","TRUE","2023-04","2024-10","2024-10-04",\N
"S-6cf72f","A-a8d89d","Basic","17","0.00","0.00","TRUE","TRUE","FALSE","FALSE","monthly","TRUE","2023-12","2024-09","2024-09-24",\N
"S-117d65","A-86902e","Basic","34","646.00","7752.00","FALSE","FALSE","FALSE","FALSE","annual","TRUE","2023-07","2024-11","2024-11-30",\N
"S-529f0c","A-592832","Pro","18","0.00","0.00","TRUE","FALSE","FALSE","TRUE","monthly","TRUE","2024-09","2024-11","2024-11-28","2024-12-10"
"S-3d58c6","A-054577","Basic","34","646.00","7752.00","FALSE","FALSE","FALSE","FALSE","monthly","TRUE","2024-05","2024-06","2024-06-15",\N
"S-b33593","A-7641d3","Pro","11","0.00","0.00","TRUE","FALSE","FALSE","FALSE","monthly","FALSE","2023-04","2023-10","2023-10-02",\N
"S-c6287d","A-075038","Pro","17","833.00","9996.00","FALSE","FALSE","FALSE","FALSE","monthly","TRUE","2023-07","2024-07","2024-07-25",\N
"S-a2cd6a","A-508199","Enterprise","19","0.00","0.00","TRUE","FALSE","FALSE","FALSE","monthly","TRUE","2024-01","2024-12","2024-12-11",\N
"S-30a9dd","A-417d2f","Basic","8","0.00","0.00","TRUE","FALSE","FALSE","FALSE","annual","TRUE","2023-07","2024-10","2024-10-30",\N
"S-eef0cd","A-600734","Pro","29","1421.00","17052.00","FALSE","FALSE","FALSE","FALSE","annual","TRUE","2024-01","2024-01","2024-01-13",\N
"S-15a897","A-d26ab4","Enterprise","9","0.00","0.00","TRUE","FALSE","FALSE","FALSE","annual","FALSE","2024-11","2024-11","2024-11-08",\N
"S-9ee11d","A-104f1a","Pro","24","1176.00","14112.00","FALSE","FALSE","FALSE","FALSE","monthly","TRUE","2024-09","2024-10","2024-10-11",\N
"S-f76252","A-560d27","Basic","23","437.00","5244.00","FALSE","FALSE","FALSE","FALSE","annual","TRUE","2024-05","2024-10","2024-10-07",\N
"S-d920e7","A-bc4d48","Enterprise","35","6965.00","83580.00","FALSE","FALSE","FALSE","FALSE","annual","FALSE","2024-06","2024-11","2024-11-28",\N
"S-75985b","A-3793ee","Enterprise","49","0.00","0.00","TRUE","FALSE","FALSE","FALSE","monthly","TRUE","2023-11","2023-11","2023-11-25",\N
"S-765a5f","A-c9bb3e","Pro","35","1715.00","20580.00","FALSE","FALSE","FALSE","TRUE","annual","TRUE","2024-04","2024-04","2024-04-01","2024-04-02"
"S-c318ea","A-ccb686","Enterprise","10","1990.00","23880.00","FALSE","FALSE","FALSE","FALSE","monthly","TRUE","2024-02","2024-08","2024-08-17",\N
"S-964542","A-a8b49c","Enterprise","12","2388.00","28656.00","FALSE","FALSE","FALSE","FALSE","annual","TRUE","2023-10","2024-09","2024-09-25",\N
"S-6c4770","A-fa3095","Enterprise","70","0.00","0.00","TRUE","FALSE","FALSE","FALSE","monthly","TRUE","2023-09","2023-09","2023-09-18",\N
"S-694277","A-34d880","Enterprise","4","796.00","9552.00","FALSE","FALSE","FALSE","FALSE","monthly","TRUE","2024-04","2024-10","2024-10-11",\N
"S-97fab7","A-8ed5dd","Basic","5","95.00","1140.00","FALSE","FALSE","FALSE","TRUE","annual","FALSE","2023-08","2024-03","2024-03-27","2024-10-08"
"S-fb4fae","A-39b19f","Enterprise","41","8159.00","97908.00","FALSE","FALSE","FALSE","TRUE","monthly","TRUE","2023-02","2024-03","2024-03-25","2024-05-01"
"S-7b211a","A-e5d6ab","Pro","32","1568.00","18816.00","FALSE","FALSE","FALSE","FALSE","annual","TRUE","2023-05","2024-11","2024-11-10",\N
"S-da9362","A-b2225d","Basic","47","893.00","10716.00","FALSE","FALSE","FALSE","FALSE","annual","TRUE","2024-04","2024-05","2024-05-21",\N
"S-79b038","A-b07b56","Basic","25","475.00","5700.00","FALSE","FALSE","FALSE","FALSE","annual","TRUE","2024-11","2024-11","2024-11-29",\N
"S-9a6a1b","A-c16b88","Pro","23","0.00","0.00","TRUE","FALSE","FALSE","FALSE","annual","TRUE","2024-03","2024-03","2024-03-09",\N
"S-82348a","A-4e960a","Basic","12","0.00","0.00","TRUE","FALSE","FALSE","FALSE","annual","FALSE","2024-02","2024-04","2024-04-02",\N
"S-df0314","A-39ddf4","Pro","40","1960.00","23520.00","FALSE","FALSE","FALSE","FALSE","monthly","TRUE","2024-12","2024-12","2024-12-21",\N
"S-dd5a4c","A-716841","Basic","161","3059.00","36708.00","FALSE","FALSE","FALSE","FALSE","annual","TRUE","2024-05","2024-05","2024-05-13",\N
"S-54bb4e","A-54d94a","Basic","55","1045.00","12540.00","FALSE","FALSE","FALSE","FALSE","monthly","TRUE","2023-11","2023-12","2023-12-16",\N
"S-d98caa","A-09316c","Enterprise","70","13930.00","167160.00","FALSE","FALSE","FALSE","FALSE","annual","TRUE","2024-09","2024-12","2024-12-29",\N
"S-eea4ae","A-ffc04f","Pro","13","0.00","0.00","TRUE","FALSE","FALSE","FALSE","monthly","FALSE","2024-06","2024-09","2024-09-14",\N
"S-bd02dd","A-eb7fac","Pro","12","588.00","7056.00","FALSE","FALSE","FALSE","FALSE","monthly","TRUE","2023-12","2023-12","2023-12-26",\N
"S-6d4050","A-854864","Enterprise","20","3980.00","47760.00","FALSE","FALSE","FALSE","FALSE","monthly","TRUE","2024-12","2024-12","2024-12-09",\N
"S-3bb329","A-1e1b80","Pro","50","2450.00","29400.00","FALSE","FALSE","FALSE","FALSE","monthly","TRUE","2023-10","2024-07","2024-07-21",\N
"S-f639fb","A-9f2731","Pro","27","0.00","0.00","TRUE","FALSE","FALSE","FALSE","monthly","TRUE","2024-10","2024-10","2024-10-12",\N
"S-466093","A-883b7d","Basic","78","1482.00","17784.00","FALSE","FALSE","FALSE","FALSE","annual","TRUE","2024-04","2024-08","2024-08-17",\N
"S-8bbfcd","A-eb1312","Basic","25","475.00","5700.00","FALSE","FALSE","FALSE","FALSE","annual","FALSE","2024-09","2024-12","2024-12-02",\N
"S-ff23a7","A-35083d","Pro","48","0.00","0.00","TRUE","FALSE","FALSE","FALSE","monthly","TRUE","2023-06","2024-08","2024-08-04",\N
"S-c92099","A-7f4db3","Enterprise","24","4776.00","57312.00","FALSE","FALSE","FALSE","TRUE","annual","TRUE","2023-03","2024-12","2024-12-08","2024-12-14"
"S-188518","A-86fc1d","Enterprise","26","0.00","0.00","TRUE","FALSE","FALSE","FALSE","monthly","TRUE","2024-08","2024-11","2024-11-08",\N
"S-4f8c90","A-32fb14","Basic","29","551.00","6612.00","FALSE","FALSE","FALSE","FALSE","annual","TRUE","2023-07","2024-03","2024-03-18",\N
"S-495e57","A-bbc346","Pro","20","980.00","11760.00","FALSE","TRUE","FALSE","TRUE","annual","TRUE","2024-08","2024-08","2024-08-31","2024-10-26"
"S-3fbf9e","A-00bed1","Pro","28","1372.00","16464.00","FALSE","FALSE","FALSE","FALSE","monthly","TRUE","2023-11","2024-04","2024-04-06",\N
"S-15be1c","A-b20d99","Pro","27","1323.00","15876.00","FALSE","FALSE","FALSE","FALSE","monthly","TRUE","2024-01","2024-09","2024-09-26",\N
"S-a18ab0","A-309e54","Pro","15","735.00","8820.00","FALSE","FALSE","FALSE","FALSE","monthly","TRUE","2024-12","2024-12","2024-12-21",\N
"S-008cab","A-202b67","Pro","11","539.00","6468.00","FALSE","FALSE","FALSE","FALSE","monthly","FALSE","2024-03","2024-05","2024-05-31",\N
"S-09950d","A-5f2961","Enterprise","7","1393.00","16716.00","FALSE","FALSE","FALSE","FALSE","annual","TRUE","2024-11","2024-11","2024-11-27",\N
"S-8b24a0","A-309e54","Pro","33","1617.00","19404.00","FALSE","FALSE","FALSE","TRUE","monthly","TRUE","2024-12","2024-12","2024-12-29","2024-12-30"
"S-648618","A-726cfa","Pro","21","1029.00","12348.00","FALSE","FALSE","FALSE","FALSE","monthly","FALSE","2023-07","2023-09","2023-09-07",\N
"S-d9659f","A-aa9511","Enterprise","23","4577.00","54924.00","FALSE","FALSE","FALSE","FALSE","annual","FALSE","2023-10","2024-07","2024-07-04",\N
"S-ddbad0","A-bad8c1","Basic","42","798.00","9576.00","FALSE","FALSE","FALSE","FALSE","monthly","TRUE","2023-06","2023-09","2023-09-16",\N
"S-1f9da0","A-977ca0","Basic","11","209.00","2508.00","FALSE","FALSE","FALSE","FALSE","monthly","FALSE","2023-02","2023-10","2023-10-15",\N
"S-74f146","A-18793f","Pro","148","7252.00","87024.00","FALSE","FALSE","FALSE","FALSE","monthly","TRUE","2024-12","2024-12","2024-12-23",\N
"S-e0179e","A-69fad4","Pro","13","0.00","0.00","TRUE","FALSE","FALSE","FALSE","monthly","TRUE","2023-07","2024-03","2024-03-24",\N
"S-8055fa","A-09540c","Basic","67","1273.00","15276.00","FALSE","FALSE","FALSE","TRUE","monthly","TRUE","2024-04","2024-08","2024-08-03","2024-11-29"
"S-c1446e","A-9289f6","Enterprise","22","0.00","0.00","TRUE","FALSE","FALSE","FALSE","monthly","TRUE","2023-07","2023-11","2023-11-15",\N
"S-27e9ad","A-05f0e5","Basic","32","608.00","7296.00","FALSE","FALSE","FALSE","FALSE","annual","TRUE","2023-06","2023-10","2023-10-18",\N
"S-c08805","A-6f8ad2","Pro","18","882.00","10584.00","FALSE","FALSE","FALSE","TRUE","annual","TRUE","2024-07","2024-09","2024-09-03","2024-10-03"
"S-4012d6","A-f92792","Pro","15","735.00","8820.00","FALSE","TRUE","FALSE","FALSE","annual","TRUE","2024-07","2024-10","2024-10-31",\N
"S-4236fa","A-4437e4","Basic","17","323.00","3876.00","FALSE","FALSE","FALSE","FALSE","monthly","TRUE","2023-11","2023-11","2023-11-17",\N
"S-a87c2f","A-4ae22a","Enterprise","28","5572.00","66864.00","FALSE","FALSE","FALSE","TRUE","annual","FALSE","2024-05","2024-05","2024-05-28","2024-10-14"
"S-3df6ee","A-afa505","Enterprise","70","13930.00","167160.00","FALSE","FALSE","FALSE","FALSE","monthly","TRUE","2024-01","2024-05","2024-05-10",\N
"S-ca9532","A-309e54","Enterprise","15","2985.00","35820.00","FALSE","FALSE","FALSE","FALSE","annual","TRUE","2024-12","2024-12","2024-12-14",\N
"S-be42e1","A-9f2731","Pro","39","0.00","0.00","TRUE","FALSE","FALSE","FALSE","annual","TRUE","2024-10","2024-10","2024-10-22",\N
"S-7d4d45","A-474ad4","Basic","17","323.00","3876.00","FALSE","FALSE","FALSE","FALSE","annual","TRUE","2023-12","2023-12","2023-12-20",\N
"S-3c5dab","A-7da956","Basic","13","247.00","2964.00","FALSE","FALSE","FALSE","FALSE","monthly","TRUE","2024-06","2024-08","2024-08-13",\N
"S-e43d0d","A-de24d5","Enterprise","37","7363.00","88356.00","FALSE","FALSE","FALSE","FALSE","annual","TRUE","2024-11","2024-11","2024-11-18",\N
"S-f5df4a","A-58b9ff","Pro","6","294.00","3528.00","FALSE","FALSE","FALSE","FALSE","annual","FALSE","2024-06","2024-06","2024-06-26",\N
"S-9925b9","A-cea1f0","Basic","25","475.00","5700.00","FALSE","FALSE","TRUE","FALSE","annual","FALSE","2024-06","2024-06","2024-06-01",\N
"S-1ff580","A-6965e1","Enterprise","13","2587.00","31044.00","FALSE","FALSE","FALSE","FALSE","monthly","FALSE","2024-12","2024-12","2024-12-26",\N
"S-f40285","A-bb1eaa","Basic","21","399.00","4788.00","FALSE","FALSE","FALSE","FALSE","monthly","TRUE","2024-06","2024-07","2024-07-28",\N
"S-c59502","A-bf7919","Enterprise","3","597.00","7164.00","FALSE","FALSE","FALSE","FALSE","monthly","TRUE","2024-12","2024-12","2024-12-07",\N
"S-54283b","A-4c56c9","Enterprise","49","9751.00","117012.00","FALSE","FALSE","FALSE","TRUE","monthly","TRUE","2024-05","2024-08","2024-08-27","2024-11-03"
"S-b48787","A-02fac6","Pro","22","1078.00","12936.00","FALSE","FALSE","FALSE","FALSE","annual","TRUE","2023-10","2023-10","2023-10-21",\N
"S-d859b7","A-66224b","Enterprise","92","0.00","0.00","TRUE","FALSE","FALSE","FALSE","annual","TRUE","2024-10","2024-12","2024-12-30",\N
"S-49d73e","A-f44180","Enterprise","35","0.00","0.00","TRUE","FALSE","FALSE","FALSE","annual","TRUE","2023-03","2024-06","2024-06-30",\N
"S-dfad0a","A-7d514c","Basic","17","0.00","0.00","TRUE","FALSE","FALSE","FALSE","monthly","TRUE","2024-02","2024-09","2024-09-08",\N
"S-dec1fb","A-297a2d","Enterprise","36","7164.00","85968.00","FALSE","TRUE","FALSE","FALSE","monthly","FALSE","2023-08","2023-08","2023-08-30",\N
"S-90a6c9","A-c37cab","Pro","46","0.00","0.00","TRUE","FALSE","FALSE","FALSE","monthly","TRUE","2024-07","2024-10","2024-10-18",\N
"S-e339fb","A-c1e51e","Enterprise","14","2786.00","33432.00","FALSE","FALSE","FALSE","TRUE","annual","TRUE","2024-10","2024-10","2024-10-31","2024-12-18"
"S-f4a92a","A-ccb686","Pro","14","686.00","8232.00","FALSE","FALSE","FALSE","FALSE","annual","FALSE","2024-02","2024-02","2024-02-02",\N
"S-d1f7ad","A-c222ab","Basic","32","608.00","7296.00","FALSE","FALSE","FALSE","TRUE","annual","FALSE","2024-08","2024-10","2024-10-31","2024-11-29"
"S-81fc45","A-5a215a","Pro","87","0.00","0.00","TRUE","FALSE","FALSE","FALSE","annual","TRUE","2024-01","2024-02","2024-02-05",\N
"S-a25ed2","A-65aeb5","Enterprise","9","1791.00","21492.00","FALSE","FALSE","FALSE","TRUE","monthly","TRUE","2024-02","2024-08","2024-08-19","2024-09-25"
"S-51b3ed","A-702032","Basic","28","532.00","6384.00","FALSE","TRUE","FALSE","FALSE","annual","TRUE","2024-04","2024-10","2024-10-28",\N
"S-d604ec","A-67be94","Basic","26","494.00","5928.00","FALSE","FALSE","FALSE","FALSE","monthly","TRUE","2023-08","2023-08","2023-08-29",\N
"S-864b0c","A-f25509","Enterprise","32","6368.00","76416.00","FALSE","FALSE","FALSE","FALSE","annual","TRUE","2024-05","2024-07","2024-07-14",\N
"S-4c4852","A-71615e","Basic","73","0.00","0.00","TRUE","FALSE","FALSE","FALSE","monthly","TRUE","2024-06","2024-11","2024-11-06",\N
"S-7576bd","A-354f12","Enterprise","9","1791.00","21492.00","FALSE","FALSE","FALSE","FALSE","annual","TRUE","2024-05","2024-10","2024-10-18",\N
"S-b41269","A-e5d6ab","Enterprise","15","2985.00","35820.00","FALSE","FALSE","FALSE","FALSE","annual","TRUE","2023-05","2024-03","2024-03-23",\N
"S-786a36","A-5ed98d","Enterprise","24","4776.00","57312.00","FALSE","FALSE","FALSE","FALSE","annual","TRUE","2024-06","2024-07","2024-07-18",\N
"S-264c8a","A-34d880","Enterprise","7","0.00","0.00","TRUE","FALSE","FALSE","FALSE","monthly","TRUE","2024-04","2024-06","2024-06-26",\N
"S-196e49","A-0b0d6d","Basic","12","228.00","2736.00","FALSE","FALSE","FALSE","FALSE","monthly","TRUE","2024-12","2024-12","2024-12-30",\N
"S-cda242","A-71615e","Pro","22","1078.00","12936.00","FALSE","TRUE","FALSE","FALSE","annual","TRUE","2024-06","2024-10","2024-10-10",\N
"S-c3d6a2","A-7f29a7","Basic","41","779.00","9348.00","FALSE","FALSE","FALSE","FALSE","annual","TRUE","2024-09","2024-12","2024-12-03",\N
"S-43c737","A-65aeb5","Enterprise","9","1791.00","21492.00","FALSE","FALSE","FALSE","FALSE","annual","TRUE","2024-02","2024-09","2024-09-01",\N
"S-021ca9","A-9affe6","Basic","18","342.00","4104.00","FALSE","FALSE","FALSE","FALSE","monthly","TRUE","2023-04","2024-10","2024-10-01",\N
"S-576aec","A-7e0a10","Pro","46","2254.00","27048.00","FALSE","FALSE","FALSE","FALSE","monthly","FALSE","2023-11","2023-12","2023-12-07",\N
"S-6485d5","A-ac9111","Enterprise","21","4179.00","50148.00","FALSE","FALSE","FALSE","FALSE","monthly","TRUE","2023-09","2024-06","2024-06-16",\N
"S-de7a48","A-ccc747","Pro","23","1127.00","13524.00","FALSE","FALSE","FALSE","TRUE","annual","TRUE","2024-05","2024-10","2024-10-15","2024-12-30"
"S-7d5bf1","A-92a3af","Enterprise","27","5373.00","64476.00","FALSE","FALSE","FALSE","FALSE","monthly","TRUE","2024-07","2024-09","2024-09-19",\N
"S-83ee75","A-439b2f","Pro","26","1274.00","15288.00","FALSE","TRUE","FALSE","FALSE","monthly","TRUE","2024-03","2024-12","2024-12-27",\N
"S-5ddeef","A-712f1c","Pro","58","0.00","0.00","TRUE","FALSE","FALSE","FALSE","annual","FALSE","2024-01","2024-01","2024-01-28",\N
"S-25270a","A-de24d5","Enterprise","13","2587.00","31044.00","FALSE","FALSE","FALSE","FALSE","annual","TRUE","2024-11","2024-12","2024-12-15",\N
"S-7e09c4","A-118f1c","Basic","32","608.00","7296.00","FALSE","FALSE","FALSE","TRUE","annual","FALSE","2024-10","2024-12","2024-12-21","2024-12-31"
"S-9efd1b","A-6a4e2d","Basic","20","380.00","4560.00","FALSE","FALSE","TRUE","FALSE","monthly","TRUE","2023-05","2024-04","2024-04-06",\N
"S-b8a3b6","A-e7beab","Pro","57","2793.00","33516.00","FALSE","FALSE","FALSE","FALSE","annual","TRUE","2023-10","2024-07","2024-07-24",\N
"S-1db3e6","A-c608c8","Basic","5","95.00","1140.00","FALSE","FALSE","FALSE","FALSE","monthly","TRUE","2023-06","2024-08","2024-08-28",\N
"S-17c51e","A-462d45","Pro","61","2989.00","35868.00","FALSE","FALSE","FALSE","TRUE","annual","TRUE","2024-01","2024-11","2024-11-25","2024-12-12"
"S-b9fe85","A-2d1036","Enterprise","69","13731.00","164772.00","FALSE","FALSE","FALSE","FALSE","monthly","TRUE","2024-07","2024-07","2024-07-03",\N
"S-c62428","A-1f0636","Enterprise","105","20895.00","250740.00","FALSE","FALSE","FALSE","FALSE","annual","FALSE","2024-02","2024-11","2024-11-17",\N
"S-6eeae1","A-c70870","Pro","94","4606.00","55272.00","FALSE","FALSE","FALSE","FALSE","annual","TRUE","2024-11","2024-12","2024-12-29",\N
"S-79ef9b","A-4e960a","Enterprise","23","4577.00","54924.00","FALSE","FALSE","FALSE","FALSE","annual","TRUE","2024-02","2024-04","2024-04-02",\N
"S-0455a5","A-993085","Enterprise","42","8358.00","100296.00","FALSE","TRUE","FALSE","TRUE","monthly","FALSE","2023-08","2024-10","2024-10-22","2024-11-10"
"S-ae093b","A-d27f50","Enterprise","44","0.00","0.00","TRUE","FALSE","FALSE","FALSE","monthly","TRUE","2024-07","2024-11","2024-11-29",\N
"S-72e73f","A-dbc825","Enterprise","19","3781.00","45372.00","FALSE","TRUE","FALSE","FALSE","annual","FALSE","2024-01","2024-01","2024-01-26",\N
"S-8c118d","A-b179bf","Pro","43","0.00","0.00","TRUE","FALSE","FALSE","FALSE","monthly","TRUE","2024-10","2024-10","2024-10-27",\N
"S-ab7a04","A-098560","Basic","7","133.00","1596.00","FALSE","FALSE","FALSE","FALSE","annual","TRUE","2023-12","2024-09","2024-09-05",\N
"S-761518","A-00cac8","Pro","8","392.00","4704.00","FALSE","FALSE","FALSE","FALSE","monthly","TRUE","2023-09","2024-09","2024-09-05",\N
"S-f49f24","A-ccc747","Pro","16","784.00","9408.00","FALSE","FALSE","FALSE","FALSE","annual","FALSE","2024-05","2024-07","2024-07-14",\N
"S-22083e","A-6e7827","Pro","17","833.00","9996.00","FALSE","FALSE","FALSE","FALSE","annual","TRUE","2023-06","2024-12","2024-12-19",\N
"S-c14eeb","A-fce879","Basic","33","627.00","7524.00","FALSE","FALSE","FALSE","FALSE","monthly","TRUE","2024-09","2024-09","2024-09-28",\N
"S-804965","A-157070","Enterprise","35","6965.00","83580.00","FALSE","FALSE","FALSE","FALSE","monthly","TRUE","2023-12","2024-03","2024-03-31",\N
"S-19abcf","A-940b8b","Pro","17","833.00","9996.00","FALSE","FALSE","FALSE","FALSE","annual","TRUE","2024-04","2024-09","2024-09-10",\N
"S-004d19","A-bece89","Enterprise","26","5174.00","62088.00","FALSE","FALSE","FALSE","FALSE","annual","TRUE","2024-01","2024-03","2024-03-03",\N
"S-11939f","A-40906c","Basic","92","1748.00","20976.00","FALSE","FALSE","FALSE","FALSE","monthly","TRUE","2024-05","2024-10","2024-10-14",\N
"S-6cea1b","A-158f4e","Pro","61","2989.00","35868.00","FALSE","FALSE","FALSE","FALSE","monthly","TRUE","2023-06","2024-11","2024-11-18",\N
"S-74be40","A-a8d89d","Enterprise","13","2587.00","31044.00","FALSE","TRUE","FALSE","FALSE","monthly","FALSE","2023-12","2024-04","2024-04-12",\N
"S-8f9410","A-098560","Enterprise","3","597.00","7164.00","FALSE","FALSE","FALSE","FALSE","annual","TRUE","2023-12","2024-07","2024-07-19",\N
"S-395a98","A-c7e58b","Basic","16","304.00","3648.00","FALSE","FALSE","FALSE","FALSE","monthly","TRUE","2023-08","2024-07","2024-07-29",\N
"S-151b22","A-533452","Basic","9","171.00","2052.00","FALSE","FALSE","FALSE","FALSE","annual","TRUE","2024-11","2024-12","2024-12-18",\N
"S-6b0789","A-34d880","Pro","14","686.00","8232.00","FALSE","FALSE","FALSE","FALSE","monthly","TRUE","2024-04","2024-07","2024-07-04",\N
"S-f94b9b","A-82861f","Pro","41","2009.00","24108.00","FALSE","FALSE","FALSE","TRUE","annual","TRUE","2024-05","2024-10","2024-10-16","2024-11-08"
"S-0e068c","A-40de06","Basic","60","1140.00","13680.00","FALSE","FALSE","FALSE","FALSE","annual","TRUE","2023-06","2024-09","2024-09-13",\N
"S-212fc4","A-c608c8","Enterprise","6","1194.00","14328.00","FALSE","FALSE","FALSE","FALSE","monthly","TRUE","2023-06","2023-10","2023-10-15",\N
"S-eec056","A-c222ab","Basic","32","608.00","7296.00","FALSE","TRUE","FALSE","FALSE","monthly","TRUE","2024-08","2024-10","2024-10-07",\N
"S-28e360","A-ad64c6","Enterprise","28","5572.00","66864.00","FALSE","FALSE","FALSE","FALSE","annual","TRUE","2024-03","2024-11","2024-11-20",\N
"S-52119f","A-02fac6","Enterprise","22","4378.00","52536.00","FALSE","FALSE","FALSE","FALSE","monthly","TRUE","2023-10","2023-11","2023-11-20",\N
"S-008f3c","A-e98302","Pro","58","2842.00","34104.00","FALSE","FALSE","FALSE","TRUE","annual","TRUE","2024-01","2024-12","2024-12-23","2024-12-28"
"S-82c91a","A-462d45","Pro","30","1470.00","17640.00","FALSE","FALSE","FALSE","FALSE","annual","TRUE","2024-01","2024-12","2024-12-10",\N
"S-fcab86","A-9f0b68","Enterprise","17","3383.00","40596.00","FALSE","FALSE","FALSE","FALSE","annual","TRUE","2024-05","2024-08","2024-08-04",\N
"S-92b77f","A-7dacce","Pro","12","588.00","7056.00","FALSE","FALSE","FALSE","FALSE","annual","FALSE","2024-09","2024-11","2024-11-27",\N
"S-099dbc","A-812c5b","Pro","55","2695.00","32340.00","FALSE","FALSE","FALSE","FALSE","monthly","TRUE","2024-04","2024-07","2024-07-21",\N
"S-da7f1f","A-1f0ac7","Pro","24","1176.00","14112.00","FALSE","FALSE","FALSE","FALSE","monthly","FALSE","2023-12","2023-12","2023-12-04",\N
"S-62641a","A-4c56c9","Enterprise","18","3582.00","42984.00","FALSE","FALSE","FALSE","TRUE","monthly","FALSE","2024-05","2024-11","2024-11-29","2024-12-03"
"S-2c3b6d","A-a2485e","Enterprise","17","3383.00","40596.00","FALSE","FALSE","FALSE","FALSE","annual","TRUE","2024-08","2024-12","2024-12-05",\N
"S-3e0c24","A-271f46","Basic","38","722.00","8664.00","FALSE","FALSE","FALSE","FALSE","annual","TRUE","2023-03","2023-03","2023-03-29",\N
"S-9d7fa9","A-a865bd","Pro","38","1862.00","22344.00","FALSE","FALSE","FALSE","FALSE","monthly","TRUE","2024-01","2024-01","2024-01-17",\N
"S-9f13f8","A-f3ff05","Basic","2","38.00","456.00","FALSE","FALSE","FALSE","FALSE","annual","TRUE","2024-08","2024-10","2024-10-07",\N
"S-0359cf","A-afa505","Pro","70","0.00","0.00","TRUE","FALSE","FALSE","FALSE","annual","FALSE","2024-01","2024-02","2024-02-10",\N
"S-f29976","A-977ca0","Pro","6","0.00","0.00","TRUE","FALSE","FALSE","FALSE","annual","TRUE","2023-02","2023-06","2023-06-10",\N
"S-23281c","A-69fad4","Basic","15","285.00","3420.00","FALSE","FALSE","FALSE","FALSE","monthly","TRUE","2023-07","2023-07","2023-07-24",\N
"S-b4536d","A-7a0d69","Basic","20","380.00","4560.00","FALSE","FALSE","FALSE","FALSE","annual","TRUE","2024-07","2024-11","2024-11-20",\N
"S-e5a001","A-922109","Basic","9","0.00","0.00","TRUE","FALSE","FALSE","FALSE","monthly","TRUE","2024-03","2024-10","2024-10-20",\N
"S-d56a2c","A-751bd4","Pro","35","0.00","0.00","TRUE","FALSE","FALSE","FALSE","annual","TRUE","2024-09","2024-10","2024-10-29",\N
"S-5ab139","A-30b4ca","Enterprise","86","17114.00","205368.00","FALSE","FALSE","FALSE","FALSE","annual","TRUE","2024-05","2024-05","2024-05-24",\N
"S-1e5fd7","A-ac9111","Basic","21","399.00","4788.00","FALSE","FALSE","FALSE","FALSE","monthly","TRUE","2023-09","2024-10","2024-10-18",\N
"S-1c7a41","A-4f18f0","Basic","24","456.00","5472.00","FALSE","FALSE","FALSE","FALSE","monthly","TRUE","2024-04","2024-12","2024-12-20",\N
"S-b7feb8","A-075038","Basic","37","703.00","8436.00","FALSE","FALSE","FALSE","FALSE","annual","FALSE","2023-07","2024-05","2024-05-08",\N
"S-b89456","A-13466a","Enterprise","4","796.00","9552.00","FALSE","FALSE","FALSE","TRUE","monthly","TRUE","2023-11","2024-09","2024-09-01","2024-12-31"
"S-e93577","A-bb2f49","Pro","85","4165.00","49980.00","FALSE","TRUE","FALSE","FALSE","monthly","TRUE","2023-06","2024-11","2024-11-14",\N
"S-69a2d8","A-dcc2f0","Pro","15","735.00","8820.00","FALSE","FALSE","FALSE","FALSE","monthly","TRUE","2023-10","2023-12","2023-12-03",\N
"S-00fb6e","A-c16101","Basic","13","247.00","2964.00","FALSE","FALSE","FALSE","FALSE","monthly","TRUE","2024-09","2024-10","2024-10-22",\N
"S-26bc22","A-59f724","Enterprise","3","597.00","7164.00","FALSE","TRUE","FALSE","FALSE","annual","FALSE","2024-01","2024-07","2024-07-23",\N
"S-77ba64","A-bd4513","Basic","66","1254.00","15048.00","FALSE","TRUE","FALSE","FALSE","annual","TRUE","2024-11","2024-11","2024-11-16",\N
"S-6f04a4","A-417d2f","Pro","4","196.00","2352.00","FALSE","FALSE","FALSE","FALSE","monthly","TRUE","2023-07","2024-09","2024-09-14",\N
"S-0268ba","A-9f0b68","Enterprise","33","6567.00","78804.00","FALSE","FALSE","FALSE","FALSE","annual","TRUE","2024-05","2024-07","2024-07-20",\N
"S-0abd10","A-016043","Enterprise","24","4776.00","57312.00","FALSE","TRUE","FALSE","TRUE","annual","TRUE","2024-08","2024-11","2024-11-23","2024-12-21"
"S-dab0d8","A-439b2f","Basic","6","114.00","1368.00","FALSE","FALSE","FALSE","FALSE","annual","TRUE","2024-03","2024-05","2024-05-16",\N
"S-046595","A-ed510f","Enterprise","42","8358.00","100296.00","FALSE","TRUE","FALSE","FALSE","annual","TRUE","2023-03","2023-12","2023-12-28",\N
"S-5aaf6f","A-6965e1","Enterprise","13","2587.00","31044.00","FALSE","FALSE","FALSE","FALSE","annual","TRUE","2024-12","2024-12","2024-12-12",\N
"S-a10469","A-5247b3","Pro","16","784.00","9408.00","FALSE","FALSE","FALSE","FALSE","annual","TRUE","2024-03","2024-10","2024-10-14",\N
"S-cbf8e8","A-d4e0d4","Basic","117","2223.00","26676.00","FALSE","FALSE","FALSE","FALSE","monthly","TRUE","2024-10","2024-11","2024-11-23",\N
"S-a0e1dc","A-712426","Basic","119","2261.00","27132.00","FALSE","FALSE","FALSE","FALSE","monthly","TRUE","2024-11","2024-12","2024-12-19",\N
"S-127d0b","A-1e50e0","Pro","19","931.00","11172.00","FALSE","FALSE","FALSE","FALSE","monthly","TRUE","2023-03","2024-05","2024-05-04",\N
"S-2fed82","A-5b4ebb","Basic","21","399.00","4788.00","FALSE","FALSE","FALSE","FALSE","monthly","TRUE","2024-07","2024-07","2024-07-11",\N
"S-2f07f6","A-9208f0","Pro","49","0.00","0.00","TRUE","FALSE","FALSE","FALSE","monthly","FALSE","2023-05","2024-03","2024-03-20",\N
"S-448b6d","A-8adedc","Basic","19","361.00","4332.00","FALSE","FALSE","FALSE","FALSE","monthly","FALSE","2024-02","2024-06","2024-06-08",\N
"S-c61dc9","A-f92792","Basic","19","361.00","4332.00","FALSE","FALSE","FALSE","FALSE","annual","FALSE","2024-07","2024-12","2024-12-15",\N
"S-a7ad50","A-82d8a6","Basic","18","342.00","4104.00","FALSE","FALSE","FALSE","FALSE","monthly","TRUE","2024-12","2024-12","2024-12-18",\N
"S-b037c5","A-0a282f","Pro","20","980.00","11760.00","FALSE","FALSE","TRUE","FALSE","annual","TRUE","2024-08","2024-10","2024-10-07",\N
"S-bdd2e4","A-ce66f8","Basic","29","551.00","6612.00","FALSE","FALSE","FALSE","FALSE","annual","TRUE","2023-08","2024-05","2024-05-16",\N
"S-8d89a8","A-5f2961","Enterprise","16","3184.00","38208.00","FALSE","FALSE","FALSE","FALSE","monthly","TRUE","2024-11","2024-12","2024-12-03",\N
"S-00bb84","A-4f18f0","Pro","24","1176.00","14112.00","FALSE","FALSE","FALSE","FALSE","annual","TRUE","2024-04","2024-07","2024-07-07",\N
"S-c5bec0","A-1986ca","Enterprise","20","3980.00","47760.00","FALSE","FALSE","FALSE","FALSE","annual","TRUE","2023-07","2024-09","2024-09-21",\N
"S-e6029e","A-9174e0","Enterprise","37","7363.00","88356.00","FALSE","FALSE","FALSE","FALSE","monthly","TRUE","2024-12","2024-12","2024-12-19",\N
"S-f8008a","A-eb2fdc","Enterprise","31","6169.00","74028.00","FALSE","FALSE","FALSE","FALSE","annual","TRUE","2024-02","2024-07","2024-07-07",\N
"S-db89df","A-1f0636","Enterprise","105","20895.00","250740.00","FALSE","TRUE","FALSE","FALSE","annual","TRUE","2024-02","2024-05","2024-05-29",\N
"S-700036","A-02cd81","Basic","44","836.00","10032.00","FALSE","FALSE","FALSE","FALSE","annual","TRUE","2024-03","2024-03","2024-03-31",\N
"S-7925f0","A-87aa7b","Enterprise","24","4776.00","57312.00","FALSE","FALSE","FALSE","FALSE","monthly","TRUE","2024-05","2024-09","2024-09-24",\N
"S-1877a6","A-d77f4c","Pro","6","294.00","3528.00","FALSE","FALSE","FALSE","FALSE","monthly","TRUE","2023-10","2024-03","2024-03-31",\N
"S-6b6cd7","A-d792a6","Enterprise","6","0.00","0.00","TRUE","FALSE","FALSE","FALSE","monthly","TRUE","2023-02","2023-04","2023-04-04",\N
"S-3ed1f5","A-7920cc","Enterprise","39","7761.00","93132.00","FALSE","FALSE","FALSE","FALSE","monthly","TRUE","2023-11","2024-02","2024-02-19",\N
"S-cf59a0","A-c16cf7","Basic","18","0.00","0.00","TRUE","FALSE","FALSE","FALSE","monthly","TRUE","2024-10","2024-11","2024-11-02",\N
"S-78e1c6","A-7e0a10","Enterprise","46","9154.00","109848.00","FALSE","FALSE","FALSE","FALSE","monthly","FALSE","2023-11","2024-02","2024-02-28",\N
"S-ce5636","A-4c56c9","Basic","30","0.00","0.00","TRUE","FALSE","FALSE","FALSE","annual","TRUE","2024-05","2024-11","2024-11-14",\N
"S-0c9600","A-2b9d3e","Basic","11","209.00","2508.00","FALSE","FALSE","FALSE","FALSE","annual","TRUE","2023-09","2023-09","2023-09-06",\N
"S-0a6b6b","A-d42431","Basic","22","418.00","5016.00","FALSE","FALSE","TRUE","FALSE","monthly","TRUE","2024-06","2024-06","2024-06-11",\N
"S-054897","A-de58ca","Pro","15","735.00","8820.00","FALSE","FALSE","FALSE","FALSE","monthly","FALSE","2023-04","2024-01","2024-01-06",\N
"S-b81c82","A-9289f6","Pro","25","1225.00","14700.00","FALSE","TRUE","FALSE","FALSE","annual","FALSE","2023-07","2024-12","2024-12-17",\N
"S-c9eecb","A-6c093d","Basic","9","171.00","2052.00","FALSE","FALSE","FALSE","FALSE","annual","TRUE","2023-04","2024-10","2024-10-10",\N
"S-2c53ad","A-c222ab","Enterprise","32","6368.00","76416.00","FALSE","FALSE","FALSE","FALSE","monthly","TRUE","2024-08","2024-09","2024-09-19",\N
"S-9eb2c5","A-bb3bd4","Basic","23","437.00","5244.00","FALSE","TRUE","FALSE","FALSE","monthly","TRUE","2024-04","2024-09","2024-09-16",\N
"S-d0c339","A-31ab9a","Pro","19","0.00","0.00","TRUE","FALSE","FALSE","FALSE","annual","TRUE","2024-03","2024-08","2024-08-29",\N
"S-6f43f7","A-e36807","Enterprise","14","2786.00","33432.00","FALSE","FALSE","FALSE","FALSE","annual","TRUE","2024-06","2024-07","2024-07-22",\N
"S-d43ad9","A-8bde0c","Pro","13","637.00","7644.00","FALSE","FALSE","FALSE","FALSE","annual","FALSE","2024-11","2024-12","2024-12-14",\N
"S-b04174","A-5b4ebb","Basic","21","399.00","4788.00","FALSE","FALSE","FALSE","FALSE","monthly","TRUE","2024-07","2024-10","2024-10-15",\N
"S-62aa3c","A-5b1bcd","Enterprise","73","14527.00","174324.00","FALSE","TRUE","FALSE","FALSE","monthly","TRUE","2023-09","2023-11","2023-11-27",\N
"S-d88b25","A-474ad4","Enterprise","24","4776.00","57312.00","FALSE","FALSE","FALSE","FALSE","annual","FALSE","2023-12","2024-12","2024-12-29",\N
"S-14a685","A-692f18","Enterprise","7","1393.00","16716.00","FALSE","FALSE","FALSE","FALSE","monthly","FALSE","2024-03","2024-07","2024-07-29",\N
"S-4977c8","A-3be56b","Enterprise","3","0.00","0.00","TRUE","FALSE","FALSE","TRUE","annual","FALSE","2023-11","2023-11","2023-11-22","2024-02-23"
"S-2e1ceb","A-ccb686","Enterprise","12","0.00","0.00","TRUE","TRUE","FALSE","FALSE","annual","FALSE","2024-02","2024-03","2024-03-23",\N
"S-59f0a6","A-104f1a","Pro","123","6027.00","72324.00","FALSE","FALSE","FALSE","TRUE","monthly","FALSE","2024-09","2024-09","2024-09-02","2024-11-28"
"S-66106d","A-186a44","Enterprise","20","0.00","0.00","TRUE","FALSE","FALSE","FALSE","monthly","FALSE","2023-08","2024-11","2024-11-02",\N
"S-510e07","A-b7ef83","Enterprise","2","398.00","4776.00","FALSE","TRUE","FALSE","FALSE","monthly","TRUE","2024-06","2024-10","2024-10-20",\N
"S-b7d99d","A-9f0b68","Basic","14","266.00","3192.00","FALSE","FALSE","FALSE","FALSE","annual","TRUE","2024-05","2024-11","2024-11-28",\N
"S-debbee","A-3a7284","Basic","73","1387.00","16644.00","FALSE","FALSE","FALSE","TRUE","annual","TRUE","2024-11","2024-11","2024-11-28","2024-12-11"
"S-c348d2","A-4a267b","Basic","25","475.00","5700.00","FALSE","FALSE","FALSE","FALSE","annual","TRUE","2024-05","2024-06","2024-06-17",\N
"S-d0259a","A-4e0e85","Enterprise","6","1194.00","14328.00","FALSE","FALSE","FALSE","FALSE","monthly","TRUE","2024-02","2024-02","2024-02-22",\N
"S-5f1d80","A-600734","Basic","29","551.00","6612.00","FALSE","FALSE","FALSE","FALSE","monthly","TRUE","2024-01","2024-04","2024-04-17",\N
"S-f132ab","A-e2cd1b","Pro","15","735.00","8820.00","FALSE","FALSE","FALSE","FALSE","annual","TRUE","2024-02","2024-04","2024-04-29",\N
"S-d1fb2e","A-3f9cc0","Enterprise","30","5970.00","71640.00","FALSE","FALSE","FALSE","FALSE","monthly","TRUE","2024-06","2024-08","2024-08-04",\N
"S-26da35","A-d27f50","Pro","44","2156.00","25872.00","FALSE","TRUE","FALSE","FALSE","annual","TRUE","2024-07","2024-12","2024-12-09",\N
"S-c92850","A-05d3b3","Pro","22","1078.00","12936.00","FALSE","FALSE","FALSE","FALSE","annual","TRUE","2023-07","2023-09","2023-09-30",\N
"S-64ddbc","A-c16cf7","Basic","13","247.00","2964.00","FALSE","FALSE","FALSE","FALSE","monthly","TRUE","2024-10","2024-12","2024-12-18",\N
"S-ef3aa2","A-5a92e7","Pro","9","441.00","5292.00","FALSE","FALSE","FALSE","FALSE","monthly","FALSE","2024-06","2024-09","2024-09-19",\N
"S-0e43ad","A-cc8c8f","Enterprise","28","5572.00","66864.00","FALSE","TRUE","FALSE","FALSE","annual","TRUE","2024-06","2024-06","2024-06-21",\N
"S-54df4c","A-9f9299","Pro","28","1372.00","16464.00","FALSE","FALSE","FALSE","FALSE","annual","TRUE","2023-11","2024-11","2024-11-18",\N
"S-d8165b","A-89ee83","Basic","38","722.00","8664.00","FALSE","FALSE","FALSE","FALSE","annual","TRUE","2024-10","2024-10","2024-10-18",\N
"S-67b7bf","A-dcc2f0","Basic","15","285.00","3420.00","FALSE","FALSE","FALSE","FALSE","monthly","FALSE","2023-10","2024-10","2024-10-13",\N
"S-e6ad38","A-b07b56","Pro","25","1225.00","14700.00","FALSE","FALSE","FALSE","FALSE","monthly","TRUE","2024-11","2024-11","2024-11-19",\N
"S-55a520","A-726cfa","Pro","30","1470.00","17640.00","FALSE","FALSE","FALSE","FALSE","monthly","TRUE","2023-07","2023-08","2023-08-26",\N
"S-83a9a4","A-09316c","Pro","70","3430.00","41160.00","FALSE","TRUE","FALSE","FALSE","annual","TRUE","2024-09","2024-11","2024-11-26",\N
"S-efeb9b","A-1f0636","Basic","105","0.00","0.00","TRUE","TRUE","FALSE","FALSE","annual","TRUE","2024-02","2024-02","2024-02-27",\N
"S-240a09","A-5c9849","Pro","19","931.00","11172.00","FALSE","TRUE","FALSE","FALSE","monthly","FALSE","2024-11","2024-12","2024-12-30",\N
"S-f52fd6","A-f1f639","Enterprise","9","1791.00","21492.00","FALSE","FALSE","FALSE","FALSE","monthly","TRUE","2023-07","2024-09","2024-09-19",\N
"S-1a2fbc","A-526d93","Basic","45","855.00","10260.00","FALSE","FALSE","FALSE","FALSE","monthly","TRUE","2024-04","2024-06","2024-06-29",\N
"S-8738af","A-84ebe4","Pro","34","1666.00","19992.00","FALSE","FALSE","FALSE","FALSE","monthly","TRUE","2023-05","2024-03","2024-03-19",\N
"S-af1def","A-443b7c","Basic","36","684.00","8208.00","FALSE","FALSE","FALSE","FALSE","monthly","FALSE","2024-09","2024-09","2024-09-30",\N
"S-7889d9","A-bcbe98","Pro","46","2254.00","27048.00","FALSE","FALSE","FALSE","FALSE","annual","TRUE","2024-07","2024-08","2024-08-09",\N
"S-a72188","A-ced9aa","Pro","3","147.00","1764.00","FALSE","FALSE","FALSE","FALSE","annual","TRUE","2024-10","2024-12","2024-12-31",\N
"S-0ffab0","A-e60f9d","Enterprise","58","11542.00","138504.00","FALSE","FALSE","FALSE","FALSE","annual","TRUE","2024-09","2024-10","2024-10-18",\N
"S-5f4afc","A-09316c","Pro","70","3430.00","41160.00","FALSE","FALSE","FALSE","FALSE","monthly","TRUE","2024-09","2024-11","2024-11-15",\N
"S-3f18be","A-e2cd1b","Enterprise","16","3184.00","38208.00","FALSE","FALSE","FALSE","FALSE","annual","TRUE","2024-02","2024-12","2024-12-26",\N
"S-e133a5","A-4a4c2d","Basic","54","1026.00","12312.00","FALSE","FALSE","FALSE","TRUE","monthly","TRUE","2023-07","2023-07","2023-07-03","2024-01-25"
"S-15662a","A-019782","Basic","11","0.00","0.00","TRUE","FALSE","FALSE","FALSE","annual","TRUE","2023-06","2024-02","2024-02-22",\N
"S-84dd93","A-acb7f7","Enterprise","32","6368.00","76416.00","FALSE","FALSE","FALSE","FALSE","annual","TRUE","2024-01","2024-02","2024-02-16",\N
"S-bafe35","A-1b707d","Basic","41","779.00","9348.00","FALSE","FALSE","FALSE","FALSE","annual","FALSE","2023-11","2024-10","2024-10-27",\N
"S-f1778c","A-1d5444","Basic","24","456.00","5472.00","FALSE","FALSE","FALSE","FALSE","monthly","TRUE","2024-03","2024-04","2024-04-10",\N
"S-85b7d7","A-d40bf7","Basic","59","0.00","0.00","TRUE","FALSE","FALSE","FALSE","monthly","FALSE","2024-11","2024-12","2024-12-27",\N
"S-df147d","A-940b8b","Enterprise","10","0.00","0.00","TRUE","FALSE","FALSE","FALSE","monthly","TRUE","2024-04","2024-09","2024-09-13",\N
"S-4ff3ae","A-eb7c38","Basic","5","95.00","1140.00","FALSE","TRUE","FALSE","FALSE","annual","TRUE","2024-04","2024-07","2024-07-29",\N
"S-808efb","A-7da956","Enterprise","15","2985.00","35820.00","FALSE","FALSE","TRUE","FALSE","monthly","TRUE","2024-06","2024-11","2024-11-16",\N
"S-208e33","A-b20d99","Basic","20","380.00","4560.00","FALSE","FALSE","FALSE","FALSE","monthly","TRUE","2024-01","2024-08","2024-08-05",\N
"S-a0f5ac","A-e7a1e2","Pro","13","637.00","7644.00","FALSE","FALSE","FALSE","FALSE","monthly","TRUE","2024-07","2024-10","2024-10-07",\N
"S-7079c2","A-039727","Enterprise","25","4975.00","59700.00","FALSE","FALSE","TRUE","FALSE","annual","TRUE","2024-11","2024-12","2024-12-15",\N
"S-8789b0","A-eb7c38","Basic","9","171.00","2052.00","FALSE","TRUE","FALSE","TRUE","monthly","FALSE","2024-04","2024-04","2024-04-23","2024-08-02"
"S-b3cae6","A-6a7c9d","Enterprise","26","5174.00","62088.00","FALSE","FALSE","FALSE","FALSE","monthly","TRUE","2024-11","2024-11","2024-11-12",\N
"S-23f506","A-9ee962","Basic","9","0.00","0.00","TRUE","TRUE","FALSE","TRUE","annual","TRUE","2023-06","2023-09","2023-09-28","2023-11-27"
"S-5b9330","A-f03140","Enterprise","27","5373.00","64476.00","FALSE","FALSE","TRUE","FALSE","monthly","TRUE","2023-12","2024-07","2024-07-17",\N
"S-03ac49","A-35083d","Enterprise","19","3781.00","45372.00","FALSE","FALSE","FALSE","FALSE","monthly","TRUE","2023-06","2023-08","2023-08-23",\N
"S-ffce65","A-9ee962","Pro","9","441.00","5292.00","FALSE","TRUE","FALSE","FALSE","annual","TRUE","2023-06","2023-06","2023-06-23",\N
"S-847173","A-c1dfe1","Basic","33","627.00","7524.00","FALSE","FALSE","FALSE","FALSE","monthly","TRUE","2023-10","2023-12","2023-12-17",\N
"S-32e8fa","A-94d3da","Pro","41","2009.00","24108.00","FALSE","FALSE","FALSE","TRUE","annual","TRUE","2023-06","2023-06","2023-06-04","2023-10-21"
"S-b70eef","A-b7b7b7","Pro","24","0.00","0.00","TRUE","FALSE","FALSE","FALSE","monthly","TRUE","2024-07","2024-11","2024-11-12",\N
"S-e1db7e","A-186a44","Basic","20","380.00","4560.00","FALSE","FALSE","FALSE","FALSE","annual","TRUE","2023-08","2024-03","2024-03-13",\N
"S-887d48","A-b07b56","Pro","25","1225.00","14700.00","FALSE","FALSE","FALSE","FALSE","annual","TRUE","2024-11","2024-11","2024-11-20",\N
"S-4b26c5","A-f45426","Enterprise","9","1791.00","21492.00","FALSE","FALSE","FALSE","TRUE","monthly","TRUE","2024-08","2024-09","2024-09-27","2024-09-28"
"S-004eb4","A-ab438f","Enterprise","13","2587.00","31044.00","FALSE","FALSE","FALSE","FALSE","annual","TRUE","2024-10","2024-12","2024-12-05",\N
"S-da7360","A-075038","Basic","42","798.00","9576.00","FALSE","FALSE","FALSE","FALSE","monthly","TRUE","2023-07","2024-10","2024-10-26",\N
"S-22c66b","A-49b828","Basic","24","456.00","5472.00","FALSE","FALSE","FALSE","FALSE","monthly","TRUE","2023-05","2024-02","2024-02-17",\N
"S-c844bd","A-6a4e2d","Basic","9","171.00","2052.00","FALSE","TRUE","FALSE","TRUE","annual","TRUE","2023-05","2024-01","2024-01-23","2024-11-03"
"S-bbc0f7","A-b7724f","Basic","1","19.00","228.00","FALSE","FALSE","FALSE","FALSE","annual","TRUE","2023-06","2024-09","2024-09-15",\N
"S-2f9bef","A-cc1d8d","Enterprise","5","995.00","11940.00","FALSE","FALSE","FALSE","FALSE","annual","TRUE","2024-12","2024-12","2024-12-08",\N
"S-6717d6","A-84ebe4","Enterprise","21","4179.00","50148.00","FALSE","FALSE","FALSE","FALSE","annual","FALSE","2023-05","2023-08","2023-08-12",\N
"S-17bedf","A-4437e4","Basic","3","0.00","0.00","TRUE","FALSE","FALSE","TRUE","monthly","TRUE","2023-11","2023-11","2023-11-20","2024-09-17"
"S-88f1be","A-5a215a","Pro","87","4263.00","51156.00","FALSE","TRUE","FALSE","FALSE","annual","TRUE","2024-01","2024-07","2024-07-10",\N
"S-b3613a","A-7641d3","Enterprise","8","1592.00","19104.00","FALSE","FALSE","FALSE","FALSE","monthly","TRUE","2023-04","2023-04","2023-04-24",\N
"S-885aa7","A-7920cc","Enterprise","54","10746.00","128952.00","FALSE","FALSE","FALSE","FALSE","annual","TRUE","2023-11","2024-03","2024-03-11",\N
"S-2c64e6","A-118d55","Basic","15","285.00","3420.00","FALSE","FALSE","FALSE","FALSE","monthly","FALSE","2024-10","2024-12","2024-12-24",\N
"S-891976","A-95b24a","Basic","38","722.00","8664.00","FALSE","TRUE","FALSE","FALSE","monthly","TRUE","2023-07","2024-09","2024-09-12",\N
"S-9bc272","A-7da956","Pro","13","637.00","7644.00","FALSE","FALSE","FALSE","FALSE","annual","TRUE","2024-06","2024-07","2024-07-20",\N
"S-2636a7","A-1f7acb","Enterprise","64","12736.00","152832.00","FALSE","FALSE","TRUE","FALSE","annual","TRUE","2023-09","2024-07","2024-07-05",\N
"S-3f48a5","A-0cc442","Basic","45","855.00","10260.00","FALSE","FALSE","FALSE","FALSE","monthly","FALSE","2024-07","2024-10","2024-10-04",\N
"S-58239c","A-87aa7b","Pro","24","1176.00","14112.00","FALSE","FALSE","FALSE","FALSE","monthly","TRUE","2024-05","2024-05","2024-05-22",\N
"S-e6571c","A-0be015","Basic","19","361.00","4332.00","FALSE","FALSE","FALSE","TRUE","annual","TRUE","2024-10","2024-11","2024-11-03","2024-11-12"
"S-66569a","A-19b2c8","Pro","20","980.00","11760.00","FALSE","FALSE","FALSE","FALSE","monthly","FALSE","2023-06","2023-07","2023-07-31",\N
"S-e1444a","A-139c3b","Basic","21","0.00","0.00","TRUE","FALSE","FALSE","FALSE","annual","TRUE","2024-11","2024-12","2024-12-30",\N
"S-9f7b07","A-42e5e1","Pro","10","490.00","5880.00","FALSE","FALSE","FALSE","FALSE","annual","FALSE","2024-07","2024-11","2024-11-28",\N
"S-9f8593","A-396e5f","Enterprise","2","0.00","0.00","TRUE","FALSE","FALSE","FALSE","monthly","TRUE","2024-10","2024-10","2024-10-23",\N
"S-ef2990","A-76fa4d","Pro","69","3381.00","40572.00","FALSE","FALSE","FALSE","FALSE","annual","TRUE","2024-11","2024-11","2024-11-29",\N
"S-66b994","A-7f4db3","Basic","23","0.00","0.00","TRUE","FALSE","TRUE","FALSE","annual","TRUE","2023-03","2024-10","2024-10-29",\N
"S-8b64df","A-92a333","Basic","9","171.00","2052.00","FALSE","FALSE","TRUE","FALSE","annual","TRUE","2023-08","2023-08","2023-08-04",\N
"S-f57b2b","A-20736a","Pro","50","2450.00","29400.00","FALSE","FALSE","FALSE","FALSE","annual","TRUE","2024-05","2024-05","2024-05-09",\N
"S-c41b43","A-9f9299","Basic","28","532.00","6384.00","FALSE","FALSE","FALSE","FALSE","monthly","TRUE","2023-11","2024-11","2024-11-17",\N
"S-a3455c","A-e51ec7","Enterprise","2","0.00","0.00","TRUE","FALSE","FALSE","FALSE","annual","TRUE","2023-11","2024-09","2024-09-16",\N
"S-479d9a","A-463db0","Basic","37","703.00","8436.00","FALSE","FALSE","FALSE","FALSE","monthly","TRUE","2024-12","2024-12","2024-12-12",\N
"S-fa03a5","A-7dacce","Pro","12","588.00","7056.00","FALSE","FALSE","FALSE","FALSE","annual","TRUE","2024-09","2024-11","2024-11-27",\N
"S-10ab8d","A-9f0b68","Enterprise","13","2587.00","31044.00","FALSE","FALSE","FALSE","FALSE","annual","FALSE","2024-05","2024-09","2024-09-02",\N
"S-1ade0b","A-22d9d2","Pro","92","4508.00","54096.00","FALSE","TRUE","FALSE","FALSE","monthly","FALSE","2024-03","2024-10","2024-10-24",\N
"S-a9ca9b","A-b9eed8","Enterprise","17","3383.00","40596.00","FALSE","FALSE","FALSE","FALSE","annual","TRUE","2024-03","2024-10","2024-10-06",\N
"S-efe3f6","A-dfbd31","Pro","17","833.00","9996.00","FALSE","FALSE","FALSE","FALSE","monthly","TRUE","2023-12","2024-04","2024-04-27",\N
"S-20f505","A-e1b9cd","Pro","78","3822.00","45864.00","FALSE","FALSE","FALSE","FALSE","annual","TRUE","2023-03","2023-11","2023-11-05",\N
"S-ab3ad8","A-cd458b","Basic","10","190.00","2280.00","FALSE","FALSE","FALSE","FALSE","annual","TRUE","2024-07","2024-07","2024-07-12",\N
"S-d3bd2f","A-81edc3","Basic","24","456.00","5472.00","FALSE","FALSE","FALSE","FALSE","monthly","TRUE","2023-11","2024-06","2024-06-08",\N
"S-c8a3f6","A-4e44e8","Basic","6","114.00","1368.00","FALSE","FALSE","FALSE","FALSE","monthly","FALSE","2024-08","2024-09","2024-09-04",\N
"S-5cda31","A-832ec2","Basic","5","95.00","1140.00","FALSE","FALSE","FALSE","FALSE","annual","FALSE","2024-01","2024-03","2024-03-04",\N
"S-34cfad","A-5a3eb9","Basic","29","551.00","6612.00","FALSE","FALSE","FALSE","FALSE","annual","TRUE","2023-09","2023-12","2023-12-15",\N
"S-bb84b1","A-af0cd2","Basic","30","570.00","6840.00","FALSE","FALSE","FALSE","FALSE","annual","TRUE","2023-01","2023-10","2023-10-12",\N
"S-73cd99","A-726cfa","Enterprise","11","0.00","0.00","TRUE","FALSE","FALSE","FALSE","monthly","TRUE","2023-07","2024-09","2024-09-06",\N
"S-6bc703","A-c37cab","Enterprise","13","2587.00","31044.00","FALSE","FALSE","FALSE","FALSE","monthly","TRUE","2024-07","2024-08","2024-08-01",\N
"S-9b5676","A-1e50e0","Pro","98","4802.00","57624.00","FALSE","FALSE","FALSE","FALSE","monthly","FALSE","2023-03","2024-03","2024-03-02",\N
"S-d30d10","A-c45b23","Basic","7","133.00","1596.00","FALSE","FALSE","FALSE","FALSE","monthly","FALSE","2023-12","2024-10","2024-10-06",\N
"S-b3f236","A-712533","Enterprise","18","3582.00","42984.00","FALSE","FALSE","FALSE","FALSE","monthly","TRUE","2023-08","2024-07","2024-07-15",\N
"S-929a7c","A-328bd0","Basic","28","0.00","0.00","TRUE","FALSE","FALSE","FALSE","monthly","TRUE","2023-08","2023-08","2023-08-10",\N
"S-f9092a","A-f03140","Basic","38","722.00","8664.00","FALSE","FALSE","FALSE","FALSE","monthly","TRUE","2023-12","2024-07","2024-07-10",\N
"S-c5d797","A-35083d","Enterprise","19","3781.00","45372.00","FALSE","FALSE","FALSE","FALSE","monthly","TRUE","2023-06","2024-08","2024-08-13",\N
"S-99af79","A-0532a9","Basic","19","361.00","4332.00","FALSE","FALSE","FALSE","FALSE","annual","FALSE","2024-09","2024-10","2024-10-05",\N
"S-ce932b","A-a1b80b","Pro","16","784.00","9408.00","FALSE","FALSE","FALSE","FALSE","annual","FALSE","2024-03","2024-08","2024-08-24",\N
"S-1f2b1a","A-544d0a","Pro","6","294.00","3528.00","FALSE","FALSE","FALSE","FALSE","monthly","TRUE","2024-05","2024-06","2024-06-22",\N
"S-a14c42","A-4d1e75","Basic","20","380.00","4560.00","FALSE","FALSE","FALSE","FALSE","monthly","TRUE","2024-09","2024-10","2024-10-10",\N
"S-147ad7","A-54ecc2","Basic","4","76.00","912.00","FALSE","FALSE","FALSE","FALSE","annual","TRUE","2023-08","2024-08","2024-08-29",\N
"S-69fb37","A-e4bf56","Pro","17","833.00","9996.00","FALSE","FALSE","FALSE","FALSE","annual","TRUE","2024-11","2024-12","2024-12-12",\N
"S-d90352","A-f9cc74","Enterprise","30","0.00","0.00","TRUE","TRUE","FALSE","FALSE","annual","TRUE","2024-10","2024-12","2024-12-05",\N
"S-a9a5a1","A-7c4956","Basic","9","171.00","2052.00","FALSE","FALSE","FALSE","FALSE","monthly","FALSE","2023-06","2023-06","2023-06-05",\N
"S-daf6b3","A-8bde0c","Pro","12","588.00","7056.00","FALSE","FALSE","FALSE","FALSE","monthly","TRUE","2024-11","2024-11","2024-11-04",\N
"S-03bfa3","A-bc4d48","Basic","35","665.00","7980.00","FALSE","FALSE","FALSE","FALSE","annual","TRUE","2024-06","2024-12","2024-12-27",\N
"S-de3170","A-98a59a","Pro","56","2744.00","32928.00","FALSE","FALSE","FALSE","FALSE","annual","TRUE","2023-09","2024-10","2024-10-27",\N
"S-cfbb85","A-054577","Pro","16","784.00","9408.00","FALSE","TRUE","FALSE","FALSE","monthly","FALSE","2024-05","2024-08","2024-08-06",\N
"S-42f3be","A-05f0e5","Enterprise","32","6368.00","76416.00","FALSE","FALSE","FALSE","FALSE","monthly","TRUE","2023-06","2024-04","2024-04-29",\N
"S-c04755","A-2789e3","Basic","11","209.00","2508.00","FALSE","FALSE","FALSE","FALSE","annual","TRUE","2024-09","2024-10","2024-10-14",\N
"S-bfca66","A-10b8da","Basic","14","266.00","3192.00","FALSE","FALSE","FALSE","FALSE","annual","FALSE","2023-05","2023-06","2023-06-09",\N
"S-cdf625","A-c222ab","Pro","32","1568.00","18816.00","FALSE","FALSE","FALSE","FALSE","monthly","TRUE","2024-08","2024-08","2024-08-24",\N
"S-d8f67e","A-f97b9a","Enterprise","36","7164.00","85968.00","FALSE","FALSE","FALSE","FALSE","monthly","TRUE","2023-09","2024-06","2024-06-11",\N
"S-80af39","A-7f29a7","Basic","41","779.00","9348.00","FALSE","FALSE","FALSE","FALSE","monthly","TRUE","2024-09","2024-09","2024-09-26",\N
"S-11034a","A-9bfc9f","Pro","53","2597.00","31164.00","FALSE","TRUE","TRUE","FALSE","annual","TRUE","2023-09","2024-07","2024-07-11",\N
"S-40d3aa","A-9badbd","Basic","103","1957.00","23484.00","FALSE","FALSE","FALSE","FALSE","monthly","TRUE","2024-06","2024-08","2024-08-22",\N
"S-679640","A-b44e3e","Enterprise","40","7960.00","95520.00","FALSE","FALSE","FALSE","FALSE","monthly","FALSE","2024-02","2024-06","2024-06-25",\N
"S-cb853a","A-c37cab","Basic","23","437.00","5244.00","FALSE","FALSE","FALSE","FALSE","annual","TRUE","2024-07","2024-12","2024-12-17",\N
"S-f553b5","A-6da850","Pro","34","1666.00","19992.00","FALSE","TRUE","FALSE","FALSE","monthly","TRUE","2023-10","2023-10","2023-10-08",\N
"S-fb0905","A-09316c","Basic","70","1330.00","15960.00","FALSE","FALSE","FALSE","FALSE","annual","TRUE","2024-09","2024-12","2024-12-10",\N
"S-0fc73c","A-9affe6","Basic","56","1064.00","12768.00","FALSE","FALSE","FALSE","FALSE","annual","TRUE","2023-04","2023-09","2023-09-14",\N
"S-7e7a73","A-89ee83","Enterprise","16","3184.00","38208.00","FALSE","FALSE","FALSE","FALSE","monthly","TRUE","2024-10","2024-12","2024-12-20",\N
"S-2dc98b","A-5a92e7","Pro","9","441.00","5292.00","FALSE","FALSE","FALSE","FALSE","annual","TRUE","2024-06","2024-11","2024-11-08",\N
"S-16f4a2","A-e08cd3","Enterprise","67","13333.00","159996.00","FALSE","FALSE","FALSE","FALSE","annual","TRUE","2024-09","2024-11","2024-11-10",\N
"S-6630bc","A-600734","Enterprise","29","5771.00","69252.00","FALSE","FALSE","FALSE","FALSE","monthly","TRUE","2024-01","2024-03","2024-03-07",\N
"S-bd2ab2","A-186a44","Enterprise","47","9353.00","112236.00","FALSE","FALSE","FALSE","FALSE","annual","TRUE","2023-08","2024-11","2024-11-23",\N
"S-97bc99","A-82861f","Pro","46","2254.00","27048.00","FALSE","FALSE","FALSE","FALSE","annual","TRUE","2024-05","2024-05","2024-05-25",\N
"S-0c0ddf","A-65c341","Enterprise","11","2189.00","26268.00","FALSE","FALSE","FALSE","FALSE","annual","TRUE","2024-02","2024-10","2024-10-05",\N
"S-f45fe3","A-02fac6","Pro","59","2891.00","34692.00","FALSE","FALSE","FALSE","FALSE","monthly","TRUE","2023-10","2024-05","2024-05-30",\N
"S-936fa3","A-02cd81","Pro","44","2156.00","25872.00","FALSE","FALSE","FALSE","FALSE","annual","TRUE","2024-03","2024-07","2024-07-16",\N
"S-82df6c","A-ac9111","Pro","41","2009.00","24108.00","FALSE","FALSE","TRUE","FALSE","annual","TRUE","2023-09","2023-09","2023-09-06",\N
"S-a83bc2","A-b07b56","Basic","25","475.00","5700.00","FALSE","FALSE","FALSE","FALSE","monthly","FALSE","2024-11","2024-11","2024-11-25",\N
"S-69a7ce","A-58b9ff","Pro","6","294.00","3528.00","FALSE","FALSE","FALSE","FALSE","annual","TRUE","2024-06","2024-07","2024-07-14",\N
"S-522a6f","A-3a7284","Enterprise","39","7761.00","93132.00","FALSE","FALSE","FALSE","FALSE","annual","TRUE","2024-11","2024-11","2024-11-30",\N
"S-1a04fe","A-4e631b","Enterprise","22","4378.00","52536.00","FALSE","TRUE","FALSE","FALSE","annual","TRUE","2024-03","2024-05","2024-05-13",\N
"S-d22ebe","A-5a92e7","Basic","9","171.00","2052.00","FALSE","FALSE","FALSE","FALSE","annual","TRUE","2024-06","2024-06","2024-06-14",\N
"S-fa781b","A-271f46","Enterprise","38","0.00","0.00","TRUE","FALSE","FALSE","FALSE","monthly","TRUE","2023-03","2024-04","2024-04-25",\N
"S-718116","A-462d45","Pro","11","539.00","6468.00","FALSE","FALSE","TRUE","FALSE","monthly","TRUE","2024-01","2024-05","2024-05-03",\N
"S-ce5fb5","A-fd9422","Enterprise","58","0.00","0.00","TRUE","FALSE","FALSE","FALSE","monthly","TRUE","2024-05","2024-11","2024-11-25",\N
"S-2ebd06","A-32728c","Pro","20","980.00","11760.00","FALSE","FALSE","FALSE","FALSE","monthly","TRUE","2023-04","2023-04","2023-04-04",\N
"S-03a939","A-cd458b","Enterprise","26","5174.00","62088.00","FALSE","FALSE","FALSE","FALSE","monthly","TRUE","2024-07","2024-07","2024-07-25",\N
"S-fc65aa","A-eb1312","Enterprise","25","4975.00","59700.00","FALSE","FALSE","FALSE","FALSE","annual","TRUE","2024-09","2024-12","2024-12-27",\N
"S-6d9231","A-c37601","Enterprise","12","2388.00","28656.00","FALSE","FALSE","FALSE","FALSE","monthly","TRUE","2024-11","2024-12","2024-12-24",\N
"S-4b15c4","A-65aeb5","Enterprise","18","3582.00","42984.00","FALSE","FALSE","FALSE","FALSE","annual","TRUE","2024-02","2024-08","2024-08-01",\N
"S-66f0d0","A-0158bb","Basic","35","665.00","7980.00","FALSE","FALSE","FALSE","FALSE","monthly","TRUE","2024-05","2024-06","2024-06-28",\N
"S-95aaf8","A-781cc0","Basic","12","228.00","2736.00","FALSE","FALSE","FALSE","FALSE","annual","TRUE","2024-09","2024-10","2024-10-30",\N
"S-3a2aee","A-e08cd3","Enterprise","67","0.00","0.00","TRUE","FALSE","FALSE","FALSE","monthly","TRUE","2024-09","2024-12","2024-12-14",\N
"S-66a834","A-659280","Enterprise","31","6169.00","74028.00","FALSE","FALSE","FALSE","FALSE","annual","FALSE","2023-11","2023-12","2023-12-23",\N
"S-e9b437","A-0f7d77","Pro","11","539.00","6468.00","FALSE","FALSE","FALSE","FALSE","monthly","TRUE","2024-11","2024-11","2024-11-30",\N
"S-61a647","A-726cfa","Pro","11","539.00","6468.00","FALSE","FALSE","FALSE","FALSE","annual","TRUE","2023-07","2023-11","2023-11-01",\N
"S-ef2703","A-0b0d6d","Enterprise","36","7164.00","85968.00","FALSE","FALSE","FALSE","FALSE","annual","TRUE","2024-12","2024-12","2024-12-30",\N
"S-c288ef","A-d26ab4","Pro","9","0.00","0.00","TRUE","FALSE","FALSE","FALSE","annual","TRUE","2024-11","2024-12","2024-12-09",\N
"S-91e96a","A-970c97","Enterprise","14","2786.00","33432.00","FALSE","FALSE","TRUE","FALSE","monthly","FALSE","2024-03","2024-03","2024-03-06",\N
"S-453f00","A-45ce7a","Pro","16","784.00","9408.00","FALSE","TRUE","TRUE","TRUE","monthly","TRUE","2023-08","2023-08","2023-08-18","2024-05-20"
"S-812d97","A-249769","Pro","19","0.00","0.00","TRUE","FALSE","FALSE","FALSE","annual","TRUE","2024-06","2024-08","2024-08-24",\N
"S-39a5a7","A-09316c","Basic","70","1330.00","15960.00","FALSE","FALSE","FALSE","FALSE","monthly","TRUE","2024-09","2024-09","2024-09-22",\N
"S-1c06f3","A-53f4e3","Basic","13","247.00","2964.00","FALSE","FALSE","FALSE","FALSE","annual","TRUE","2024-06","2024-11","2024-11-05",\N
"S-c6ff41","A-443f6f","Basic","38","722.00","8664.00","FALSE","FALSE","FALSE","FALSE","monthly","TRUE","2024-12","2024-12","2024-12-19",\N
"S-108caf","A-6dee43","Enterprise","12","2388.00","28656.00","FALSE","FALSE","FALSE","FALSE","annual","TRUE","2023-10","2023-10","2023-10-31",\N
"S-644316","A-cdf020","Enterprise","23","4577.00","54924.00","FALSE","TRUE","FALSE","FALSE","annual","TRUE","2023-12","2024-10","2024-10-07",\N
"S-d54349","A-016043","Enterprise","20","3980.00","47760.00","FALSE","FALSE","FALSE","FALSE","annual","TRUE","2024-08","2024-09","2024-09-11",\N
"S-10a1b5","A-e98302","Basic","34","646.00","7752.00","FALSE","FALSE","FALSE","FALSE","annual","FALSE","2024-01","2024-09","2024-09-09",\N
"S-93fa71","A-309e54","Enterprise","59","11741.00","140892.00","FALSE","FALSE","TRUE","FALSE","annual","TRUE","2024-12","2024-12","2024-12-21",\N
"S-550202","A-bb3bd4","Basic","23","437.00","5244.00","FALSE","FALSE","FALSE","FALSE","annual","TRUE","2024-04","2024-12","2024-12-17",\N
"S-07399c","A-4e44e8","Basic","29","551.00","6612.00","FALSE","FALSE","FALSE","FALSE","monthly","TRUE","2024-08","2024-11","2024-11-18",\N
"S-f4e174","A-ae052e","Basic","39","0.00","0.00","TRUE","FALSE","FALSE","FALSE","annual","TRUE","2024-01","2024-12","2024-12-17",\N
"S-3b5eb3","A-6f8ad2","Pro","70","0.00","0.00","TRUE","TRUE","FALSE","TRUE","annual","TRUE","2024-07","2024-10","2024-10-07","2024-10-12"
"S-08c8e1","A-31ab9a","Enterprise","14","2786.00","33432.00","FALSE","FALSE","FALSE","FALSE","monthly","TRUE","2024-03","2024-12","2024-12-10",\N
"S-6b977f","A-7988d1","Pro","33","1617.00","19404.00","FALSE","FALSE","FALSE","FALSE","monthly","FALSE","2024-03","2024-08","2024-08-25",\N
"S-c1f8e1","A-0532a9","Pro","19","931.00","11172.00","FALSE","TRUE","FALSE","FALSE","annual","FALSE","2024-09","2024-12","2024-12-26",\N
"S-9030e0","A-32728c","Enterprise","20","0.00","0.00","TRUE","TRUE","FALSE","FALSE","annual","TRUE","2023-04","2024-04","2024-04-18",\N
"S-02d6c8","A-3a7284","Enterprise","31","6169.00","74028.00","FALSE","FALSE","FALSE","FALSE","monthly","TRUE","2024-11","2024-12","2024-12-05",\N
"S-599207","A-427b69","Enterprise","17","3383.00","40596.00","FALSE","FALSE","FALSE","FALSE","annual","TRUE","2024-09","2024-12","2024-12-08",\N
"S-5d8b88","A-1d5444","Pro","24","1176.00","14112.00","FALSE","FALSE","FALSE","FALSE","annual","TRUE","2024-03","2024-11","2024-11-25",\N
"S-ac01fb","A-533452","Enterprise","14","0.00","0.00","TRUE","FALSE","FALSE","FALSE","annual","TRUE","2024-11","2024-11","2024-11-27",\N
"S-b7ef4c","A-5ed98d","Pro","28","1372.00","16464.00","FALSE","FALSE","FALSE","FALSE","monthly","FALSE","2024-06","2024-11","2024-11-25",\N
"S-9f0371","A-313be3","Enterprise","47","0.00","0.00","TRUE","FALSE","FALSE","FALSE","annual","TRUE","2023-11","2024-07","2024-07-03",\N
"S-d914d8","A-ee42db","Pro","13","0.00","0.00","TRUE","FALSE","TRUE","FALSE","monthly","TRUE","2023-05","2023-06","2023-06-30",\N
"S-67c131","A-432483","Pro","13","637.00","7644.00","FALSE","FALSE","FALSE","TRUE","annual","TRUE","2023-04","2024-09","2024-09-02","2024-09-15"
"S-263c1e","A-a8b49c","Pro","16","0.00","0.00","TRUE","FALSE","FALSE","FALSE","monthly","TRUE","2023-10","2023-12","2023-12-26",\N
"S-76b964","A-39868b","Pro","9","441.00","5292.00","FALSE","TRUE","FALSE","FALSE","monthly","FALSE","2024-04","2024-10","2024-10-11",\N
"S-d4d459","A-2e4581","Enterprise","29","5771.00","69252.00","FALSE","FALSE","FALSE","FALSE","monthly","TRUE","2024-10","2024-12","2024-12-19",\N
"S-b45a10","A-313be3","Pro","56","2744.00","32928.00","FALSE","FALSE","FALSE","FALSE","monthly","FALSE","2023-11","2024-08","2024-08-14",\N
"S-1b0848","A-dcc3f1","Pro","51","2499.00","29988.00","FALSE","FALSE","FALSE","FALSE","monthly","TRUE","2023-12","2024-01","2024-01-17",\N
"S-00ab51","A-ae052e","Pro","39","1911.00","22932.00","FALSE","TRUE","FALSE","FALSE","monthly","TRUE","2024-01","2024-03","2024-03-31",\N
"S-1ccdd4","A-54d94a","Pro","27","1323.00","15876.00","FALSE","FALSE","FALSE","FALSE","monthly","TRUE","2023-11","2024-10","2024-10-21",\N
"S-302119","A-e1462e","Enterprise","15","2985.00","35820.00","FALSE","FALSE","TRUE","FALSE","monthly","TRUE","2023-04","2023-04","2023-04-03",\N
"S-65e749","A-2d4502","Basic","61","1159.00","13908.00","FALSE","FALSE","FALSE","FALSE","monthly","FALSE","2024-04","2024-07","2024-07-14",\N
"S-05b1b6","A-337bc1","Enterprise","34","6766.00","81192.00","FALSE","FALSE","FALSE","FALSE","monthly","TRUE","2023-08","2023-11","2023-11-11",\N
"S-f2da7f","A-1619f8","Enterprise","29","5771.00","69252.00","FALSE","FALSE","FALSE","FALSE","monthly","TRUE","2024-06","2024-11","2024-11-05",\N
"S-d71fe9","A-d62e02","Enterprise","6","1194.00","14328.00","FALSE","FALSE","FALSE","FALSE","annual","TRUE","2024-09","2024-10","2024-10-11",\N
"S-f69fca","A-4c38bc","Basic","36","684.00","8208.00","FALSE","FALSE","FALSE","FALSE","annual","TRUE","2024-03","2024-07","2024-07-06",\N
"S-5b322c","A-1f0636","Basic","105","1995.00","23940.00","FALSE","FALSE","FALSE","FALSE","annual","TRUE","2024-02","2024-07","2024-07-27",\N
"S-392e05","A-65a46c","Basic","45","855.00","10260.00","FALSE","FALSE","FALSE","FALSE","annual","TRUE","2024-03","2024-03","2024-03-10",\N
"S-fd3d2d","A-e36807","Enterprise","40","0.00","0.00","TRUE","FALSE","FALSE","FALSE","monthly","TRUE","2024-06","2024-10","2024-10-06",\N
"S-8ddc89","A-bd4513","Enterprise","50","9950.00","119400.00","FALSE","FALSE","FALSE","FALSE","monthly","TRUE","2024-11","2024-11","2024-11-27",\N
"S-07c0da","A-068fc6","Pro","35","0.00","0.00","TRUE","FALSE","FALSE","FALSE","annual","TRUE","2023-10","2024-01","2024-01-02",\N
"S-d1dbf7","A-3b37d9","Pro","28","0.00","0.00","TRUE","FALSE","FALSE","FALSE","monthly","TRUE","2023-04","2023-12","2023-12-02",\N
"S-e57fb8","A-96e141","Enterprise","40","0.00","0.00","TRUE","FALSE","FALSE","FALSE","monthly","TRUE","2023-10","2023-10","2023-10-14",\N
"S-b71cfb","A-9123ac","Enterprise","15","0.00","0.00","TRUE","FALSE","TRUE","FALSE","monthly","TRUE","2023-10","2024-05","2024-05-10",\N
"S-a7da97","A-5790f4","Enterprise","63","12537.00","150444.00","FALSE","FALSE","FALSE","FALSE","annual","FALSE","2024-12","2024-12","2024-12-25",\N
"S-4b005c","A-50f3f7","Enterprise","45","8955.00","107460.00","FALSE","FALSE","FALSE","FALSE","annual","TRUE","2024-01","2024-01","2024-01-05",\N
"S-605115","A-bd4513","Basic","50","950.00","11400.00","FALSE","FALSE","FALSE","FALSE","annual","TRUE","2024-11","2024-12","2024-12-30",\N
"S-fcbd92","A-7f29a7","Pro","41","2009.00","24108.00","FALSE","FALSE","FALSE","FALSE","monthly","TRUE","2024-09","2024-12","2024-12-21",\N
"S-d9e0d1","A-812c5b","Basic","55","1045.00","12540.00","FALSE","FALSE","FALSE","FALSE","annual","TRUE","2024-04","2024-11","2024-11-15",\N
"S-869978","A-443f6f","Enterprise","19","3781.00","45372.00","FALSE","FALSE","FALSE","FALSE","monthly","FALSE","2024-12","2024-12","2024-12-24",\N
"S-5daabf","A-533452","Enterprise","9","1791.00","21492.00","FALSE","TRUE","TRUE","FALSE","monthly","TRUE","2024-11","2024-12","2024-12-16",\N
"S-c0352b","A-cc102e","Pro","13","637.00","7644.00","FALSE","FALSE","FALSE","FALSE","monthly","FALSE","2024-05","2024-11","2024-11-06",\N
"S-a648e7","A-3b5cd1","Basic","13","247.00","2964.00","FALSE","FALSE","FALSE","FALSE","annual","FALSE","2023-09","2024-01","2024-01-29",\N
"S-618471","A-bbc346","Enterprise","45","8955.00","107460.00","FALSE","FALSE","FALSE","FALSE","monthly","TRUE","2024-08","2024-10","2024-10-20",\N
"S-a16038","A-d4e0d4","Pro","117","5733.00","68796.00","FALSE","FALSE","FALSE","FALSE","monthly","TRUE","2024-10","2024-11","2024-11-15",\N
"S-b805b2","A-d77f4c","Enterprise","8","1592.00","19104.00","FALSE","FALSE","FALSE","FALSE","annual","FALSE","2023-10","2024-04","2024-04-13",\N
"S-b04b73","A-e1b9cd","Enterprise","40","7960.00","95520.00","FALSE","FALSE","FALSE","TRUE","monthly","TRUE","2023-03","2023-11","2023-11-24","2024-06-27"
"S-ed4475","A-1f559b","Pro","12","588.00","7056.00","FALSE","FALSE","FALSE","FALSE","annual","TRUE","2023-12","2024-06","2024-06-27",\N
"S-5a1d20","A-f97b9a","Pro","16","784.00","9408.00","FALSE","FALSE","FALSE","FALSE","annual","TRUE","2023-09","2024-12","2024-12-08",\N
"S-c65456","A-a33200","Pro","29","1421.00","17052.00","FALSE","FALSE","FALSE","FALSE","annual","TRUE","2024-09","2024-09","2024-09-26",\N
"S-7fbc53","A-2edab2","Pro","17","833.00","9996.00","FALSE","FALSE","FALSE","FALSE","monthly","FALSE","2023-11","2024-03","2024-03-29",\N
"S-0d33fc","A-1b707d","Enterprise","16","3184.00","38208.00","FALSE","FALSE","FALSE","FALSE","monthly","TRUE","2023-11","2023-11","2023-11-18",\N
"S-db3e30","A-40de06","Basic","28","532.00","6384.00","FALSE","FALSE","FALSE","FALSE","annual","TRUE","2023-06","2023-11","2023-11-08",\N
"S-966ce7","A-a1b80b","Enterprise","16","3184.00","38208.00","FALSE","FALSE","FALSE","FALSE","annual","TRUE","2024-03","2024-04","2024-04-01",\N
"S-41ea32","A-054577","Basic","24","456.00","5472.00","FALSE","FALSE","FALSE","TRUE","monthly","TRUE","2024-05","2024-10","2024-10-22","2024-12-05"
"S-57800a","A-f446b6","Basic","5","95.00","1140.00","FALSE","FALSE","FALSE","FALSE","annual","TRUE","2023-05","2024-09","2024-09-08",\N
"S-daf6aa","A-098560","Basic","40","760.00","9120.00","FALSE","FALSE","FALSE","FALSE","monthly","TRUE","2023-12","2024-10","2024-10-27",\N
"S-615a8a","A-bf7919","Enterprise","11","0.00","0.00","TRUE","FALSE","FALSE","FALSE","annual","FALSE","2024-12","2024-12","2024-12-31",\N
"S-a892fd","A-22f2df","Pro","8","392.00","4704.00","FALSE","FALSE","FALSE","FALSE","monthly","FALSE","2024-12","2024-12","2024-12-27",\N
"S-2b2532","A-410e86","Enterprise","24","4776.00","57312.00","FALSE","FALSE","FALSE","FALSE","monthly","FALSE","2024-11","2024-12","2024-12-25",\N
"S-54daa5","A-94f8c9","Enterprise","36","7164.00","85968.00","FALSE","FALSE","FALSE","FALSE","annual","TRUE","2024-04","2024-12","2024-12-17",\N
"S-85320b","A-71615e","Enterprise","15","0.00","0.00","TRUE","TRUE","FALSE","FALSE","monthly","TRUE","2024-06","2024-08","2024-08-21",\N
"S-317bed","A-53f4e3","Basic","18","342.00","4104.00","FALSE","FALSE","FALSE","FALSE","monthly","FALSE","2024-06","2024-10","2024-10-16",\N
"S-4fc62f","A-6c093d","Enterprise","7","0.00","0.00","TRUE","FALSE","FALSE","FALSE","annual","TRUE","2023-04","2024-12","2024-12-12",\N
"S-fb10b8","A-5a92e7","Pro","43","2107.00","25284.00","FALSE","FALSE","FALSE","FALSE","annual","TRUE","2024-06","2024-07","2024-07-15",\N
"S-0fc72f","A-faa28c","Pro","65","3185.00","38220.00","FALSE","TRUE","FALSE","FALSE","annual","TRUE","2024-02","2024-02","2024-02-23",\N
"S-55834e","A-4437e4","Pro","4","0.00","0.00","TRUE","FALSE","FALSE","FALSE","annual","TRUE","2023-11","2024-08","2024-08-30",\N
"S-09d706","A-6e08f3","Pro","8","392.00","4704.00","FALSE","FALSE","TRUE","FALSE","monthly","TRUE","2023-07","2024-07","2024-07-20",\N
"S-738d4a","A-71615e","Pro","15","735.00","8820.00","FALSE","FALSE","FALSE","FALSE","annual","TRUE","2024-06","2024-12","2024-12-06",\N
"S-207191","A-726cfa","Pro","20","980.00","11760.00","FALSE","FALSE","FALSE","FALSE","annual","TRUE","2023-07","2023-07","2023-07-15",\N
"S-ff5ff8","A-eb2fdc","Pro","31","1519.00","18228.00","FALSE","FALSE","FALSE","FALSE","annual","TRUE","2024-02","2024-05","2024-05-25",\N
"S-99c1c7","A-fa3095","Basic","70","1330.00","15960.00","FALSE","FALSE","FALSE","FALSE","annual","TRUE","2023-09","2024-06","2024-06-04",\N
"S-d5aded","A-0f6450","Pro","28","1372.00","16464.00","FALSE","FALSE","FALSE","FALSE","monthly","TRUE","2024-12","2024-12","2024-12-29",\N
"S-b1e72a","A-adc1f3","Enterprise","12","2388.00","28656.00","FALSE","FALSE","FALSE","FALSE","monthly","TRUE","2024-08","2024-12","2024-12-12",\N
"S-1898b3","A-e1462e","Basic","28","0.00","0.00","TRUE","FALSE","FALSE","FALSE","annual","TRUE","2023-04","2023-07","2023-07-23",\N
"S-76eded","A-ae052e","Pro","39","1911.00","22932.00","FALSE","FALSE","FALSE","TRUE","monthly","TRUE","2024-01","2024-10","2024-10-24","2024-12-11"
"S-3d2ebb","A-716841","Basic","45","855.00","10260.00","FALSE","FALSE","FALSE","FALSE","annual","TRUE","2024-05","2024-10","2024-10-15",\N
"S-1299be","A-f45426","Basic","9","171.00","2052.00","FALSE","FALSE","TRUE","FALSE","monthly","FALSE","2024-08","2024-10","2024-10-18",\N
"S-59d90a","A-aa9511","Pro","29","0.00","0.00","TRUE","FALSE","FALSE","TRUE","annual","TRUE","2023-10","2024-08","2024-08-28","2024-11-13"
"S-1f505e","A-95b24a","Basic","38","722.00","8664.00","FALSE","TRUE","FALSE","FALSE","annual","TRUE","2023-07","2023-07","2023-07-30",\N
"S-ed1eb5","A-726cfa","Basic","15","285.00","3420.00","FALSE","TRUE","FALSE","FALSE","monthly","TRUE","2023-07","2024-01","2024-01-08",\N
"S-950c4e","A-ee42db","Basic","24","456.00","5472.00","FALSE","FALSE","FALSE","FALSE","annual","TRUE","2023-05","2024-02","2024-02-20",\N
"S-d34b17","A-9123ac","Enterprise","18","3582.00","42984.00","FALSE","FALSE","FALSE","FALSE","annual","TRUE","2023-10","2024-10","2024-10-21",\N
"S-f33b5f","A-f97b9a","Basic","65","0.00","0.00","TRUE","FALSE","FALSE","FALSE","annual","TRUE","2023-09","2024-08","2024-08-22",\N
"S-505db5","A-883b7d","Pro","53","2597.00","31164.00","FALSE","FALSE","FALSE","FALSE","monthly","TRUE","2024-04","2024-05","2024-05-01",\N
"S-db56d2","A-c1dfe1","Basic","26","494.00","5928.00","FALSE","FALSE","FALSE","TRUE","monthly","FALSE","2023-10","2023-10","2023-10-26","2024-03-17"
"S-075ffc","A-eb7c38","Enterprise","15","2985.00","35820.00","FALSE","FALSE","FALSE","TRUE","annual","TRUE","2024-04","2024-09","2024-09-02","2024-12-15"
"S-b59bff","A-cea1f0","Enterprise","8","1592.00","19104.00","FALSE","FALSE","FALSE","FALSE","annual","FALSE","2024-06","2024-12","2024-12-27",\N
"S-3ae8d8","A-396e5f","Enterprise","7","1393.00","16716.00","FALSE","TRUE","FALSE","FALSE","monthly","TRUE","2024-10","2024-10","2024-10-02",\N
"S-62b7cf","A-4c38bc","Enterprise","36","7164.00","85968.00","FALSE","TRUE","FALSE","FALSE","annual","TRUE","2024-03","2024-11","2024-11-06",\N
"S-91ec54","A-331424","Pro","11","0.00","0.00","TRUE","FALSE","FALSE","FALSE","monthly","FALSE","2024-01","2024-11","2024-11-04",\N
"S-4f43fd","A-fd7ad3","Basic","29","551.00","6612.00","FALSE","FALSE","FALSE","FALSE","monthly","TRUE","2024-11","2024-12","2024-12-26",\N
"S-0dd555","A-e7a1e2","Pro","33","1617.00","19404.00","FALSE","FALSE","FALSE","FALSE","annual","FALSE","2024-07","2024-11","2024-11-22",\N
"S-36f8c0","A-19b2c8","Pro","33","1617.00","19404.00","FALSE","FALSE","FALSE","FALSE","annual","TRUE","2023-06","2023-06","2023-06-19",\N
"S-204d42","A-5b4ebb","Pro","21","1029.00","12348.00","FALSE","FALSE","FALSE","FALSE","monthly","TRUE","2024-07","2024-10","2024-10-22",\N
"S-770f21","A-a8d89d","Basic","35","665.00","7980.00","FALSE","FALSE","FALSE","FALSE","monthly","TRUE","2023-12","2024-07","2024-07-12",\N
"S-14b7f3","A-50bb9f","Basic","5","95.00","1140.00","FALSE","FALSE","FALSE","FALSE","monthly","TRUE","2024-07","2024-08","2024-08-09",\N
"S-34512a","A-9289f6","Pro","1","49.00","588.00","FALSE","FALSE","FALSE","FALSE","monthly","TRUE","2023-07","2024-11","2024-11-22",\N
"S-e22519","A-f44180","Pro","14","686.00","8232.00","FALSE","FALSE","FALSE","FALSE","monthly","TRUE","2023-03","2024-06","2024-06-17",\N
"S-c419d6","A-6e08f3","Enterprise","24","4776.00","57312.00","FALSE","FALSE","FALSE","FALSE","annual","FALSE","2023-07","2024-02","2024-02-16",\N
"S-dc9874","A-cc102e","Pro","42","2058.00","24696.00","FALSE","FALSE","FALSE","TRUE","annual","TRUE","2024-05","2024-05","2024-05-09","2024-09-27"
"S-2d3096","A-712533","Pro","22","1078.00","12936.00","FALSE","FALSE","FALSE","FALSE","annual","TRUE","2023-08","2024-01","2024-01-19",\N
"S-9d727d","A-ac85cd","Basic","53","0.00","0.00","TRUE","FALSE","FALSE","TRUE","monthly","TRUE","2024-08","2024-12","2024-12-09","2024-12-18"
"S-78cb5f","A-9badbd","Enterprise","7","1393.00","16716.00","FALSE","FALSE","FALSE","FALSE","monthly","TRUE","2024-06","2024-12","2024-12-07",\N
"S-3b0fbb","A-bd4708","Pro","59","0.00","0.00","TRUE","FALSE","FALSE","FALSE","annual","FALSE","2024-07","2024-10","2024-10-12",\N
"S-4eabfc","A-751bd4","Basic","10","190.00","2280.00","FALSE","FALSE","FALSE","FALSE","monthly","TRUE","2024-09","2024-09","2024-09-18",\N
"S-35752e","A-e6afc1","Pro","1","49.00","588.00","FALSE","FALSE","FALSE","FALSE","annual","TRUE","2023-05","2024-05","2024-05-08",\N
"S-e56037","A-2ebb4b","Pro","41","2009.00","24108.00","FALSE","TRUE","FALSE","FALSE","annual","TRUE","2023-06","2024-05","2024-05-25",\N
"S-c545c8","A-c1e51e","Basic","7","133.00","1596.00","FALSE","FALSE","TRUE","FALSE","monthly","TRUE","2024-10","2024-10","2024-10-20",\N
"S-10f143","A-6f8ad2","Basic","8","152.00","1824.00","FALSE","FALSE","FALSE","FALSE","monthly","TRUE","2024-07","2024-08","2024-08-13",\N
"S-8669e4","A-6dee43","Pro","55","2695.00","32340.00","FALSE","FALSE","FALSE","TRUE","annual","FALSE","2023-10","2024-08","2024-08-11","2024-10-23"
"S-0337da","A-098560","Enterprise","29","5771.00","69252.00","FALSE","FALSE","FALSE","FALSE","monthly","TRUE","2023-12","2024-09","2024-09-02",\N
"S-fe77d4","A-fda07f","Pro","16","784.00","9408.00","FALSE","TRUE","FALSE","FALSE","monthly","TRUE","2024-08","2024-12","2024-12-01",\N
"S-ac2157","A-5a184f","Enterprise","14","2786.00","33432.00","FALSE","FALSE","FALSE","FALSE","monthly","TRUE","2023-08","2024-04","2024-04-14",\N
"S-f180b5","A-86cdb4","Basic","17","323.00","3876.00","FALSE","FALSE","FALSE","FALSE","monthly","TRUE","2024-10","2024-10","2024-10-13",\N
"S-8442d1","A-82d8a6","Enterprise","21","0.00","0.00","TRUE","FALSE","FALSE","TRUE","monthly","TRUE","2024-12","2024-12","2024-12-22","2024-12-24"
"S-f3e5f9","A-a09355","Pro","26","1274.00","15288.00","FALSE","FALSE","FALSE","FALSE","monthly","TRUE","2024-08","2024-12","2024-12-09",\N
"S-6b1de8","A-6843f2","Basic","21","399.00","4788.00","FALSE","FALSE","FALSE","FALSE","monthly","TRUE","2024-12","2024-12","2024-12-27",\N
"S-c7621b","A-ced9aa","Basic","19","361.00","4332.00","FALSE","FALSE","FALSE","TRUE","annual","TRUE","2024-10","2024-11","2024-11-23","2024-11-25"
"S-973625","A-794a0b","Basic","23","437.00","5244.00","FALSE","FALSE","FALSE","FALSE","annual","FALSE","2023-08","2023-12","2023-12-18",\N
"S-7425f9","A-3d957b","Pro","29","1421.00","17052.00","FALSE","TRUE","FALSE","FALSE","monthly","TRUE","2024-07","2024-07","2024-07-30",\N
"S-9d8ac4","A-313be3","Basic","47","0.00","0.00","TRUE","FALSE","FALSE","FALSE","annual","TRUE","2023-11","2024-09","2024-09-29",\N
"S-1a20b6","A-1e6fc3","Pro","5","245.00","2940.00","FALSE","FALSE","FALSE","FALSE","monthly","TRUE","2024-01","2024-04","2024-04-01",\N
"S-a3791c","A-c4ea60","Enterprise","18","3582.00","42984.00","FALSE","FALSE","FALSE","FALSE","monthly","TRUE","2023-04","2024-12","2024-12-17",\N
"S-f9cb96","A-fd9422","Enterprise","58","11542.00","138504.00","FALSE","TRUE","FALSE","FALSE","annual","TRUE","2024-05","2024-05","2024-05-09",\N
"S-5450af","A-b48f73","Enterprise","80","15920.00","191040.00","FALSE","FALSE","FALSE","FALSE","annual","FALSE","2024-11","2024-12","2024-12-13",\N
"S-641794","A-fd9422","Pro","58","0.00","0.00","TRUE","FALSE","FALSE","FALSE","annual","TRUE","2024-05","2024-05","2024-05-08",\N
"S-7fb77e","A-91e948","Pro","41","2009.00","24108.00","FALSE","TRUE","FALSE","FALSE","annual","TRUE","2023-08","2023-11","2023-11-10",\N
"S-30008c","A-cc98bc","Pro","54","2646.00","31752.00","FALSE","TRUE","FALSE","FALSE","annual","TRUE","2023-05","2024-05","2024-05-26",\N
"S-e8f8c0","A-cab532","Enterprise","25","4975.00","59700.00","FALSE","FALSE","FALSE","FALSE","monthly","TRUE","2023-04","2023-05","2023-05-27",\N
"S-9828eb","A-cb6cc6","Pro","25","1225.00","14700.00","FALSE","FALSE","FALSE","FALSE","monthly","TRUE","2023-04","2024-10","2024-10-01",\N
"S-d75e1f","A-922109","Enterprise","4","796.00","9552.00","FALSE","FALSE","FALSE","FALSE","monthly","FALSE","2024-03","2024-11","2024-11-29",\N
"S-7077ab","A-fda07f","Basic","14","266.00","3192.00","FALSE","FALSE","FALSE","FALSE","monthly","TRUE","2024-08","2024-12","2024-12-30",\N
"S-aa751f","A-86fc1d","Basic","37","703.00","8436.00","FALSE","FALSE","FALSE","FALSE","monthly","TRUE","2024-08","2024-10","2024-10-16",\N
"S-08a3ca","A-c45b23","Pro","25","0.00","0.00","TRUE","FALSE","FALSE","FALSE","annual","TRUE","2023-12","2024-09","2024-09-07",\N
"S-886184","A-7c83a1","Enterprise","17","0.00","0.00","TRUE","FALSE","FALSE","FALSE","annual","TRUE","2024-05","2024-09","2024-09-20",\N
"S-46a7eb","A-e19ff6","Enterprise","43","0.00","0.00","TRUE","FALSE","FALSE","FALSE","monthly","TRUE","2023-08","2024-10","2024-10-05",\N
"S-482e5b","A-427b69","Pro","18","882.00","10584.00","FALSE","FALSE","FALSE","FALSE","annual","TRUE","2024-09","2024-09","2024-09-07",\N
"S-632acf","A-331424","Enterprise","11","2189.00","26268.00","FALSE","FALSE","FALSE","FALSE","monthly","TRUE","2024-01","2024-08","2024-08-28",\N
"S-712e69","A-0f3e88","Basic","17","323.00","3876.00","FALSE","FALSE","FALSE","FALSE","annual","TRUE","2023-08","2024-11","2024-11-24",\N
"S-f8d74d","A-7641d3","Enterprise","14","2786.00","33432.00","FALSE","FALSE","FALSE","FALSE","monthly","FALSE","2023-04","2024-05","2024-05-21",\N
"S-c2c197","A-029f69","Basic","15","285.00","3420.00","FALSE","FALSE","FALSE","TRUE","monthly","FALSE","2024-05","2024-09","2024-09-15","2024-09-19"
"S-e2981a","A-7f4db3","Enterprise","18","3582.00","42984.00","FALSE","FALSE","FALSE","FALSE","annual","TRUE","2023-03","2024-11","2024-11-06",\N
"S-fae195","A-a7bd4b","Basic","22","418.00","5016.00","FALSE","TRUE","FALSE","FALSE","annual","FALSE","2023-03","2023-10","2023-10-31",\N
"S-a8a1e8","A-f92792","Enterprise","35","6965.00","83580.00","FALSE","FALSE","FALSE","FALSE","monthly","TRUE","2024-07","2024-08","2024-08-25",\N
"S-d471c6","A-a6d261","Basic","9","171.00","2052.00","FALSE","FALSE","FALSE","FALSE","monthly","TRUE","2023-12","2024-07","2024-07-16",\N
"S-465825","A-e2cd1b","Basic","18","342.00","4104.00","FALSE","TRUE","FALSE","FALSE","monthly","TRUE","2024-02","2024-11","2024-11-20",\N
"S-c59b3b","A-781cc0","Enterprise","12","2388.00","28656.00","FALSE","FALSE","FALSE","FALSE","annual","TRUE","2024-09","2024-09","2024-09-18",\N
"S-7e8bd4","A-ac14bb","Basic","27","513.00","6156.00","FALSE","FALSE","FALSE","FALSE","monthly","TRUE","2023-09","2024-03","2024-03-26",\N
"S-92ae0a","A-91e948","Enterprise","41","8159.00","97908.00","FALSE","TRUE","FALSE","FALSE","monthly","TRUE","2023-08","2024-07","2024-07-11",\N
"S-180859","A-d4ac0e","Basic","18","342.00","4104.00","FALSE","FALSE","FALSE","FALSE","monthly","TRUE","2024-05","2024-08","2024-08-06",\N
"S-3c8e09","A-e351e1","Basic","33","627.00","7524.00","FALSE","FALSE","FALSE","FALSE","monthly","TRUE","2024-09","2024-10","2024-10-01",\N
"S-306a99","A-3a5ad8","Basic","9","0.00","0.00","TRUE","FALSE","FALSE","FALSE","monthly","TRUE","2023-12","2024-03","2024-03-31",\N
"S-0bdf55","A-7dacce","Enterprise","13","2587.00","31044.00","FALSE","FALSE","FALSE","FALSE","annual","FALSE","2024-09","2024-09","2024-09-18",\N
"S-cc771c","A-81edc3","Pro","41","2009.00","24108.00","FALSE","TRUE","FALSE","FALSE","monthly","FALSE","2023-11","2024-06","2024-06-08",\N
"S-af6284","A-30b4ca","Enterprise","86","17114.00","205368.00","FALSE","FALSE","FALSE","FALSE","annual","TRUE","2024-05","2024-05","2024-05-27",\N
"S-e92512","A-0dbdc6","Basic","30","570.00","6840.00","FALSE","FALSE","FALSE","FALSE","monthly","TRUE","2023-06","2024-03","2024-03-13",\N
"S-87d801","A-443b7c","Pro","5","245.00","2940.00","FALSE","FALSE","FALSE","FALSE","monthly","TRUE","2024-09","2024-09","2024-09-16",\N
"S-74bda1","A-dfbd31","Basic","14","0.00","0.00","TRUE","FALSE","FALSE","FALSE","annual","FALSE","2023-12","2024-06","2024-06-17",\N
"S-fcb954","A-45ce7a","Enterprise","16","3184.00","38208.00","FALSE","FALSE","FALSE","FALSE","annual","TRUE","2023-08","2024-03","2024-03-19",\N
"S-a44d30","A-e08cd3","Enterprise","67","13333.00","159996.00","FALSE","FALSE","FALSE","FALSE","monthly","TRUE","2024-09","2024-10","2024-10-31",\N
"S-a4a6c9","A-86fc1d","Enterprise","28","5572.00","66864.00","FALSE","TRUE","FALSE","FALSE","monthly","TRUE","2024-08","2024-08","2024-08-16",\N
"S-ff2510","A-80eeb6","Pro","46","0.00","0.00","TRUE","TRUE","TRUE","FALSE","annual","TRUE","2023-07","2024-09","2024-09-14",\N
"S-1c54b6","A-0f6450","Enterprise","28","5572.00","66864.00","FALSE","FALSE","FALSE","FALSE","monthly","FALSE","2024-12","2024-12","2024-12-31",\N
"S-90a14e","A-503d5a","Pro","4","196.00","2352.00","FALSE","FALSE","FALSE","FALSE","annual","FALSE","2023-10","2024-03","2024-03-30",\N
"S-b4cd75","A-cc102e","Enterprise","13","2587.00","31044.00","FALSE","FALSE","FALSE","FALSE","monthly","FALSE","2024-05","2024-09","2024-09-23",\N
"S-10bf4d","A-ce66f8","Basic","29","551.00","6612.00","FALSE","FALSE","FALSE","FALSE","monthly","TRUE","2023-08","2023-08","2023-08-24",\N
"S-7e8699","A-e89151","Pro","31","1519.00","18228.00","FALSE","FALSE","FALSE","FALSE","monthly","TRUE","2023-11","2024-11","2024-11-14",\N
"S-726749","A-43a9e3","Pro","18","882.00","10584.00","FALSE","TRUE","FALSE","FALSE","annual","TRUE","2023-09","2024-02","2024-02-22",\N
"S-d2932e","A-ac9111","Enterprise","21","4179.00","50148.00","FALSE","FALSE","FALSE","FALSE","annual","FALSE","2023-09","2024-08","2024-08-26",\N
"S-72a3e2","A-3c1a3f","Basic","7","133.00","1596.00","FALSE","FALSE","FALSE","FALSE","annual","FALSE","2023-08","2024-10","2024-10-26",\N
"S-763b53","A-592832","Basic","18","342.00","4104.00","FALSE","FALSE","FALSE","FALSE","annual","FALSE","2024-09","2024-12","2024-12-22",\N
"S-8b4074","A-d922bf","Enterprise","9","1791.00","21492.00","FALSE","FALSE","FALSE","FALSE","annual","TRUE","2023-10","2024-12","2024-12-10",\N
"S-37d427","A-eb2fdc","Basic","31","589.00","7068.00","FALSE","FALSE","FALSE","FALSE","monthly","TRUE","2024-02","2024-04","2024-04-06",\N
"S-1784ce","A-a0ca4e","Pro","49","2401.00","28812.00","FALSE","FALSE","FALSE","FALSE","annual","TRUE","2024-03","2024-09","2024-09-25",\N
"S-c913f8","A-82d8a6","Enterprise","68","13532.00","162384.00","FALSE","FALSE","FALSE","FALSE","monthly","TRUE","2024-12","2024-12","2024-12-03",\N
"S-67acc8","A-f9cc74","Pro","30","0.00","0.00","TRUE","FALSE","FALSE","FALSE","monthly","TRUE","2024-10","2024-11","2024-11-09",\N
"S-1a93b8","A-5a92e7","Enterprise","19","0.00","0.00","TRUE","FALSE","FALSE","FALSE","annual","FALSE","2024-06","2024-10","2024-10-03",\N
"S-cc3f3d","A-94f8c9","Enterprise","17","3383.00","40596.00","FALSE","FALSE","FALSE","FALSE","annual","FALSE","2024-04","2024-10","2024-10-19",\N
"S-66bae1","A-812c5b","Basic","55","1045.00","12540.00","FALSE","FALSE","FALSE","FALSE","monthly","TRUE","2024-04","2024-10","2024-10-22",\N
"S-0aed9e","A-22d9d2","Pro","8","392.00","4704.00","FALSE","FALSE","FALSE","FALSE","annual","TRUE","2024-03","2024-06","2024-06-29",\N
"S-fa92c5","A-443b7c","Pro","84","4116.00","49392.00","FALSE","FALSE","FALSE","FALSE","monthly","TRUE","2024-09","2024-10","2024-10-01",\N
"S-fee9c9","A-779e4e","Enterprise","6","1194.00","14328.00","FALSE","FALSE","FALSE","FALSE","annual","FALSE","2023-01","2024-07","2024-07-02",\N
"S-2d0d53","A-fe79a5","Enterprise","23","4577.00","54924.00","FALSE","FALSE","FALSE","FALSE","annual","TRUE","2024-03","2024-09","2024-09-06",\N
"S-e0a991","A-9affe6","Enterprise","7","1393.00","16716.00","FALSE","FALSE","FALSE","FALSE","monthly","TRUE","2023-04","2023-04","2023-04-06",\N
"S-58b1a2","A-67be94","Enterprise","52","10348.00","124176.00","FALSE","FALSE","FALSE","FALSE","monthly","TRUE","2023-08","2024-06","2024-06-20",\N
"S-f6a70a","A-2446e3","Enterprise","27","5373.00","64476.00","FALSE","TRUE","FALSE","FALSE","annual","TRUE","2024-01","2024-10","2024-10-06",\N
"S-9c9700","A-0f6450","Basic","28","532.00","6384.00","FALSE","FALSE","FALSE","FALSE","annual","TRUE","2024-12","2024-12","2024-12-31",\N
"S-65ec6b","A-ac14bb","Enterprise","35","6965.00","83580.00","FALSE","FALSE","FALSE","TRUE","monthly","TRUE","2023-09","2024-03","2024-03-15","2024-10-20"
"S-99a404","A-139c3b","Basic","10","190.00","2280.00","FALSE","FALSE","FALSE","FALSE","annual","TRUE","2024-11","2024-12","2024-12-20",\N
"S-532502","A-a09355","Basic","14","266.00","3192.00","FALSE","FALSE","FALSE","FALSE","monthly","TRUE","2024-08","2024-11","2024-11-14",\N
"S-77befa","A-7e0a10","Basic","46","874.00","10488.00","FALSE","FALSE","FALSE","FALSE","monthly","FALSE","2023-11","2023-11","2023-11-29",\N
"S-aa78ed","A-6e08f3","Pro","18","0.00","0.00","TRUE","TRUE","FALSE","FALSE","monthly","FALSE","2023-07","2024-02","2024-02-29",\N
"S-e781ba","A-53f4e3","Pro","19","931.00","11172.00","FALSE","FALSE","FALSE","FALSE","monthly","FALSE","2024-06","2024-06","2024-06-17",\N
"S-61fa27","A-5a3eb9","Basic","21","399.00","4788.00","FALSE","FALSE","FALSE","FALSE","annual","FALSE","2023-09","2024-10","2024-10-30",\N
"S-4f5c94","A-6dee43","Basic","6","114.00","1368.00","FALSE","FALSE","FALSE","FALSE","annual","TRUE","2023-10","2023-10","2023-10-22",\N
"S-4a0cb3","A-a1b80b","Enterprise","22","0.00","0.00","TRUE","FALSE","FALSE","TRUE","monthly","TRUE","2024-03","2024-05","2024-05-16","2024-08-04"
"S-77c880","A-40906c","Pro","92","4508.00","54096.00","FALSE","FALSE","FALSE","FALSE","annual","TRUE","2024-05","2024-12","2024-12-01",\N
"S-f8ee6e","A-ed510f","Enterprise","42","0.00","0.00","TRUE","FALSE","FALSE","FALSE","monthly","TRUE","2023-03","2023-04","2023-04-19",\N
"S-c7b793","A-90a8c8","Pro","23","1127.00","13524.00","FALSE","FALSE","FALSE","FALSE","monthly","TRUE","2024-08","2024-11","2024-11-07",\N
"S-e7f571","A-9affe6","Basic","7","133.00","1596.00","FALSE","FALSE","FALSE","TRUE","monthly","TRUE","2023-04","2023-06","2023-06-06","2024-12-11"
"S-611bf8","A-df10db","Enterprise","2","398.00","4776.00","FALSE","FALSE","FALSE","FALSE","annual","TRUE","2023-08","2023-09","2023-09-08",\N
"S-f3979e","A-9c18c4","Pro","11","539.00","6468.00","FALSE","FALSE","FALSE","FALSE","annual","TRUE","2023-08","2023-12","2023-12-15",\N
"S-409beb","A-7988d1","Basic","33","0.00","0.00","TRUE","FALSE","FALSE","FALSE","annual","TRUE","2024-03","2024-03","2024-03-12",\N
"S-0896bc","A-9779ad","Enterprise","40","7960.00","95520.00","FALSE","FALSE","FALSE","FALSE","monthly","FALSE","2024-04","2024-12","2024-12-16",\N
"S-e09e04","A-fda07f","Enterprise","14","2786.00","33432.00","FALSE","TRUE","FALSE","FALSE","annual","TRUE","2024-08","2024-08","2024-08-24",\N
"S-293a1f","A-40de06","Pro","28","1372.00","16464.00","FALSE","FALSE","FALSE","FALSE","monthly","FALSE","2023-06","2024-05","2024-05-17",\N
"S-b56884","A-c1dfe1","Enterprise","41","8159.00","97908.00","FALSE","FALSE","FALSE","FALSE","annual","TRUE","2023-10","2024-07","2024-07-26",\N
"S-5f8ad0","A-dfbd31","Basic","24","456.00","5472.00","FALSE","FALSE","FALSE","FALSE","annual","TRUE","2023-12","2024-08","2024-08-08",\N
"S-713c12","A-8ed5dd","Basic","15","285.00","3420.00","FALSE","FALSE","TRUE","FALSE","monthly","TRUE","2023-08","2024-11","2024-11-27",\N
"S-e74ca1","A-59f724","Basic","3","0.00","0.00","TRUE","FALSE","FALSE","FALSE","monthly","FALSE","2024-01","2024-08","2024-08-24",\N
"S-b6a35b","A-59f724","Pro","19","931.00","11172.00","FALSE","FALSE","FALSE","FALSE","monthly","TRUE","2024-01","2024-05","2024-05-08",\N
"S-711528","A-a7bd4b","Basic","18","342.00","4104.00","FALSE","FALSE","FALSE","FALSE","monthly","TRUE","2023-03","2024-09","2024-09-25",\N
"S-101401","A-08e34e","Pro","58","2842.00","34104.00","FALSE","FALSE","FALSE","FALSE","monthly","TRUE","2024-07","2024-12","2024-12-05",\N
"S-155934","A-4a4c2d","Pro","54","0.00","0.00","TRUE","FALSE","FALSE","FALSE","annual","TRUE","2023-07","2024-04","2024-04-16",\N
"S-535bd1","A-d792a6","Pro","9","0.00","0.00","TRUE","FALSE","FALSE","FALSE","monthly","FALSE","2023-02","2023-03","2023-03-18",\N
"S-42bbe0","A-2e3bad","Basic","61","0.00","0.00","TRUE","FALSE","FALSE","FALSE","annual","TRUE","2023-08","2024-10","2024-10-09",\N
"S-09076d","A-87aa7b","Pro","51","2499.00","29988.00","FALSE","TRUE","FALSE","FALSE","monthly","TRUE","2024-05","2024-12","2024-12-23",\N
"S-d302e2","A-bd4708","Enterprise","37","7363.00","88356.00","FALSE","FALSE","FALSE","FALSE","annual","TRUE","2024-07","2024-08","2024-08-31",\N
"S-f9a56a","A-0be015","Basic","24","456.00","5472.00","FALSE","FALSE","FALSE","FALSE","monthly","FALSE","2024-10","2024-11","2024-11-19",\N
"S-f783b6","A-2d4502","Enterprise","7","1393.00","16716.00","FALSE","FALSE","FALSE","FALSE","monthly","TRUE","2024-04","2024-08","2024-08-31",\N
"S-6d9705","A-726cfa","Enterprise","11","2189.00","26268.00","FALSE","FALSE","FALSE","FALSE","annual","TRUE","2023-07","2024-03","2024-03-25",\N
"S-93ab2d","A-f17767","Basic","2","38.00","456.00","FALSE","FALSE","FALSE","FALSE","annual","TRUE","2023-02","2023-05","2023-05-02",\N
"S-617065","A-a45270","Enterprise","3","597.00","7164.00","FALSE","TRUE","FALSE","FALSE","annual","TRUE","2024-07","2024-10","2024-10-01",\N
"S-329803","A-1f0ac7","Basic","34","646.00","7752.00","FALSE","FALSE","FALSE","FALSE","monthly","FALSE","2023-12","2024-04","2024-04-29",\N
"S-677801","A-80eeb6","Enterprise","89","17711.00","212532.00","FALSE","FALSE","FALSE","FALSE","monthly","TRUE","2023-07","2024-05","2024-05-02",\N
"S-3092cb","A-6a4e2d","Enterprise","22","4378.00","52536.00","FALSE","FALSE","FALSE","FALSE","annual","TRUE","2023-05","2023-08","2023-08-03",\N
"S-f9469c","A-781cc0","Enterprise","12","2388.00","28656.00","FALSE","TRUE","FALSE","FALSE","monthly","TRUE","2024-09","2024-09","2024-09-04",\N
"S-c13970","A-59f724","Basic","36","684.00","8208.00","FALSE","FALSE","FALSE","FALSE","monthly","TRUE","2024-01","2024-06","2024-06-27",\N
"S-c1c6ca","A-856b1e","Pro","36","1764.00","21168.00","FALSE","FALSE","FALSE","FALSE","monthly","TRUE","2023-11","2024-02","2024-02-03",\N
"S-966a44","A-f5641b","Enterprise","31","6169.00","74028.00","FALSE","TRUE","TRUE","TRUE","monthly","TRUE","2024-04","2024-04","2024-04-21","2024-07-22"
"S-aef0c5","A-e1b9cd","Basic","40","760.00","9120.00","FALSE","FALSE","FALSE","FALSE","monthly","TRUE","2023-03","2024-05","2024-05-22",\N
"S-6ca9be","A-e888d1","Basic","54","1026.00","12312.00","FALSE","FALSE","FALSE","FALSE","annual","TRUE","2023-05","2023-05","2023-05-11",\N
"S-f7b2fc","A-f446b6","Enterprise","13","2587.00","31044.00","FALSE","FALSE","FALSE","TRUE","monthly","TRUE","2023-05","2024-07","2024-07-25","2024-10-13"
"S-9c414f","A-0a282f","Pro","2","98.00","1176.00","FALSE","FALSE","FALSE","FALSE","annual","TRUE","2024-08","2024-12","2024-12-27",\N
"S-4b9226","A-798a3f","Enterprise","13","2587.00","31044.00","FALSE","FALSE","FALSE","FALSE","monthly","FALSE","2023-12","2024-10","2024-10-11",\N
"S-72fa62","A-4c56c9","Enterprise","27","5373.00","64476.00","FALSE","FALSE","FALSE","FALSE","annual","TRUE","2024-05","2024-09","2024-09-03",\N
"S-4fe9b6","A-8bde0c","Pro","25","1225.00","14700.00","FALSE","FALSE","FALSE","TRUE","annual","TRUE","2024-11","2024-12","2024-12-19","2024-12-30"
"S-7c635b","A-92a333","Enterprise","33","6567.00","78804.00","FALSE","FALSE","FALSE","FALSE","annual","TRUE","2023-08","2023-08","2023-08-15",\N
"S-c158df","A-fa2041","Enterprise","18","3582.00","42984.00","FALSE","FALSE","FALSE","FALSE","monthly","TRUE","2024-06","2024-10","2024-10-27",\N
"S-b49c0a","A-db5e9e","Pro","23","1127.00","13524.00","FALSE","FALSE","FALSE","FALSE","monthly","FALSE","2024-11","2024-12","2024-12-05",\N
"S-42822d","A-443f6f","Pro","25","1225.00","14700.00","FALSE","FALSE","FALSE","FALSE","annual","TRUE","2024-12","2024-12","2024-12-15",\N
"S-432401","A-c7ffc2","Pro","132","6468.00","77616.00","FALSE","FALSE","FALSE","FALSE","monthly","TRUE","2023-05","2023-05","2023-05-25",\N
"S-71fc3d","A-ccb686","Enterprise","10","1990.00","23880.00","FALSE","FALSE","FALSE","FALSE","monthly","TRUE","2024-02","2024-12","2024-12-06",\N
